Id,Predicted
1_939,0.8972720736524852
1_940,0.9134911415615903
1_941,0.9082261360911905
1_942,0.9094688315110521
1_943,0.9027322771267695
1_944,0.9056063075128401
1_945,0.9048015065285661
1_946,0.9072555046137808
1_947,0.8996365573359911
1_948,0.90147634519012
1_949,0.8911754244328073
1_950,0.9050252132102092
1_951,0.9030441123925267
1_952,0.9079478068388107
1_953,0.9128462459836101
1_954,0.9033813144304547
1_955,0.8944232059732664
1_956,0.8859374149883174
1_957,0.8781128015128139
1_958,0.8732644409581352
1_959,0.8658943090579483
1_960,0.8766349673245665
1_961,0.8746236220137539
1_962,0.8650327270017693
1_963,0.8738933134525796
1_964,0.8819317431745574
1_965,0.8803627245723097
1_966,0.8736698130149001
1_967,0.8628990872440828
1_968,0.8435161641899594
1_969,0.8118985114804923
1_970,0.7961759894743652
1_971,0.7817250947425812
1_972,0.76925153544699
1_973,0.7614209132436911
1_974,0.7539451191558851
1_975,0.7425563757610874
1_976,0.7333795198578618
1_977,0.7332990437369739
1_978,0.7309101179885817
1_979,0.7299081474639711
1_980,0.7231719671189403
1_981,0.7100827893814257
1_982,0.6915243863597429
1_983,0.683559674388875
1_984,0.6721426551848877
1_985,0.6654027575912712
1_986,0.6544084554456215
1_987,0.6495245316826305
1_988,0.6454901064318526
1_989,0.6696605231349297
1_990,0.6969549373650904
1_991,0.6983843716779141
1_992,0.6994779714517497
1_993,0.7357817628135419
1_994,0.7277985836242415
1_995,0.7116096802111986
1_996,0.6978622694573702
1_997,0.6856021742929613
1_998,0.6390181191674555
1_999,0.5956945129585671
1_1000,0.591498996866781
1_1001,0.5875282507795888
1_1002,0.5449933935039798
1_1003,0.5408457489528274
1_1004,0.5330140832592108
1_1005,0.5381874195403723
1_1006,0.5438915829072771
1_1007,0.5472132885276129
1_1008,0.540759478393873
1_1009,0.5310112875362618
1_1010,0.5314227947615582
1_1011,0.5758630472903425
1_1012,0.573342564523499
1_1013,0.5684984808370664
1_1014,0.5584562949319217
1_1015,0.5448402712943294
1_1016,0.5309848672204504
1_1017,0.5231923985909008
1_1018,0.5152162139736491
1_1019,0.514159407179956
1_1020,0.47046105521112297
1_1021,0.466914087129233
1_1022,0.4581822392068424
1_1023,0.44593484827223373
1_1024,0.43451502848742224
1_1025,0.4869246492907679
1_1026,0.46366152046672304
1_1027,0.5080149824767919
1_1028,0.5071526467494188
1_1029,0.5101460282042578
1_1030,0.5051796592414746
1_1031,0.5009287154565811
1_1032,0.4984307369447704
1_1033,0.49686893965025936
1_1034,0.49466298409463383
1_1035,0.4945094532507733
1_1036,0.4300822118032348
1_1037,0.4253747519879861
1_1038,0.42032491761153973
1_1039,0.4108741393043375
1_1040,0.4047335098590355
1_1041,0.3992936404306519
1_1042,0.38616676594554655
1_1043,0.3128287804545209
1_1044,0.30934905029760124
1_1045,0.3032267966666515
1_1046,0.3603004743960022
1_1047,0.3584059053956877
1_1048,0.3709917220344316
1_1049,0.3723366720522265
1_1050,0.3657640706747428
1_1051,0.3651089584137263
1_1052,0.36519066525040794
1_1053,0.36740697726889576
1_1054,0.44047343330964317
1_1055,0.3736148475529711
1_1056,0.3781411632249204
1_1057,0.3835561206583262
1_1058,0.3900183704265382
1_1059,0.40025569354705437
1_1060,0.4104048193297415
1_1061,0.41005096097501464
1_1062,0.40515375948714927
1_1063,0.338871861642035
1_1064,0.3451000688826808
1_1065,0.3408829317772272
1_1066,0.3352535860040745
1_1067,0.32973098972640424
1_1068,0.3213609686175065
1_1069,0.3742203104501101
1_1070,0.36153498031673753
1_1071,0.3586832874786565
1_1072,0.3587719259044723
1_1073,0.3631336892343764
1_1074,0.35822887687137644
1_1075,0.3544723484783118
1_1076,0.352262979554637
1_1077,0.35253866793421446
1_1078,0.2871910173597828
1_1079,0.29017533442569654
1_1080,0.28852971596422705
1_1081,0.2876560545563988
1_1082,0.2851061382545516
1_1083,0.28867723829066905
1_1084,0.28349014529161043
1_1085,0.2789206257940578
1_1086,0.2801602408557582
1_1087,0.2809257259351349
1_1088,0.27748907066719125
1_1089,0.27742368650472543
1_1090,0.28129808842572973
1_1091,0.287585926467597
1_1092,0.2849848516784526
1_1093,0.2780132188530058
1_1094,0.2779771408832993
1_1095,0.2835560888201068
1_1096,0.2828281150553931
1_1097,0.28536790954134805
1_1098,0.28563763635821876
1_1099,0.2811247694912877
1_1100,0.34503150587682474
1_1101,0.3410462776016826
1_1102,0.3376746201810176
1_1103,0.33617335808471527
1_1104,0.34213811311824766
1_1105,0.3492717779090514
1_1106,0.3480929212125033
1_1107,0.3529379284767423
1_1108,0.35964315805197256
1_1109,0.29114065307997056
1_1110,0.36863120985449827
1_1111,0.3828882642556887
1_1112,0.3838642595419258
1_1113,0.385957867555908
1_1114,0.38863981316959484
1_1115,0.3775059231784381
1_1116,0.44091475947645015
1_1117,0.4352289724190351
1_1118,0.43767848513869345
1_1119,0.37442829932859045
1_1120,0.3643885740089294
1_1121,0.36069100763705775
1_1122,0.3601912766741716
1_1123,0.35816610772807905
1_1124,0.4201139584029339
1_1125,0.3397131138189468
1_1126,0.3288448463585176
1_1127,0.32799995114426317
1_1128,0.32240115545929
1_1129,0.31752030675130916
1_1130,0.319605237241291
1_1131,0.31131802120817886
1_1132,0.31255403580264973
1_1133,0.24999206038085847
1_1134,0.2502120485425458
1_1135,0.2491866301485943
1_1136,0.2496819804421978
1_1137,0.24757101895951636
1_1138,0.3208587630060198
1_1139,0.31327345083696173
1_1140,0.30799891961871806
1_1141,0.3077490528918638
1_1142,0.3073211606736465
1_1143,0.3063465911914747
1_1144,0.30572966880232544
1_1145,0.3075345536074914
1_1146,0.31527542890572147
1_1147,0.24861426272015946
1_1148,0.24898879249350206
1_1149,0.24837547623768455
1_1150,0.2459150684824444
1_1151,0.24223025165129808
1_1152,0.31685806815921486
1_1153,0.3053250765831155
1_1154,0.2922646120973974
1_1155,0.2836810394752642
1_1156,0.2774949697560215
1_1157,0.2746743126726687
1_1158,0.27248945208758035
1_1159,0.27610481931544956
1_1160,0.27662062157405015
1_1161,0.195454489870625
1_1162,0.19877397395339957
1_1163,0.20110448224520722
1_1164,0.20146226149037885
1_1165,0.1981470441795198
1_1166,0.19168336963111038
1_1167,0.18037878903592688
1_1168,0.17096246867802034
1_1169,0.17129388713384547
1_1170,0.17666885518354689
1_1171,0.1750144733304984
1_1172,0.17743893500326466
1_1173,0.1807812197681534
1_1174,0.18470386501062394
1_1175,0.2646119212575879
1_1176,0.2684539975853567
1_1177,0.2729811116335028
1_1178,0.27766575678733985
1_1179,0.283863159983516
1_1180,0.28586855052200005
1_1181,0.2871300115154643
1_1182,0.28907740591165904
1_1183,0.2925818766373831
1_1184,0.2165418063365908
1_1185,0.22192825673569688
1_1186,0.2290376566572284
1_1187,0.23910440767980845
1_1188,0.24048408412265398
1_1189,0.24554196983541274
1_1190,0.24121925618426296
1_1191,0.23836947860744645
1_1192,0.31638349055826454
1_1193,0.32138424394891785
1_1194,0.3222396088401197
1_1195,0.3197287997891279
1_1196,0.32270406017370845
1_1197,0.3250955569399712
1_1198,0.317153682022781
1_1199,0.39050364210057464
1_1200,0.3934463226627681
1_1201,0.3302367900364968
1_1202,0.3995701113755519
1_1203,0.3995016322694594
1_1204,0.39719913016690894
1_1205,0.39527446006145933
1_1206,0.47225950320499327
1_1207,0.4601462317830672
1_1208,0.3703463784083834
1_1209,0.36852034921853244
1_1210,0.3669842431857329
1_1211,0.29038018090981993
1_1212,0.28888161067858154
1_1213,0.2899891386287181
1_1214,0.2796078323543544
1_1215,0.21158852021514868
1_1216,0.2311093663992926
1_1217,0.21977294732516472
1_1218,0.20973648487583177
1_1219,0.21181685934028424
1_1220,0.21403077302323203
1_1221,0.2834346566589051
1_1222,0.27881004526913833
1_1223,0.27772392862067663
1_1224,0.27480140103532974
1_1225,0.27447283268505657
1_1226,0.27930156218004026
1_1227,0.2858710568524469
1_1228,0.2944578802372268
1_1229,0.2926725169189443
1_1230,0.223176980666386
1_1231,0.29325566034758344
1_1232,0.2939006213265535
1_1233,0.3707082588253203
1_1234,0.36892956240583974
1_1235,0.37802417975413205
1_1236,0.3774315400470505
1_1237,0.36996975723374437
1_1238,0.3715387301524926
1_1239,0.3813342186001601
1_1240,0.31321812019192047
1_1241,0.3971014732944786
1_1242,0.32633038794786984
1_1243,0.3277900274436018
1_1244,0.32766174907383
1_1245,0.3990380604913415
1_1246,0.46637442430188747
1_1247,0.45766424299646125
1_1248,0.4519101692746236
1_1249,0.44754664843861297
1_1250,0.36685630590633145
1_1251,0.37303029440833674
1_1252,0.3783605183097197
1_1253,0.380356445870712
1_1254,0.3015766774942214
1_1255,0.22376959982609052
1_1256,0.21126112909509526
1_1257,0.20060073649166837
1_1258,0.19917124104887357
1_1259,0.19979584363213945
1_1260,0.1881785661882612
1_1261,0.18051442529102912
1_1262,0.17210864296690137
1_1263,0.16815357589120228
1_1264,0.16557102284294922
1_1265,0.16713557713009944
1_1266,0.17013116375013893
1_1267,0.17004259958017948
1_1268,0.1725842940019278
1_1269,0.1802328561032438
1_1270,0.17982379861773942
1_1271,0.1900779072763509
1_1272,0.20223656526628392
1_1273,0.20293515767454703
1_1274,0.2812397040721729
1_1275,0.28105219509044926
1_1276,0.28315705398646196
1_1277,0.3663316083858651
1_1278,0.3680059761207553
1_1279,0.3673121884715789
1_1280,0.3687936775104091
1_1281,0.36914903586888065
1_1282,0.38053340822110987
1_1283,0.30451359128032623
1_1284,0.31589261174370226
1_1285,0.31619279617223855
1_1286,0.2453273772438192
1_1287,0.24843937990340198
1_1288,0.3317454143901667
1_1289,0.40526720882001055
1_1290,0.4027449180667773
1_1291,0.4081114186424073
1_1292,0.4069285923365093
1_1293,0.4078119818396303
1_1294,0.48864875771026867
1_1295,0.492145175405464
1_1296,0.4959167503144791
1_1297,0.4214908967643569
1_1298,0.3455282797346697
1_1299,0.3459193433338704
1_1300,0.3478718463568695
1_1301,0.3544721220912058
1_1302,0.3591812864209239
1_1303,0.28449488029824826
1_1304,0.2826690105074835
1_1305,0.2787334434855229
1_1306,0.28032181974003106
1_1307,0.28262759968617357
1_1308,0.3607597739162395
1_1309,0.359504579700926
1_1310,0.35580226036549717
1_1311,0.35294831602068377
1_1312,0.34794991216859605
1_1313,0.3420956246707253
1_1314,0.3366208034876926
1_1315,0.33281921798443825
1_1316,0.33089143256648
1_1317,0.25085803425740005
1_1318,0.23905561997900354
1_1319,0.2281737892657723
1_1320,0.22408400841733547
1_1321,0.22026968921880585
1_1322,0.29970297670296325
1_1323,0.292935343458844
1_1324,0.2822463108984686
1_1325,0.28051677552288196
1_1326,0.27879452979995456
1_1327,0.28069922374774586
1_1328,0.28695996194165274
1_1329,0.284146455519514
1_1330,0.2831124502018557
1_1331,0.19854266702545026
1_1332,0.2068014816286269
1_1333,0.29395788658222793
1_1334,0.2907457993650972
1_1335,0.28741679275517273
1_1336,0.29730392936103966
1_1337,0.29590439050984035
1_1338,0.3641883642308688
1_1339,0.36117574694589044
1_1340,0.35961077464624785
1_1341,0.35786294456229345
1_1342,0.3570086236325512
1_1343,0.35840276701204327
1_1344,0.36520703543446803
1_1345,0.3715530305705942
1_1346,0.3766834677235801
1_1347,0.2988846490873102
1_1348,0.294431197613645
1_1349,0.2914675666526872
1_1350,0.2983896506156529
1_1351,0.21921494856997753
1_1352,0.22137951350547835
1_1353,0.21699337279906933
1_1354,0.21749052583086675
1_1355,0.22317827722874575
1_1356,0.22425129133922847
1_1357,0.2205882198265484
1_1358,0.2214019973765311
1_1359,0.22002019584866067
1_1360,0.3015468689093272
1_1361,0.3028108799941903
1_1362,0.3014042375274405
1_1363,0.3002660733642179
1_1364,0.30303732227328917
1_1365,0.3019145135744719
1_1366,0.3031402251279628
1_1367,0.3016103433807823
1_1368,0.30494647668731983
1_1369,0.2245199195513244
1_1370,0.22526047155687592
1_1371,0.226140363169443
1_1372,0.22778885020731166
1_1373,0.22739175742906034
1_1374,0.22685195114536646
1_1375,0.22067943927679046
1_1376,0.21404847042661607
1_1377,0.20961560619816696
1_1378,0.20727905064855215
1_1379,0.20178201352716768
1_1380,0.19517349742606
1_1381,0.19205937297302966
1_1382,0.18784781652516408
1_1383,0.18126299932401257
1_1384,0.17561299406591227
1_1385,0.1732408809540736
1_1386,0.17200142777473215
1_1387,0.1723142441642853
1_1388,0.1787181978673527
1_1389,0.18692753478590116
1_1390,0.18547292159584003
1_1391,0.1849791431610353
1_1392,0.18904713827598374
1_1393,0.1952370416759653
1_1394,0.2805224894864979
1_1395,0.2787194399674453
1_1396,0.27821461814816956
1_1397,0.27844559835153315
1_1398,0.2804868505270995
1_1399,0.27833182765377584
1_1400,0.27787468321738806
1_1401,0.2764017173274141
1_1402,0.2747867882139949
1_1403,0.19265676155480185
1_1404,0.20366411241964025
1_1405,0.2153124982756693
1_1406,0.21559935753994874
1_1407,0.21759670539723175
1_1408,0.2189659721350579
1_1409,0.2079628640603841
1_1410,0.2828335596546935
1_1411,0.2832346144577224
1_1412,0.2845050624761324
1_1413,0.2830043239881005
1_1414,0.28035826494688265
1_1415,0.28100306564610034
1_1416,0.2745609411548371
1_1417,0.2724210621966332
1_1418,0.2691129049288421
1_1419,0.18457565977729867
1_1420,0.1840956476418678
1_1421,0.18197446572266074
1_1422,0.17947757310118523
1_1423,0.17897704165352057
1_1424,0.17798026317717974
1_1425,0.17311658194030713
1_1426,0.16583517538058526
1_1427,0.16834621906711833
1_1428,0.17280609226612706
1_1429,0.1741666970967288
1_1430,0.17974865544114726
1_1431,0.18247890091820376
1_1432,0.18292755033861396
1_1433,0.1816043677662238
1_1434,0.18071041371294996
1_1435,0.1813861974933077
1_1437,0.1826862678284222
1_1438,0.1803517080785557
2_0,0.3081014671795166
2_1,0.30075724873313087
2_2,0.2954424934715598
2_3,0.2918548274722599
2_4,0.28798048600748577
2_5,0.2772962544463677
2_6,0.27198072699200765
2_7,0.2752565043863247
2_8,0.2751951908111373
2_9,0.27433924046026154
2_10,0.3486587941201827
2_11,0.34591510366919964
2_12,0.42148627087126717
2_13,0.42733469078724523
2_14,0.43120273015903304
2_15,0.43077758965217544
2_16,0.42622797096948395
2_17,0.4237095242448341
2_18,0.42613429271007963
2_19,0.4232828918645132
2_20,0.4336001933600569
2_21,0.3716886036877491
2_22,0.383697527990656
2_23,0.40092414961618794
2_24,0.4016180955962409
2_25,0.39366557294089916
2_26,0.45456050663483993
2_27,0.454280977099948
2_28,0.45400358843244837
2_29,0.4545804712264463
2_30,0.4499775983610247
2_31,0.4501623121011932
2_32,0.44797534110097154
2_33,0.5211817295949286
2_34,0.5100394983494925
2_35,0.425590305707617
2_36,0.42479205708980466
2_37,0.34904485724152307
2_38,0.346308830591813
2_39,0.3477239865033054
2_40,0.34786543542517606
2_41,0.3413407402258047
2_42,0.25534926821346493
2_43,0.24977722379960454
2_44,0.25434285509904986
2_45,0.26505263210355695
2_46,0.26988941193174887
2_47,0.2738164320820678
2_48,0.26778874334411396
2_49,0.26061565231299433
2_50,0.3382632794742742
2_51,0.337913652381354
2_52,0.3302471690564912
2_53,0.32046922577534115
2_54,0.30927218376664983
2_55,0.30338359903800266
2_56,0.2966458124718973
2_57,0.29150906710208446
2_58,0.29645458986766804
2_59,0.22228145378645553
2_60,0.22677843522406813
2_61,0.2396221623385331
2_62,0.2539179853488158
2_63,0.26980069558533537
2_64,0.34166907488850484
2_65,0.4086149842210141
2_66,0.4824159595331333
2_67,0.47361629747498524
2_68,0.5584797779569316
2_69,0.5549792577868325
2_70,0.5492115722078715
2_71,0.5433256607888037
2_72,0.54094751366481
2_73,0.46836763162994943
2_74,0.4777317849175419
2_75,0.4022969128478883
2_76,0.40557362918332696
2_77,0.33647255031264856
2_78,0.3426897596846252
2_79,0.40032324111140916
2_80,0.39874265685999843
2_81,0.3948532115735078
2_82,0.38463621801093584
2_83,0.29894467959067944
2_84,0.2895856875019036
2_85,0.2878667346968035
2_86,0.2852357579198716
2_87,0.2813477280648604
2_88,0.2068441346289846
2_89,0.1938734137896625
2_90,0.1934842285271395
2_91,0.2068861123217159
2_92,0.20855474933442866
2_93,0.20890112876782382
2_94,0.19883825534764607
2_95,0.19317965654806873
2_96,0.28305595560451785
2_97,0.29626761792606987
2_98,0.30248628471057404
2_99,0.3049144585278287
2_100,0.3063108876262526
2_101,0.3074071563904594
2_102,0.388669010582801
2_103,0.3897193281244769
2_104,0.3900811833179538
2_105,0.3103628879630268
2_106,0.30784976273051395
2_107,0.3064192869326931
2_108,0.3041535490771338
2_109,0.3053056746356651
2_110,0.3043746604728712
2_111,0.21979372496452648
2_112,0.20905163412184757
2_113,0.20520112099229074
2_114,0.20080805195454549
2_115,0.19809619141332926
2_116,0.1913352120418405
2_117,0.18072061618291768
2_118,0.1773757000144442
2_119,0.18318232225533213
2_120,0.19066950943259858
2_121,0.192664085588706
2_122,0.20278893547440557
2_123,0.20182972364354207
2_124,0.28539404473222124
2_125,0.29951725157300957
2_126,0.3749128990380728
2_127,0.4626673474996708
2_128,0.47043438550553307
2_129,0.47000216829367797
2_130,0.5509166145073733
2_131,0.5507645605326243
2_132,0.5483431146270744
2_133,0.5497905301636833
2_134,0.5530652126486676
2_135,0.4733245834549129
2_136,0.3966974846000724
2_137,0.40167096085726456
2_138,0.40572344913386243
2_139,0.32327439447403034
2_140,0.32173512234742646
2_141,0.3235825672062626
2_142,0.2458200665801266
2_143,0.24429450933805624
2_144,0.25101461699562144
2_145,0.24875259130851965
2_146,0.24254663107626154
2_147,0.2386334840272799
2_148,0.2304265806558221
2_149,0.22047755268218155
2_150,0.21082478347206046
2_151,0.2019873936650984
2_152,0.19557703148819713
2_153,0.18934093096107768
2_154,0.18577422419389905
2_155,0.18474618745398708
2_156,0.1855198658795793
2_157,0.18719413505075044
2_158,0.19056651923018475
2_159,0.19756805586001897
2_160,0.20493192890275172
2_161,0.20630682370950848
2_162,0.21224524465668473
2_163,0.21766116582696968
2_164,0.22114344648901638
2_165,0.30538406700201587
2_166,0.31073601910747245
2_167,0.3163999991434917
2_168,0.32008853176899926
2_169,0.3280638286389053
2_170,0.33443713294194033
2_171,0.3315409794729956
2_172,0.3252806146363482
2_173,0.3219564347726456
2_174,0.24110649754470484
2_175,0.317197597792277
2_176,0.31822222072438483
2_177,0.32206835512366416
2_178,0.31786788425015167
2_179,0.3125267170447023
2_180,0.2997315807774264
2_181,0.30022994424248917
2_182,0.3888343779856608
2_183,0.3875519443964232
2_184,0.31017378411590013
2_185,0.31072288042968654
2_186,0.31003032191691177
2_187,0.38879745795068993
2_188,0.3983802808941614
2_189,0.4074776874234917
2_190,0.3975523262882822
2_191,0.3096408510331603
2_192,0.30971403786771484
2_193,0.30968029780055684
2_194,0.38634903103025153
2_195,0.3968393112722583
2_196,0.3341684554416051
2_197,0.3191678908736863
2_198,0.3059244350295444
2_199,0.3021673418452943
2_200,0.3037938650500593
2_201,0.3815978330739299
2_202,0.37181563222742164
2_203,0.2812555948446444
2_204,0.2824614904821823
2_205,0.28528759435449486
2_206,0.29188692469118843
2_207,0.296753114816464
2_208,0.30891095632339727
2_209,0.3117881776496973
2_210,0.22813549642839753
2_211,0.23379725203891458
2_212,0.24697098608526175
2_213,0.25968133422391365
2_214,0.33834860171780384
2_215,0.3397225661244462
2_216,0.34193857287277857
2_217,0.3441980113977156
2_218,0.42525938789850976
2_219,0.42637427928221977
2_220,0.4237802154008283
2_221,0.42447134623205834
2_222,0.5025669465696345
2_223,0.4229816798973848
2_224,0.42152140437864727
2_225,0.41539675642152435
2_226,0.408306470847965
2_227,0.32399522611609805
2_228,0.31847513291784363
2_229,0.3051661245773183
2_230,0.2980593947368033
2_231,0.23287047850533923
2_232,0.2271539127762922
2_233,0.20906297455730646
2_234,0.19412486122085337
2_235,0.19243079732015425
2_236,0.27366748986508055
2_237,0.268004341638554
2_238,0.2640927640661059
2_239,0.26116172664311615
2_240,0.271334933961166
2_241,0.28677596735952027
2_242,0.29074747967372677
2_243,0.3692266678716957
2_244,0.3804090381281973
2_245,0.30819581506722776
2_246,0.39232600582022503
2_247,0.401162234594344
2_248,0.4095272411851514
2_249,0.413865115825091
2_250,0.41090661733167694
2_251,0.40432510798382437
2_252,0.31900662048985196
2_253,0.31588350412762184
2_254,0.32395677831634573
2_255,0.2682150797293543
2_256,0.27135002384784623
2_257,0.27361452021610333
2_258,0.26246675955244325
2_259,0.2558316887671681
2_260,0.3318859561378925
2_261,0.3224747354885761
2_262,0.3135499473385114
2_263,0.3107936917399855
2_264,0.30099667244153805
2_265,0.29390676910806746
2_266,0.2854955565437004
2_267,0.27884904369147945
2_268,0.2734091613380286
2_269,0.19938369522971824
2_270,0.2025891045182631
2_271,0.21510858836920574
2_272,0.2287895621063343
2_273,0.2388048878001423
2_274,0.24319700500660654
2_275,0.23697923236866986
2_276,0.23125211749873836
2_277,0.3061964027605806
2_278,0.30704909042936623
2_279,0.3109259811420172
2_280,0.3162003570308168
2_281,0.32062614840352494
2_282,0.31617527206254237
2_283,0.31384524428499194
2_284,0.3139611965601431
2_285,0.31367478749668387
2_286,0.24260715026556443
2_287,0.24378845946262442
2_288,0.24629929157692057
2_289,0.24652497824017097
2_290,0.2483206278268353
2_291,0.25222839079956844
2_292,0.24652098059586744
2_293,0.2450665764782276
2_294,0.2487872708469546
2_295,0.2503256079030689
2_296,0.2523859507887413
2_297,0.2631491763256084
2_298,0.2770997253848516
2_299,0.3486510801911388
2_300,0.3469513637020657
2_301,0.3499412816447591
2_302,0.3549326770974511
2_303,0.43182573426334
2_304,0.43714298374306465
2_305,0.4439644939069474
2_306,0.4457610881587115
2_307,0.44644049860014573
2_308,0.370705587874322
2_309,0.36936860724591764
2_310,0.36445728756251583
2_311,0.35715144362081375
2_312,0.2793806115681338
2_313,0.2707479062436168
2_314,0.2584572209102627
2_315,0.24863042069202188
2_316,0.2464370101451299
2_317,0.24324873170232117
2_318,0.23541961593476654
2_319,0.2337677571754469
2_320,0.23578068659722953
2_321,0.2438227376458741
2_322,0.25595708223460284
2_323,0.2562042975970098
2_324,0.2553567726704544
2_325,0.2554676037370959
2_326,0.2698004488174541
2_327,0.3540489629126091
2_328,0.3607267376087156
2_329,0.3763646550359473
2_330,0.3919191827378385
2_331,0.4021099859103825
2_332,0.4777920877428252
2_333,0.4969155384403822
2_334,0.5129979442682722
2_335,0.5829603714893498
2_336,0.5214724092304629
2_337,0.5324461790847805
2_338,0.537383501434209
2_339,0.5384474151911013
2_340,0.5379422690612319
2_341,0.47074013696904515
2_342,0.45481615063471426
2_343,0.43892754223820524
2_344,0.367709327736081
2_345,0.3566647027980674
2_346,0.3428085920121726
2_347,0.3264904035296074
2_348,0.3106315832833311
2_349,0.30066468970925586
2_350,0.2911476531912231
2_351,0.28456000800438086
2_352,0.2791313824109296
2_353,0.27803347436265236
2_354,0.2741124894521827
2_355,0.2692072780408566
2_356,0.3445810762049716
2_357,0.34395763876593866
2_358,0.3426066287690468
2_359,0.3432187805808144
2_360,0.3426138971819558
2_361,0.3375763255251558
2_362,0.335660648983516
2_363,0.3352506469776992
2_364,0.3443360354292758
2_365,0.28205671812106303
2_366,0.2899942435176293
2_367,0.29794942439754396
2_368,0.30863359493077525
2_369,0.3200316801028375
2_370,0.3939550671105962
2_371,0.3942282953351438
2_372,0.3975500607185655
2_373,0.40346367636637165
2_374,0.4074578656839052
2_375,0.4083015829894009
2_376,0.4080170764894586
2_377,0.4019621521190129
2_378,0.3966010388203139
2_379,0.32563591865379654
2_380,0.32807340463000295
2_381,0.3303197469975264
2_382,0.3277482545542024
2_383,0.3252199930321009
2_384,0.31793154123159867
2_385,0.3029037899862685
2_386,0.3692403966019359
2_387,0.36270819033801344
2_388,0.35734191594559894
2_389,0.3505447892160473
2_390,0.34650784280014446
2_391,0.34074387000976236
2_392,0.33717596601330413
2_393,0.34462397687011653
2_394,0.3549071380680557
2_395,0.28661608294042445
2_396,0.2876557705343998
2_397,0.29004100130236343
2_398,0.29393781627077853
2_399,0.3664384197470831
2_400,0.3710634779387806
2_401,0.36550238499464205
2_402,0.35934015250987594
2_403,0.3639896098417753
2_404,0.3703891076065769
2_405,0.37304531581661016
2_406,0.377450877135035
2_407,0.38354914985711736
2_408,0.31445828702467854
2_409,0.38812259226035895
2_410,0.3938603053417607
2_411,0.40043210465964824
2_412,0.41047480334783165
2_413,0.4185194328030039
2_414,0.41860418493583307
2_415,0.42035960056646
2_416,0.4235158120952413
2_417,0.4305984830315035
2_418,0.3710375181809447
2_419,0.3673024268036611
2_420,0.36365144991960363
2_421,0.3567051700130994
2_422,0.3476788446859454
2_423,0.4127654296631553
2_424,0.3898651632251606
2_425,0.37403650083738665
2_426,0.36601035701977247
2_427,0.3568534520571874
2_428,0.3542197006071044
2_429,0.3502883288280584
2_430,0.3509481133911648
2_431,0.35035378982017457
2_432,0.2855513602950727
2_433,0.2965646662753654
2_434,0.2931280680761945
2_435,0.28898907864894596
2_436,0.28049331892963697
2_437,0.28368783232835565
2_438,0.35363106381028636
2_439,0.33652013133747205
2_440,0.33990212818591625
2_441,0.3426583888038626
2_442,0.34013910305335743
2_443,0.4109486386996832
2_444,0.4198714583562735
2_445,0.43629662639627187
2_446,0.5130506775260719
2_447,0.4395659336300362
2_448,0.45239452417503356
2_449,0.4623958873177515
2_450,0.5341567888675085
2_451,0.5358276258760211
2_452,0.466291630222477
2_453,0.4536752780102134
2_454,0.5083608818939133
2_455,0.4440276034763042
2_456,0.45174353535942713
2_457,0.4571691839015021
2_458,0.45222128481368956
2_459,0.3750478422753025
2_460,0.37654866293947553
2_461,0.37042533294701835
2_462,0.3616199797815587
2_463,0.2932342372945225
2_464,0.2905691349659369
2_465,0.2741149963898126
2_466,0.2582132392086614
2_467,0.2502393238285415
2_468,0.2429174502130471
2_469,0.2278728123769681
2_470,0.2095742059085773
2_471,0.2014653104510511
2_472,0.19180116206962255
2_473,0.17766049781681084
2_474,0.17135454017090704
2_475,0.1626272001974882
2_476,0.15678843079533888
2_477,0.15341135837179415
2_478,0.1530262925835912
2_479,0.15422578112673183
2_480,0.15343177910383674
2_481,0.15402381369210802
2_482,0.15702360309548127
2_483,0.15659859191322797
2_484,0.15793939776697727
2_485,0.15971650544782567
2_486,0.16003559655049343
2_487,0.16752618134337513
2_488,0.1784566946150289
2_489,0.18309870876204118
2_490,0.18604156191845195
2_491,0.189647164591642
2_492,0.19288937804102768
2_493,0.2841253684908547
2_494,0.2912423816573872
2_495,0.2934348876198004
2_496,0.29323027860037887
2_497,0.29990334415943126
2_498,0.3097739312019973
2_499,0.3874540665855954
2_500,0.38815899376350027
2_501,0.38932243766552077
2_502,0.32108503971490443
2_503,0.4073660275119253
2_504,0.40956449684747576
2_505,0.4119318909856908
2_506,0.42412745791367057
2_507,0.43723171877841127
2_508,0.43679643480560304
2_509,0.4390343070034452
2_510,0.4401198808066734
2_511,0.4518017872236175
2_512,0.46448983538722827
2_513,0.46343774935093845
2_514,0.5257221007748012
2_515,0.5203099538567748
2_516,0.5191459806983952
2_517,0.5277212903163299
2_518,0.5264022370842196
2_519,0.5210292112617415
2_520,0.5287744635528419
2_521,0.45937832794398653
2_522,0.474830293646398
2_523,0.4745346609846515
2_524,0.46283613113824074
2_525,0.46556862889551726
2_526,0.39656552677313456
2_527,0.38845208689007066
2_528,0.44871663290276953
2_529,0.43590334537533565
2_530,0.42305668835901417
2_531,0.4263874558821134
2_532,0.35294826400224116
2_533,0.3537579149458354
2_534,0.3656798463036461
2_535,0.37560131221781773
2_536,0.38680817913090587
2_537,0.3875904462710302
2_538,0.37619157030220624
2_539,0.43849446966520284
2_540,0.4420952492483488
2_541,0.5170066180178851
2_542,0.5166461854905781
2_543,0.5068969627045098
2_544,0.5018609474296373
2_545,0.5058435919898663
2_546,0.4323101955927582
2_547,0.43722565253193174
2_548,0.3646030151083769
2_549,0.36443385424830027
2_550,0.29060569893611565
2_551,0.2928969813110118
2_552,0.285061250225126
2_553,0.2753227577746078
2_554,0.268350509720544
2_555,0.26241566599664456
2_556,0.2575357825907453
2_557,0.2549018375786879
2_558,0.25817263217630226
2_559,0.2650824849573668
2_560,0.26450469728759934
2_561,0.2663938322906915
2_562,0.26999198756758225
2_563,0.2697902158091226
2_564,0.35055418659753895
2_565,0.3555081780359252
2_566,0.3534799932710467
2_567,0.3473541827298392
2_568,0.33940924996764943
2_569,0.3337068156084573
2_570,0.40784354586756155
2_571,0.4059975260225331
2_572,0.4068435030381
2_573,0.3334334944440913
2_574,0.3327231505056561
2_575,0.33640288159761117
2_576,0.3411586312403061
2_577,0.3476141744998869
2_578,0.35135216800748914
2_579,0.2716162889144528
2_580,0.2690827215970898
2_581,0.2639310313390393
2_582,0.26096884443050755
2_583,0.25524368623267135
2_584,0.24725547470032244
2_585,0.23360555229659757
2_586,0.22057211406433969
2_587,0.21255407248439434
2_588,0.20250763482932413
2_589,0.19647486748014875
2_590,0.19917713473526844
2_591,0.20382281593770823
2_592,0.21346357141730507
2_593,0.2126542323285379
2_594,0.2291479414514139
2_595,0.31171520193916646
2_596,0.31807939390412154
2_597,0.39790405582606875
2_598,0.413973692171179
2_599,0.4289884541882583
2_600,0.5106108773144605
2_601,0.5179868426291331
2_602,0.5213113133084416
2_603,0.5174321281097001
2_604,0.4351946621467041
2_605,0.4263575611792766
2_606,0.35872571072370296
2_607,0.3503964186721624
2_608,0.3493428866027738
2_609,0.2802918209927938
2_610,0.25675417051007704
2_611,0.2500376845021821
2_612,0.3130313246820872
2_613,0.37524004348437573
2_614,0.38830222264814956
2_615,0.3914100338111241
2_616,0.3869883361667619
2_617,0.4695494912810465
2_618,0.4749140811306798
2_619,0.4890653612458884
2_620,0.5808782295169517
2_621,0.5039189294070571
2_622,0.42900825701000145
2_623,0.4287721158059583
2_624,0.4282540973564083
2_625,0.5012796393564519
2_626,0.42754695020899763
2_627,0.4192046861642468
2_628,0.4149973344160189
2_629,0.33206238997552384
2_630,0.3326306826033557
2_631,0.3352809455416336
2_632,0.32831726679683104
2_633,0.32440917031566274
2_634,0.2520024872924883
2_635,0.2422155234610985
2_636,0.22735259518133877
2_637,0.2224658714432144
2_638,0.21842185417120333
2_639,0.2281468626203856
2_640,0.22412495110846056
2_641,0.20683098373270653
2_642,0.19887509870699954
2_643,0.19321622594394278
2_644,0.18865825280172546
2_645,0.26115980581330633
2_646,0.2684331293190284
2_647,0.2716099870890725
2_648,0.280123318555414
2_649,0.27708128599128545
2_650,0.2780381120268075
2_651,0.27848523694698096
2_652,0.3581366673416353
2_653,0.4420242967563037
2_654,0.36018237952851406
2_655,0.3652660241558532
2_656,0.36876752138275093
2_657,0.36977725315924104
2_658,0.3785925364390858
2_659,0.3888086117152469
2_660,0.39047966299661335
2_661,0.31263610156943505
2_662,0.24202601376304075
2_663,0.2418985979299018
2_664,0.31082869186703715
2_665,0.3194046152242953
2_666,0.40377570240617
2_667,0.39345865947725545
2_668,0.38719414106046623
2_669,0.37672025039956847
2_670,0.3767983577198232
2_671,0.45670181441785657
2_672,0.456092702729724
2_673,0.3747714508222324
2_674,0.3735589470162934
2_675,0.29618033310786074
2_676,0.29462258650080964
2_677,0.296781383473632
2_678,0.2971693647309646
2_679,0.29884986220531695
2_680,0.23080333631376249
2_681,0.21845797266526482
2_682,0.22035934093943865
2_683,0.23570050790014785
2_684,0.2361581253657317
2_685,0.30843084840715695
2_686,0.2979419008174136
2_687,0.2904712567328502
2_688,0.37143646198222735
2_689,0.3736442108566182
2_690,0.37733882266508023
2_691,0.38089588160759835
2_692,0.38385970999336244
2_693,0.388032326412795
2_694,0.31583622447194887
2_695,0.32398389765788366
2_696,0.3237475758915829
2_697,0.2496595156215254
2_698,0.24683966668459822
2_699,0.24389442205961778
2_700,0.3043942089775386
2_701,0.2919016899090254
2_702,0.287749560856819
2_703,0.27613420766130053
2_704,0.2693352777317431
2_705,0.2667097983919055
2_706,0.26670456834792744
2_707,0.2669761439251843
2_708,0.26714307025154416
2_709,0.1844238653525362
2_710,0.18354377346857775
2_711,0.18090578542662836
2_712,0.18069723422783368
2_713,0.18212119620229617
2_714,0.18326225898327358
2_715,0.17676637410185347
2_716,0.1747153738510626
2_717,0.1801270743216039
2_718,0.18715083388497977
2_719,0.19302006350729561
2_720,0.2073201398904731
2_721,0.22037112583907822
2_722,0.2314056765548939
2_723,0.24466202627508374
2_724,0.25829917203102837
2_725,0.2680659317221953
2_726,0.27219509317256624
2_727,0.2779460894360854
2_728,0.29502625185697173
2_729,0.3013286852341691
2_730,0.305361936188754
2_731,0.30998910038790467
2_732,0.31635986719557524
2_733,0.3120104296753459
2_734,0.30542848749815543
2_735,0.30097447702709573
2_736,0.30257116079214197
2_737,0.3725417006787152
2_738,0.366317804829977
2_739,0.3571977408113863
2_740,0.35884438812049924
2_741,0.3604173826537956
2_742,0.4286010717417685
2_743,0.4253528688883843
2_744,0.42347413518930593
2_745,0.4202506639300297
2_746,0.4191271941767007
2_747,0.423162860875893
2_748,0.4327742576363136
2_749,0.43489796167158684
2_750,0.4365593946710231
2_751,0.3681342295005431
2_752,0.3562985335509672
2_753,0.4136521547583035
2_754,0.4129429909408529
2_755,0.3404273411464124
2_756,0.3427402342712413
2_757,0.3333781187043812
2_758,0.32741768862469867
2_759,0.32789211732602325
2_760,0.3275460104185438
2_761,0.3279051294889298
2_762,0.2539437199077399
2_763,0.26611419273815673
2_764,0.2754688131451442
2_765,0.27135412191372715
2_766,0.26872952808149025
2_767,0.3390854908190855
2_768,0.3280334417574795
2_769,0.39992005249231
2_770,0.3989601059111447
2_771,0.3991372776541657
2_772,0.39678724346239064
2_773,0.39528563754545193
2_774,0.39383111204836596
2_775,0.3941805989462968
2_776,0.3174577589188849
2_777,0.3272095784806269
2_778,0.2531769124500769
2_779,0.2510030655515883
2_780,0.2499582845333437
2_781,0.2516290135580374
2_782,0.31961349693871566
2_783,0.3170868750916071
2_784,0.3158625306532197
2_785,0.3170766281436911
2_786,0.31980731741628615
2_787,0.32649240719396666
2_788,0.33669542920385565
2_789,0.3413393535764981
2_790,0.3426625122385363
2_791,0.2661317138619406
2_792,0.2660652839495357
2_793,0.34428182152747366
2_794,0.3418809422449242
2_795,0.3399121825774417
2_796,0.34487519409799083
2_797,0.34225538283647355
2_798,0.3324548978130706
2_799,0.3318201819414592
2_800,0.3282374257152964
2_801,0.32476646374456597
2_802,0.325575415934587
2_803,0.32529534159507556
2_804,0.32191625251168604
2_805,0.3163479131183771
2_806,0.3128445518067308
2_807,0.3086821550026815
2_808,0.29516844258706876
2_809,0.2824175828706593
2_810,0.27713480571586124
2_811,0.18943551720248916
2_812,0.18630620607659987
2_813,0.18445684758680667
2_814,0.18390311791621938
2_815,0.19173079707098376
2_816,0.20245847266566175
2_817,0.19108275342633863
2_818,0.182531402499582
2_819,0.18535844153677491
2_820,0.1881456546659636
2_821,0.27120944079584475
2_822,0.2813423210748468
2_823,0.29020662998653285
2_824,0.3007494551623776
2_825,0.31246216088878925
2_826,0.3131876459376594
2_827,0.3141956073482338
2_828,0.38984205097396674
2_829,0.39008527847444396
2_830,0.39002766641894165
2_831,0.389924872242922
2_832,0.3896730803132721
2_833,0.38820464651076964
2_834,0.38888043702376907
2_835,0.3879782722735357
2_836,0.3795531941402817
2_837,0.28988621362374906
2_838,0.28664915867705293
2_839,0.21015059005984635
2_840,0.20703665961483106
2_841,0.20401953531109598
2_842,0.20184931372686624
2_843,0.19924682531473753
2_844,0.19948772825159256
2_845,0.187095979896127
2_846,0.17684921621374297
2_847,0.17900087402776066
2_848,0.17964135341961784
2_849,0.26181215841569605
2_850,0.261808702805992
2_851,0.2616819416719313
2_852,0.2613482628582298
2_853,0.25996642518583984
2_854,0.25838788015545683
2_855,0.2583621726357786
2_856,0.25492782461458247
2_857,0.2557423356635344
2_858,0.17702705291092602
2_859,0.18955929698721127
2_860,0.20025908458721284
2_861,0.2145666771224947
2_862,0.22877101075189843
2_863,0.2282809554062634
2_864,0.21241315299496671
2_865,0.27548377776780797
2_866,0.27607122019381725
2_867,0.35845180231330115
2_868,0.36105172096892185
2_869,0.3630317249271927
2_870,0.3662860717143043
2_871,0.36828700442996404
2_872,0.3707342202430066
2_873,0.3714334186672632
2_874,0.2895285593361437
2_875,0.2886700068029522
2_876,0.2092858116163991
2_877,0.21720268878437662
2_878,0.22652978169835788
2_879,0.2213899010212457
2_880,0.20379591062764335
2_881,0.18436688673081314
2_882,0.16680510387235226
2_883,0.24286326728027596
2_884,0.2518298368049881
2_885,0.2642846566013313
2_886,0.27832125063288493
2_887,0.2799455979499152
2_888,0.28185505854839504
2_889,0.3602392822435163
2_890,0.3648352884160526
2_891,0.45176366785119243
2_892,0.37243660434409837
2_893,0.3742256634687072
2_894,0.3764247934717994
2_895,0.38103795045100547
2_896,0.38459129770894923
2_897,0.38616408436951466
2_898,0.302171530837268
2_899,0.2957403233784501
2_900,0.22376721795508045
2_901,0.22573641953556509
2_902,0.2272651779453382
2_903,0.24182102745768042
2_904,0.2417976820170495
2_905,0.23025677684062743
2_906,0.2202317324777965
2_907,0.21116781049813987
2_908,0.21340605684700517
2_909,0.2934227350367489
2_910,0.29717777522816735
2_911,0.30868430839473415
2_912,0.3104752225730452
2_913,0.32178281705993705
2_914,0.3319120614855191
2_915,0.3327209936086906
2_916,0.41003544744073794
2_917,0.40627437736593874
2_918,0.32631256520548785
2_919,0.40612841434099817
2_920,0.40216723550543115
2_921,0.398310653884648
2_922,0.39343040017124836
2_923,0.38927897618231394
2_924,0.37605707925398535
2_925,0.2835636208004991
2_926,0.281045978060119
2_927,0.2802711846589548
2_928,0.20400374675715074
2_929,0.20495005576145245
2_930,0.20836059326454678
2_931,0.21005830291080888
2_932,0.2125203730604901
2_933,0.21432281504793924
2_934,0.20674787295203997
2_935,0.19713553703358852
2_936,0.19948438439921976
2_937,0.28334800539410465
2_938,0.28489316302853884
2_939,0.2839886410069229
2_940,0.285355752448932
2_941,0.28761201235562067
2_942,0.2916413937545239
2_943,0.29195717385486114
2_944,0.2984232546126267
2_945,0.2988449246600875
2_946,0.23402913880629378
2_947,0.24986235158648284
2_948,0.2551788775838301
2_949,0.26014038255280597
2_950,0.27274178738409416
2_951,0.28506218308073095
2_952,0.35587256832747727
2_953,0.35049459731260496
2_954,0.34972240060043414
2_955,0.3422454722962259
2_956,0.41170775676328264
2_957,0.4026664418512618
2_958,0.47492525490600035
2_959,0.47305904155039435
2_960,0.4698316031864176
2_961,0.3927785182867039
2_962,0.3991302168480009
2_963,0.4014604984371433
2_964,0.40939882351774504
2_965,0.33633645008625135
2_966,0.3443502632241821
2_967,0.2642974804258298
2_968,0.25629214613600565
2_969,0.25644212658836796
2_970,0.2548010029468888
2_971,0.23991171759986665
2_972,0.22948727158573437
2_973,0.21832275417900118
2_974,0.20894109994025659
2_975,0.2057199396154214
2_976,0.19630143539345912
2_977,0.1908290639779015
2_978,0.1839066846241995
2_979,0.17954501710430393
2_980,0.1751923311118632
2_981,0.17260559545663107
2_982,0.17225177089001417
2_983,0.17391783645562717
2_984,0.17422708368051984
2_985,0.17462680098328878
2_986,0.176390415167608
2_987,0.1816834488597249
2_988,0.18186065396967235
2_989,0.1843159337223433
2_990,0.1828255895188792
2_991,0.18403495004500217
2_992,0.18320672706487898
2_993,0.18746710588476764
2_994,0.1991910207926826
2_995,0.19861851673843736
2_996,0.19733932345950622
2_997,0.2017794992545737
2_998,0.2039521485779337
2_999,0.28750103289643353
2_1000,0.28908866230873814
2_1001,0.29342850787307895
2_1002,0.29795559481403383
2_1003,0.2992969412319847
2_1004,0.3066544940983541
2_1005,0.3159942365179003
2_1006,0.3221258500538924
2_1007,0.3332744221078114
2_1008,0.25847795273387525
2_1009,0.2671115017178758
2_1010,0.2716233790264251
2_1011,0.2742610535033532
2_1012,0.2739942948169517
2_1013,0.27037175620326276
2_1014,0.26124171174661276
2_1015,0.24714060820385012
2_1016,0.24128417393560547
2_1017,0.23905077350360307
2_1018,0.24165659029071737
2_1019,0.31891192830990034
2_1020,0.31164981285116
2_1021,0.3074038800197364
2_1022,0.38005861173251526
2_1023,0.37923316744795865
2_1024,0.45872723725901515
2_1025,0.46368198785788173
2_1026,0.47060530687695973
2_1027,0.47645154157703246
2_1028,0.396909127787142
2_1029,0.4067142873612248
2_1030,0.41454065567836
2_1031,0.3422638981529693
2_1032,0.3408920979306448
2_1033,0.2742479606643632
2_1034,0.2563107439779263
2_1035,0.30864994028408216
2_1036,0.30358794356655877
2_1037,0.3018264228018937
2_1038,0.302910658017181
2_1039,0.29147953761898987
2_1040,0.2804930020683784
2_1041,0.281807273655256
2_1042,0.2834601616007076
2_1043,0.3729540410613906
2_1044,0.30380406347922767
2_1045,0.3052902160851128
2_1046,0.3064518338589638
2_1047,0.3172151032529555
2_1048,0.3303770131935712
2_1049,0.40365472409897246
2_1050,0.3923560364218012
2_1051,0.3819170852178881
2_1052,0.303169390471581
2_1053,0.3800085865815659
2_1054,0.37758911211638346
2_1055,0.381738005769763
2_1056,0.3962418368875339
2_1057,0.4102131688113994
2_1058,0.32939774691874435
2_1059,0.32548845487041517
2_1060,0.33904170327040656
2_1061,0.35557408351770586
2_1062,0.35842574194967813
2_1063,0.3669179625381762
2_1064,0.3697915813572524
2_1065,0.3703351600590779
2_1066,0.4525928873728571
2_1067,0.45564283760783836
2_1068,0.45653174856789525
2_1069,0.4546936260629078
2_1070,0.532026254853973
2_1071,0.4656427050498173
2_1072,0.5412888415263218
2_1073,0.618471032114099
2_1074,0.6225006489453826
2_1075,0.5566588419840692
2_1076,0.5712835328920072
2_1077,0.5695949935958893
2_1078,0.5722637784811402
2_1079,0.5036587400884084
2_1080,0.511927220048618
2_1081,0.43871571353248445
2_1082,0.3667453143498983
2_1083,0.37353403528539464
2_1084,0.3775546272126171
2_1085,0.36169959182647565
2_1086,0.3514199096819801
2_1087,0.3329707272549413
2_1088,0.3242654002378743
2_1089,0.3064354974816054
2_1090,0.29388141291671827
2_1091,0.27933573176064064
2_1092,0.26473372456159766
2_1093,0.2506670601037588
2_1094,0.240062024588233
2_1095,0.2275504963529857
2_1096,0.22201852619099396
2_1097,0.2178527980999299
2_1098,0.21078799887760447
2_1099,0.20511116047103778
2_1100,0.20132687460563625
2_1101,0.19861807648028498
2_1102,0.19677528260078653
2_1103,0.1985425184780768
2_1104,0.20615232172442452
2_1105,0.2027906118209081
2_1106,0.20234880527107454
2_1107,0.20224636046851643
2_1108,0.20107041605880474
2_1109,0.2772938757683337
2_1110,0.2725828487573634
2_1111,0.2701937229577163
2_1112,0.2720498775995147
2_1113,0.2725151663633334
2_1114,0.27269938251827164
2_1115,0.27068856680726305
2_1116,0.2716989067163422
2_1117,0.2750168954223621
2_1118,0.19335072118178703
2_1119,0.2006922181931861
2_1120,0.20599052357902098
2_1121,0.20529647458148556
2_1122,0.20466446274999217
2_1123,0.20210569501035575
2_1124,0.19243275936400164
2_1125,0.1848494057514886
2_1126,0.18061421740695327
2_1127,0.18137908989552926
2_1128,0.18014926164312745
2_1129,0.17438546694739143
2_1130,0.18211025420088414
2_1131,0.1913964875820354
2_1132,0.1900053173268249
2_1133,0.2677749972937746
2_1134,0.2698735248476863
2_1135,0.2744156705402145
2_1136,0.3678094429113987
2_1137,0.3834220334627183
2_1138,0.3912643396661816
2_1139,0.3993527596181657
2_1140,0.4057791574563991
2_1141,0.41305243078153514
2_1142,0.41441771349157763
2_1143,0.4206415717172908
2_1144,0.42589235991041613
2_1145,0.3541637785080261
2_1146,0.36009769809075026
2_1147,0.3660627921560423
2_1148,0.36305229761767444
2_1149,0.3715244322055773
2_1150,0.3900284191922539
2_1151,0.31872421649389077
2_1152,0.3194945150610409
2_1153,0.33038995877140015
2_1154,0.338545178216809
2_1155,0.41417099389909895
2_1156,0.42128884950393336
2_1157,0.42134721962402094
2_1158,0.40894146402650994
2_1159,0.39933858422683294
2_1160,0.3975064559227858
2_1161,0.3959307873112414
2_1162,0.4613966383344231
2_1163,0.45053662087817825
2_1164,0.3730153644237039
2_1165,0.3672887868486759
2_1166,0.4428263974202565
2_1167,0.44268115174733086
2_1168,0.4496787650698116
2_1169,0.4462290815635778
2_1170,0.4325123960129024
2_1171,0.35135415077597376
2_1172,0.4203864866635769
2_1173,0.49482350061563357
2_1174,0.4953121841966549
2_1175,0.4219469780058879
2_1176,0.4205109880973668
2_1177,0.4118934102839682
2_1178,0.40804204352839807
2_1179,0.41336600128835455
2_1180,0.41783619987826015
2_1181,0.3341631833377084
2_1182,0.25373587169365697
2_1183,0.25752482878205
2_1184,0.27079827548797814
2_1185,0.28686404383230873
2_1186,0.2875821324221886
2_1187,0.2736306176188352
2_1188,0.2659004389761149
2_1189,0.2522996533921675
2_1190,0.3261206730340181
2_1191,0.32244254662720573
2_1192,0.32650279245904335
2_1193,0.33292196125722406
2_1194,0.33036331982074396
2_1195,0.3301299958400986
2_1196,0.33077909283973445
2_1197,0.34358190473708705
2_1198,0.4263023842447835
2_1199,0.3578081115171172
2_1200,0.35861328588981106
2_1201,0.35919420033825283
2_1202,0.35970734813730637
2_1203,0.43000232938075894
2_1204,0.4323716872025431
2_1205,0.4330763264761154
2_1206,0.43378900949504645
2_1207,0.37299329595150804
2_1208,0.38254263788840387
2_1209,0.39861559101214794
2_1210,0.4199496357621196
3_173,0.28116754279527045
3_174,0.2559949607746561
3_175,0.23925803966111597
3_176,0.2264280875160247
3_177,0.21667835107262956
3_178,0.2172298963230731
3_179,0.146550992812143
3_180,0.1483845640703536
3_181,0.14864549618459383
3_182,0.14808218063508244
3_183,0.14955357280893036
3_184,0.15315753757297298
3_185,0.14329383414911864
3_186,0.14510952296803353
3_187,0.15298538947993975
3_188,0.16884325719805782
3_189,0.17000033777105397
3_190,0.1851442345386744
3_191,0.19847654463871264
3_192,0.2657765851230171
3_193,0.3387738263363822
3_194,0.33330564888617814
3_195,0.3279006076639815
3_196,0.4074731286852367
3_197,0.4046424897763271
3_198,0.40048208877765157
3_200,0.40570671379973217
3_201,0.4133395680458636
3_202,0.33940279217673214
3_203,0.27032191305916525
3_204,0.2683431783168769
3_205,0.26839808974483154
3_206,0.26938220691448905
3_207,0.26776610608599544
3_208,0.25455530508746704
3_209,0.24948994909903258
3_210,0.23663063321602715
3_211,0.23594098325853127
3_212,0.2208155508297358
3_213,0.2219118748285125
3_214,0.23497707525975484
3_215,0.1639495541877089
3_216,0.16328001063442982
3_217,0.16082506004668212
3_218,0.15771328757770045
3_219,0.22145965111658963
3_220,0.21931206522590893
3_221,0.20776075832382904
3_222,0.1933557219082233
3_223,0.18937484878939514
3_224,0.18462893408829406
3_225,0.18279185522602726
3_226,0.1810944965005665
3_227,0.18019935248277458
3_228,0.10259405633142384
3_229,0.10127372744292301
3_230,0.10088884633147761
3_231,0.10121481873726154
3_232,0.10122002851199362
3_233,0.10152002549412681
3_234,0.08621752781544928
3_235,0.07174359649457875
3_236,0.07206843550701597
3_237,0.07221122385144012
3_238,0.07224396897311779
3_239,0.0725133090701643
3_240,0.07322914477896045
3_241,0.07383376833616835
3_242,0.07427519444209973
3_243,0.0773884508306464
3_244,0.08023697425690099
3_245,0.08353783461715926
3_246,0.08554242036276662
3_247,0.08516544594513517
3_248,0.0858155928520756
3_249,0.08835738908130282
3_250,0.08955042500135565
3_251,0.09180275398881886
3_252,0.09186545821738054
3_253,0.09206261651142975
3_254,0.09209132755066968
3_255,0.10567892008586911
3_256,0.12058710686595545
3_257,0.12098960618929398
3_258,0.12027458749546986
3_259,0.1196557574114782
3_260,0.11740515408229306
3_261,0.18620526907755391
3_262,0.18351963639813237
3_263,0.17959600389113153
3_264,0.17763681014671884
3_265,0.17633393343793075
3_266,0.1744956289368893
3_267,0.17515712725121516
3_268,0.17451025696172343
3_269,0.17396170739409628
3_270,0.10471547467684081
3_271,0.10642698459731324
3_272,0.10945847083717954
3_273,0.11197602476096101
3_274,0.11524668175995383
3_275,0.11997910847189013
3_276,0.10638990517656825
3_277,0.092539001183472
3_278,0.09479317944682844
3_279,0.09596344325139335
3_280,0.09704640158996476
3_281,0.09990772200820218
3_282,0.10170291816092768
3_283,0.10172721503949043
3_284,0.10216725107812326
3_285,0.1055739659281464
3_286,0.10957957992054823
3_287,0.12343332330382512
3_288,0.139291783436386
3_289,0.14188722775537718
3_290,0.1473231603565953
3_291,0.14697667530259348
3_292,0.15000171140837687
3_293,0.2165651945878004
3_294,0.2196525395445107
3_295,0.22583355958145704
3_296,0.23067699792110777
3_297,0.23533486044924262
3_298,0.24219906502112484
3_299,0.24892770599759126
3_300,0.2509558020405782
3_301,0.25325422480987
3_302,0.19359872148076684
3_303,0.2019899470503173
3_304,0.20803704349435603
3_305,0.21141647012968465
3_306,0.21370747755047256
3_307,0.20858599277056428
3_308,0.18901415492498974
3_309,0.1720398768282526
3_310,0.16630487014122744
3_311,0.15562083253829578
3_312,0.145773742346922
3_313,0.13866143164390876
3_314,0.1307677831713996
3_315,0.1222325652058413
3_316,0.1195370353187159
3_317,0.11631749397450082
3_318,0.11426959440317028
3_319,0.11319423739304103
3_320,0.11226458941898004
3_321,0.13220488570888947
3_322,0.15000375511103198
3_323,0.15426245415612566
3_324,0.15647303404931562
3_325,0.15394098045253318
3_326,0.1562340625457202
3_327,0.2270292972395287
3_328,0.230879480041558
3_329,0.23586662292186777
3_330,0.23925253142610192
3_331,0.24469265730010195
3_332,0.24595650253595827
3_333,0.2450003248882655
3_334,0.24830770943468813
3_335,0.25178632915234694
3_336,0.18237999907058267
3_337,0.18379333694015648
3_338,0.19696789530648712
3_339,0.21017227080949785
3_340,0.20609414917113686
3_341,0.20235576617325904
3_342,0.18412541581633288
3_343,0.1649917692128791
3_344,0.23977327519144526
3_345,0.22894367285185527
3_346,0.22037630636740888
3_347,0.21445695430610737
3_348,0.20815751857717674
3_349,0.2024004537216771
3_350,0.198268827151449
3_351,0.1970374930563103
3_352,0.19698945731414189
3_353,0.12377388476004281
3_354,0.12230153301007737
3_355,0.1370759371232315
3_356,0.15023286991984086
3_357,0.14812960645824494
3_358,0.14566859610039037
3_359,0.12786123117684986
3_360,0.10926366074700943
3_361,0.17987287827458298
3_362,0.176420393622748
3_363,0.1736264461835603
3_364,0.1704197529490084
3_365,0.1683084496634131
3_366,0.16965763253904514
3_367,0.16952347867892223
3_368,0.1706550893877468
3_369,0.17257425165056378
3_370,0.10388218908836784
3_371,0.10575703358209287
3_372,0.10619540686905954
3_373,0.10618727383084131
3_374,0.10969320881464334
3_375,0.10997184006132044
3_376,0.10840681356525074
3_377,0.10658762292650441
3_378,0.1045859581042641
3_379,0.10317113949607132
3_380,0.10193879517006262
3_381,0.10183017438369427
3_382,0.1715061318983324
3_383,0.1721089118575234
3_384,0.17310624058234692
3_385,0.17460793344600012
3_386,0.175050752314111
3_387,0.1735921626519422
3_388,0.17378159960024472
3_389,0.1741767336263671
3_390,0.1757559243887503
3_391,0.10539062097537875
3_392,0.10651556130161002
3_393,0.11064824384518761
3_394,0.1139603580998609
3_395,0.11308359943373852
3_396,0.11599365664072243
3_397,0.10682095586958085
3_398,0.09907399663708127
3_399,0.10357371254102501
3_400,0.10697178388336145
3_401,0.11367918812315149
3_402,0.11670648771959337
3_403,0.11562200999543507
3_404,0.11614190055590912
3_405,0.11531077388291999
3_406,0.11223228738299737
3_407,0.11141245395616646
3_408,0.11061709787793626
3_409,0.10728882984622551
3_410,0.10257663668486564
3_411,0.09871412509276704
3_412,0.09801180409884373
3_413,0.09458058164173924
3_414,0.10475880864464737
3_415,0.1172884052941876
3_416,0.11480854349293927
3_417,0.1132034025648489
3_418,0.11417270569578158
3_419,0.11620127238440815
3_420,0.18809230583520647
3_421,0.1839686470730025
3_422,0.19404028193981288
3_423,0.19659991701509902
3_424,0.21180784987876902
3_425,0.2144716463058371
3_426,0.21471053209114124
3_427,0.21481777550635645
3_428,0.29452989582857614
3_429,0.2949248112391364
3_430,0.2959761067511934
3_431,0.29817888035654344
3_432,0.3020819433850875
3_433,0.3038920561412269
3_434,0.3165465120605818
3_435,0.3176141877049948
3_436,0.3068365263509542
3_437,0.22978045518232382
3_438,0.16198469107759278
3_439,0.16198740627870745
3_440,0.22389216449935329
3_441,0.22032782900298942
3_442,0.21829460242868803
3_443,0.20267101513235322
3_444,0.2090111436215012
3_445,0.2051303988506013
3_446,0.20002821626476733
3_447,0.19924051615780533
3_448,0.21312513206577904
3_449,0.1651103340161908
3_450,0.2283385062100901
3_451,0.22976858762743235
3_452,0.23289793040723714
3_453,0.23446097675060804
3_454,0.307171072264082
3_455,0.297577009847619
3_456,0.28847258476597293
3_457,0.29100773435701444
3_458,0.29157908428158547
3_459,0.228141738997085
3_460,0.24445669609909093
3_461,0.24478669280803023
3_462,0.24672786156345258
3_463,0.18777563750231563
3_464,0.189790353177182
3_465,0.23868214918774422
3_466,0.22520740690520982
3_467,0.22885372279811322
3_468,0.2316259563740164
3_469,0.22001918264133244
3_470,0.21226919349865878
3_471,0.21288602737041867
3_472,0.2142298056072191
3_473,0.2186423647433274
3_474,0.14657570294578298
3_475,0.14982521857039618
3_476,0.15199342315742959
3_477,0.15538013373114548
3_478,0.17369616858009296
3_479,0.19133099385805533
3_480,0.17890473417440356
3_481,0.16658738974047865
3_482,0.168018735848152
3_483,0.1650220610595907
3_484,0.24373326209641466
3_485,0.2436416200368911
3_486,0.23789352192902832
3_487,0.2331275008559242
3_488,0.2268506097256883
3_489,0.21984849673846307
3_490,0.21459586966936225
3_491,0.20757400155386743
3_492,0.20152007017016443
3_493,0.1259337111413178
3_494,0.11744669050898206
3_495,0.11597563228465552
3_496,0.11473706048047398
3_497,0.11021161124408545
3_498,0.10855413082861307
3_499,0.0895929941717247
3_500,0.07449692663171174
3_501,0.07274403425294743
3_502,0.07052840797702131
3_503,0.06826540356610347
3_504,0.06715984198784845
3_505,0.07874723168756832
3_506,0.09361988079851837
3_507,0.093281748290567
3_508,0.11058774110670769
3_509,0.11806072916004842
3_510,0.1346206810771247
3_511,0.2052170074279427
3_512,0.20676350057361054
3_513,0.20564675166968543
3_514,0.28587758151433584
3_515,0.3754465288414843
3_516,0.3794397165973323
3_517,0.3822335748973704
3_518,0.3832702473366704
3_519,0.3829220836090902
3_520,0.29137714100190415
3_521,0.28898535807035125
3_522,0.28656347311082375
3_523,0.20611904029853542
3_524,0.1550374863527195
3_525,0.17139672343602946
3_526,0.15517115804363046
3_527,0.14005698997332983
3_528,0.14253925643791074
3_529,0.12855360578766983
3_530,0.19097386073097933
3_531,0.18258398108031793
3_532,0.18452649876120886
3_533,0.18803063375469295
3_534,0.18932749105648905
3_535,0.1912407898449216
3_536,0.19273873411830494
3_537,0.1921009565793601
3_538,0.19170133200005834
3_539,0.11868888339818552
3_540,0.1180543832766263
3_541,0.11837039574922424
3_542,0.11912805349536727
3_543,0.11918554666283693
3_544,0.11804308844329707
3_545,0.1003403904391231
3_546,0.08346724614154041
3_547,0.08298410798904957
3_548,0.08093090337672185
3_549,0.07852110085018324
3_550,0.07729587653515832
3_551,0.07571020821458636
3_552,0.07141943302041173
3_553,0.07016215216915879
3_554,0.0851320540696719
3_555,0.10028807803021011
3_556,0.09836303980325063
3_557,0.0981487652569646
3_558,0.09935028097241462
3_559,0.0969345340879517
3_560,0.17999229114870685
3_561,0.19555208364367507
3_562,0.1965612417847465
3_563,0.19776743218891638
3_564,0.20272307118439034
3_565,0.20430349119684726
3_566,0.2855041833007475
3_567,0.28912079529460777
3_568,0.2918118126799698
3_569,0.21222262987970306
3_570,0.21323879714619834
3_571,0.21685458365824925
3_572,0.222302958835288
3_573,0.22728364098378184
3_574,0.23229042611303322
3_575,0.1550955932100988
3_576,0.14315432792468336
3_577,0.15255325563233998
3_578,0.1634395859107892
3_579,0.17118069485397744
3_580,0.18177836681350878
3_581,0.18050849723085077
3_582,0.17772201986687164
3_583,0.19079214227205224
3_584,0.20943154833439298
3_585,0.21963518697607026
3_586,0.22185770854058007
3_587,0.23361750059572942
3_588,0.26407196731782534
3_589,0.27352157675623273
3_590,0.2694190276814405
3_591,0.2596408890370328
3_592,0.24696639896125183
3_593,0.22824801520805738
3_594,0.22276632667997096
3_595,0.21820736026945198
3_596,0.21071891244787233
3_597,0.19687732924221224
3_598,0.1965606482508222
3_599,0.21503925262544718
3_600,0.22902985933885103
3_601,0.24694498347939614
3_602,0.25295966237479073
3_603,0.26042429174427945
3_604,0.26778650987577374
3_605,0.33719732127407237
3_606,0.4117626219518601
3_607,0.4153817495427399
3_608,0.4167090244530899
3_609,0.4165155695354424
3_610,0.41851232343744416
3_611,0.4180665517231631
3_612,0.40845099251344463
3_613,0.41682665735360647
3_614,0.3615819995134579
3_615,0.3168277841156276
3_616,0.3116305906935597
3_617,0.29864136898881904
3_618,0.2932026426936764
3_619,0.34522255659324375
3_620,0.39264319354481947
3_621,0.3840156629731333
3_622,0.36895916100088144
3_623,0.3578621374783321
3_624,0.3509836478926009
3_625,0.34784892392178
3_626,0.3451302020792516
3_627,0.3342500311368448
3_628,0.25188743864766494
3_629,0.17568361000218757
3_630,0.1787177166153644
3_631,0.18434122083977275
3_632,0.1763140509404429
3_633,0.1709973879189098
3_634,0.15426250243907447
3_635,0.14736931992504212
3_636,0.19960583762320694
3_637,0.21072066189264635
3_638,0.22631905007927774
3_639,0.2266419433643704
3_640,0.2273428589579429
3_641,0.2310057453411041
3_642,0.24629339386354698
3_643,0.32700265702756826
3_644,0.33883371947695506
3_645,0.2676241977269354
3_646,0.26528502070198534
3_647,0.262538941523828
3_648,0.33444394692630774
3_649,0.41625872429688615
3_650,0.4159733357491133
3_651,0.40619409901008946
3_652,0.31294834552630374
3_653,0.31530469805510275
3_654,0.31517422607985923
3_655,0.31555173042280216
3_656,0.31859845770308426
3_657,0.242138654610657
3_658,0.15889878633599222
3_659,0.1421058186356505
3_660,0.14229686784863327
3_661,0.14354834936123864
3_662,0.14304898170479105
3_663,0.1326474725062437
3_664,0.12869506256200403
3_665,0.11816618813291323
3_666,0.12434388990829308
3_667,0.1330853920590656
3_668,0.14060061079830838
3_669,0.14562445951685707
3_670,0.14665219614890332
3_671,0.14828433447397288
3_672,0.1502026458662186
3_673,0.15091900694508306
3_674,0.14847085648411268
3_675,0.14690470644865553
3_676,0.14300282195052022
3_677,0.13705393071473765
3_678,0.13155211105544792
3_679,0.1267505961603222
3_680,0.13640703094814927
3_681,0.14554773908234586
3_682,0.14230824533306644
3_683,0.14025234659454078
3_684,0.13668367004306672
3_685,0.15081537179784207
3_686,0.22921441879133408
3_687,0.22692970572437315
3_688,0.2259206721944859
3_689,0.22492840437909967
3_690,0.2384476492689809
3_691,0.3259350545963539
3_692,0.3268270124957705
3_693,0.3274324011826546
3_694,0.3274245518117008
3_695,0.25585528991206685
3_696,0.32994566098118894
3_697,0.3318817025939131
3_698,0.3366219732765132
3_699,0.3414254556540918
3_700,0.2842833815759754
3_701,0.28800051294343787
3_702,0.2777226889625091
3_703,0.2940520975527104
3_704,0.31143958967585544
3_705,0.26904704302544613
3_706,0.3305490772557339
3_707,0.31635024659445987
3_708,0.33307949124439845
3_709,0.4128593427828991
3_710,0.4139497880481671
3_711,0.4720161727493004
3_712,0.46650278772712206
3_713,0.4690904940037246
3_714,0.557642874808803
3_715,0.48917649807880803
3_716,0.48457650977490957
3_717,0.47973775770431104
3_718,0.4053230684456343
3_719,0.3994669735366996
3_720,0.39950343760671775
3_721,0.37645865800338835
3_722,0.35437509002360096
3_723,0.28726123131882175
3_724,0.2689382228788756
3_725,0.2672136883938098
3_726,0.2671834863933487
3_727,0.2526695941442598
3_728,0.26807408671448246
3_729,0.20426021835415595
3_730,0.19201765357729567
3_731,0.2562094253240396
3_732,0.25720810895800805
3_733,0.26026179131801325
3_734,0.3345982696478976
3_735,0.3228383063794971
3_736,0.31152611011661807
3_737,0.31231538719951724
3_738,0.3140231236031397
3_739,0.30918086450052834
3_740,0.2268543007449992
3_741,0.22253853353355935
3_742,0.2171623425374123
3_743,0.1454161913249882
3_744,0.1402618686652784
3_745,0.1351843075417365
3_746,0.11799353136616451
3_747,0.10210169857989636
3_748,0.10386769528686396
3_749,0.09020026164673627
3_750,0.07887971181307978
3_751,0.07864795161730354
3_752,0.07887200007565986
3_753,0.07944851596692241
3_754,0.08041122969110348
3_755,0.07917914023822627
3_756,0.07533711630815144
3_757,0.07184859639804636
3_758,0.06953019539273006
3_759,0.06839055272758937
3_760,0.06815010611758542
3_761,0.07241436783612694
3_762,0.0744161809061814
3_763,0.07763933519649543
3_764,0.08077235260214105
3_765,0.08271379668099739
3_766,0.09932902215557768
3_767,0.11437040025427385
3_768,0.11410252771570216
3_769,0.11520186658308777
3_770,0.11717324189759154
3_771,0.11447986969326722
3_772,0.1891964859703771
3_773,0.18940806629214196
3_774,0.18984521155890383
3_775,0.18948923674500143
3_776,0.19356353848287922
3_777,0.2056472547093047
3_779,0.2178285079686059
3_780,0.21693562224518073
3_781,0.23118649376677786
3_782,0.18167736156833358
3_783,0.17553372618943114
3_784,0.2386324444268734
3_785,0.2366578183818887
3_786,0.23384936211391458
3_787,0.3071908947931701
3_788,0.2937019170952713
3_789,0.2935865613195087
3_790,0.30452947994673235
3_791,0.3046500401962652
3_792,0.30300877023802547
3_793,0.23176011415199677
3_794,0.2473102956117681
3_795,0.33081248289436715
3_796,0.2627606184705778
3_797,0.2623877356370372
3_798,0.259461530654988
3_799,0.2451462851790415
3_800,0.30115463162472245
3_801,0.30155179520431635
3_802,0.28738516351139737
3_803,0.2754922564322703
3_804,0.19938963217021427
3_805,0.20248412442270694
3_806,0.2021100576662698
3_807,0.2075418410406788
3_808,0.2065352945289946
3_809,0.14417175777976096
3_810,0.14417748434646052
3_811,0.1444029392405626
3_812,0.142364945567276
3_813,0.1431702069020658
3_814,0.14234800646976423
3_815,0.1270998395816246
3_816,0.17792977484647846
3_817,0.1786967313044444
3_819,0.17941587560308236
3_820,0.17875248327381046
3_821,0.17663770877424026
3_822,0.1758128328364818
3_823,0.1748945123700353
3_824,0.17408212958476538
3_825,0.17299589045607372
3_826,0.11687059132421998
3_827,0.13106539305459164
3_829,0.13125994641670646
3_830,0.12411619841095722
3_831,0.12246786060190988
3_832,0.11973466063374635
3_833,0.17263719868372696
3_834,0.1630294060826183
3_835,0.1643918187646179
3_836,0.1644975343601851
3_838,0.16802592790545529
3_839,0.16916298183001752
3_840,0.17143172536994072
3_841,0.1740184085988137
3_842,0.17849723176145885
3_843,0.0963040501208657
3_844,0.09560696991103625
3_846,0.09598935694241857
3_847,0.09783643951553245
3_848,0.09725940506266906
3_849,0.09799503128269645
3_850,0.08578786029213298
3_851,0.07724039973524097
3_852,0.08541863069113026
3_853,0.10097374783624863
3_854,0.1010785109017886
3_855,0.10209393231201883
3_856,0.10354707016229742
3_857,0.11935004160295468
3_858,0.20655487673473083
3_859,0.20631730023177863
3_860,0.20612638553384038
3_861,0.20538546262821852
3_862,0.21000447506400613
3_863,0.3034151274529554
3_864,0.31393639334803236
3_865,0.31703687818123705
3_866,0.318299129616713
3_867,0.2450796013007225
3_868,0.24667309115259767
3_869,0.31885607068109934
3_871,0.3323113589778248
3_872,0.34614830637689237
3_873,0.28095743500020287
3_874,0.280683905745898
3_875,0.2790441060439131
3_876,0.2789493709910799
3_877,0.3471781543793143
3_878,0.3483666112545933
3_879,0.26608888634440714
3_880,0.32061749030338593
3_881,0.321842558699912
3_882,0.32113514606920895
3_884,0.3211957372898999
3_885,0.3163050487891215
3_886,0.3045730021488363
3_887,0.2140012684904109
3_888,0.21053139413085095
3_889,0.2094552060568415
3_890,0.1405183052808936
3_891,0.1404264731656925
3_893,0.14163037761700636
3_894,0.12392530735911879
3_895,0.10721031402747072
3_896,0.10794434673672917
3_897,0.09307960846142428
3_898,0.07867597941414198
3_899,0.07998868312640797
3_901,0.09545545128916627
3_902,0.10774330186893898
3_903,0.10858641142490712
3_904,0.11083836358885789
3_905,0.10974797953874581
3_906,0.12473604092990911
3_908,0.20730218033469514
3_909,0.2086582052593526
3_910,0.2077849473241299
3_912,0.20691502005024787
3_913,0.20651522498303002
3_914,0.2831238302102842
3_915,0.2835874463394927
3_916,0.28532541197732947
3_917,0.28621241389122865
3_918,0.2167619088439579
3_920,0.22881676670497755
3_921,0.2453742031784913
3_922,0.27192656530054254
4_0,0.36971636943622155
4_1,0.3387886491220847
4_2,0.31717753597854065
4_3,0.3012127659304354
4_4,0.28991128750722794
4_5,0.366109695650321
4_6,0.3578783877943816
4_7,0.34885900336107917
4_8,0.34472130125820466
4_9,0.26120870980775834
4_10,0.2558649296224486
4_11,0.2518247078826281
4_12,0.2499688131120991
4_13,0.2460107840526137
4_14,0.1741468697770389
4_15,0.1569959463132966
4_16,0.14261432490403414
4_17,0.14059872443296478
4_18,0.1399110133820945
4_19,0.1413369597523006
4_20,0.1414038571813528
4_21,0.14025962325028343
4_22,0.13957159691914278
4_23,0.13663240908050872
4_24,0.14995587217784487
4_25,0.1545373929224433
4_26,0.23975217146097172
4_27,0.2385927686018595
4_28,0.23612117493925022
4_29,0.2331864066617138
4_30,0.3111408086966068
4_31,0.39348922468262065
4_32,0.39260057812280746
4_33,0.39160005593985536
4_34,0.39072837636482505
4_35,0.3047977767200867
4_36,0.30512984462956966
4_37,0.3043990197675456
4_38,0.30328204853372903
4_39,0.2245807089488604
4_40,0.17386662269191414
4_41,0.1710637875378931
4_42,0.15184887072629122
4_43,0.15178707976476297
4_44,0.17162727768244676
4_45,0.17493482581424807
4_46,0.236855636112134
4_47,0.22825655022620814
4_48,0.23405591219806143
4_49,0.24043727354223846
4_50,0.3250189153538032
4_51,0.32585766452094567
4_52,0.32436664942870436
4_53,0.32085643181590107
4_54,0.3153397705281927
4_55,0.2423757692244804
4_56,0.2523652733789239
4_57,0.26317632957953474
4_58,0.2776649873805322
4_59,0.21609151989735406
4_60,0.21981005932731784
4_61,0.2659410611485947
4_62,0.2631751420112861
4_63,0.3489978268293716
4_64,0.34668843436439334
4_65,0.33167235470505213
4_66,0.3198734400566981
4_67,0.31882494853878185
4_68,0.4023564690890484
4_69,0.40930534822002274
4_70,0.33742705867309863
4_71,0.33846328023715544
4_72,0.2648437255739194
4_73,0.2668036341546836
4_74,0.2693759813226367
4_75,0.3438229067623182
4_76,0.3336696556310044
4_77,0.24618943052486508
4_78,0.23358845424087174
4_79,0.23375189205584013
4_80,0.25079285909005233
4_81,0.2548255094526115
4_82,0.26116422781710363
4_83,0.2540295964730426
4_84,0.1703324333269747
4_85,0.242338504184158
4_86,0.2580176169758425
4_87,0.27507397369494846
4_88,0.2799184186314004
4_89,0.281301047066921
4_90,0.2660503406839629
4_91,0.2480185906484405
4_92,0.3239289579346978
4_93,0.3191513944289431
4_94,0.2423430934478823
4_95,0.2421743710005584
4_96,0.24155822767600163
4_97,0.24231319657247127
4_98,0.24696631049897544
4_99,0.25487167107656306
4_100,0.25604101209420854
4_101,0.16859437772591349
4_102,0.17375217386733793
4_103,0.1781071003886594
4_104,0.1909304649609417
4_105,0.19872429871925087
4_106,0.20573445855213987
4_107,0.2080011533846075
4_108,0.19530394461186085
4_109,0.19122263487267213
4_110,0.2688244837811201
4_111,0.3507777427008333
4_112,0.43312501338285697
4_113,0.439314982973999
4_114,0.44250030433934706
4_115,0.43704859343812114
4_116,0.4328623072440013
4_117,0.4392475741100742
4_118,0.4444832192703373
4_119,0.4471207371542188
4_120,0.369981345337633
4_121,0.3000543264059792
4_122,0.2992531610933372
4_123,0.3659527306563119
4_124,0.36918629389055546
4_125,0.37109825196718765
4_126,0.38304994046476093
4_127,0.38387033267772924
4_128,0.30083245639031003
4_129,0.30139652690461965
4_130,0.30253746467463516
4_131,0.37394828021101184
4_132,0.3051820666004324
4_133,0.3040590044175974
4_134,0.28525384147953614
4_135,0.2693319909315298
4_136,0.2646390535768723
4_137,0.27666607918196306
4_138,0.2750033979206018
4_139,0.25850861613814796
4_140,0.1869636143676938
4_141,0.18282863682518669
4_142,0.18036763445504805
4_143,0.25133803510466757
4_144,0.2532551262164261
4_145,0.25350106496804226
4_146,0.23928819616435007
4_147,0.23635217878390158
4_148,0.23888874668845483
4_149,0.2408924957558989
4_150,0.25364995161952597
4_151,0.2519703279959153
4_152,0.18323601509055362
4_153,0.26336323114498617
4_154,0.34766613481367364
4_155,0.4262486296379919
4_156,0.4291950188329341
4_157,0.4317647244636407
4_158,0.42486032525249284
4_159,0.5005910781253654
4_160,0.5062478855782452
4_161,0.514460264460641
4_162,0.44159342378284544
4_163,0.3746831175926574
4_164,0.30102489196113186
4_165,0.3136290842137932
4_166,0.3277709868374135
4_167,0.328733368706402
4_168,0.3152621757027778
4_169,0.3066791476422168
4_170,0.29287802934091933
4_171,0.35104410125701085
4_172,0.346049161553374
4_173,0.3421779495364251
4_174,0.3258474821872668
4_175,0.31086328074845704
4_176,0.3092228403127925
4_177,0.23125985735794918
4_178,0.2333962179844265
4_179,0.2353209604254016
4_180,0.17032163616498713
4_181,0.17269944026703263
4_182,0.17301897518856302
4_183,0.15578056212479346
4_184,0.13984050368922385
4_185,0.13492356801204006
4_186,0.11630590341511252
4_187,0.0984014366205166
4_188,0.09763473261409854
4_189,0.09726523149593054
4_190,0.0984950378995845
4_191,0.10269404324935456
4_192,0.10958761162246759
4_193,0.11510969855943522
4_194,0.12179883942777436
4_195,0.13858795008688873
4_196,0.15546015553397033
4_197,0.15921837141181622
4_198,0.1641005684989819
4_199,0.166957597637628
4_200,0.17045866260794626
4_201,0.24388399951225692
4_202,0.24382207424575209
4_203,0.24525463580856496
4_204,0.24663363789929205
4_205,0.24403987617025333
4_206,0.24529501308870066
4_207,0.2591333719851151
4_208,0.26601968253392394
4_209,0.28067100580455207
4_210,0.21766437690611082
4_211,0.21779714744642223
4_212,0.21368185847453344
4_213,0.2763820940719119
4_214,0.34928725674181593
4_215,0.347709586466627
4_216,0.33594071154234256
4_217,0.3242696623482713
4_218,0.3173081593358176
4_219,0.31299480030122917
4_220,0.30712070987776424
4_221,0.302626900903326
4_222,0.22088504404109305
4_223,0.1514950516898734
4_224,0.16563933978890116
4_225,0.1776344451971047
4_226,0.17708917160563886
4_227,0.17328380631898668
4_228,0.1600803203160919
4_229,0.15682948912173883
4_230,0.2155754645387345
4_231,0.22267132141476054
4_232,0.22878910530038996
4_233,0.2328522180716991
4_234,0.24254098078080424
4_235,0.2575538580652708
4_236,0.2755559046305175
4_237,0.2754439610495155
4_238,0.2868127660680522
4_239,0.23189360506524506
4_240,0.23023161162847705
4_241,0.29424306638110925
4_242,0.29490323220776615
4_243,0.2924464783207053
4_244,0.3620769344403091
4_245,0.3513445926325119
4_246,0.3457884307535317
4_247,0.34616780533387054
4_248,0.3530511880608703
4_249,0.359632392508439
4_250,0.28505928028844985
4_251,0.2909023916156102
4_252,0.2992489334068736
4_253,0.22754388589451163
4_254,0.2282746664483572
4_255,0.2289179255818782
4_256,0.22184452954567663
4_257,0.2115392367325773
4_258,0.2060063644663253
4_259,0.1921240491060494
4_260,0.17750825656673444
4_261,0.16423306260051507
4_262,0.15922143405772757
4_263,0.1557034596207029
4_264,0.16214939210382512
4_265,0.15758124032330445
4_266,0.1541200484134431
4_267,0.15053411093601332
4_268,0.22517428583234855
4_269,0.30649946914919396
4_270,0.3047817044962734
4_271,0.30090508175610664
4_272,0.3007455562402852
4_273,0.30052873390742185
4_274,0.2967352998165527
4_275,0.29390749516655523
4_276,0.29303182962231605
4_277,0.21100104764099664
4_278,0.13842211668783344
4_279,0.13834162863100102
4_280,0.14073355984742103
4_281,0.13783253142621013
4_282,0.13443521448819307
4_283,0.12118161910121426
4_284,0.11855085065792341
4_285,0.11252908433795906
4_286,0.1160734102611729
4_287,0.12050927775535597
4_288,0.1261105343745523
4_289,0.1330658146990465
4_290,0.1410384451494975
4_291,0.14431727068439837
4_292,0.14726189588000685
4_293,0.1492943282439837
4_294,0.15180862725260602
4_295,0.15503026225032
4_296,0.15724199066549668
4_297,0.1559526881416408
4_298,0.15519620448169547
4_299,0.1529930129523739
4_300,0.15193514592061252
4_301,0.15857582966190142
4_302,0.16900049938795997
4_303,0.17244328130018843
4_304,0.17335807558457622
4_305,0.17671932044829303
4_306,0.18038110170985444
4_307,0.26692313288030134
4_308,0.27983237880754114
4_309,0.28032466609672735
4_310,0.2812789458834104
4_311,0.28216591037674743
4_312,0.28082646358445856
4_313,0.35876504615365085
4_314,0.35272396806369044
4_315,0.3474244631439305
4_316,0.2670275956382703
4_317,0.26292575836946824
4_318,0.2623849742022882
4_319,0.26066394232533324
4_320,0.268969555665779
4_321,0.278569262698799
4_322,0.19797216255051198
4_323,0.17929131268307877
4_324,0.17576853454146618
4_325,0.17461007891113053
4_326,0.2402849789892938
4_327,0.24437491621492305
4_328,0.23884824286733833
4_329,0.23452448364197775
4_330,0.24285311016505662
4_331,0.24844149652090336
4_332,0.2562370896541348
4_333,0.2722141488439623
4_334,0.27955404842932646
4_335,0.2133004390142573
4_336,0.2137343484508176
4_337,0.21204448774408138
4_338,0.22341195848134487
4_339,0.29151526381752496
4_340,0.3753114861990478
4_341,0.3600691546168312
4_342,0.3475545631134852
4_343,0.35696277676803173
4_344,0.4469746226510811
4_345,0.5311582768244674
4_346,0.534219685209104
4_347,0.5384254211673324
4_348,0.45652919271216597
4_349,0.45314928761962997
4_350,0.4695649929573674
4_351,0.48557640190613605
4_352,0.49170875741178044
4_353,0.4205272058642982
4_354,0.338925219930695
4_355,0.33439723643668573
4_356,0.39457141329945283
4_357,0.3955405100455293
4_358,0.32241473827734246
4_359,0.30589975037755995
4_360,0.2951291571980108
4_361,0.277260195264998
4_362,0.2728438564287497
4_363,0.2696607882616477
4_364,0.26732159029491803
4_365,0.18812470877968243
4_366,0.20144857725535736
4_367,0.20035285196921554
4_368,0.1997522645677276
4_369,0.20186422008858027
4_370,0.27395594819833063
4_371,0.34667475476912796
4_372,0.345496018076798
4_373,0.35162814741637893
4_374,0.3579459143279874
4_375,0.3638680819980929
4_376,0.37492531449033467
4_377,0.45799540901709096
4_378,0.4732842860010138
4_379,0.41810665045901924
4_380,0.36761872342584095
4_381,0.38244698801495675
4_382,0.3962591492590605
4_383,0.4097997778487684
4_384,0.48371078919783594
4_385,0.4867392387813247
4_386,0.43146457721336956
4_387,0.43946076194858574
4_388,0.4579114823647403
4_389,0.46753057591301844
4_390,0.4680074519596681
4_391,0.46866477487306535
4_392,0.46516569773981514
4_393,0.4534816238994008
4_394,0.45246039237172336
4_395,0.45435116300178574
4_396,0.4510930339201764
4_397,0.45215836860594544
4_398,0.4561276087517996
4_399,0.4673265978604862
4_400,0.5298603066331999
4_401,0.5374767652709757
4_402,0.4914391781864566
4_403,0.4942749218773958
4_404,0.49386269732018095
4_405,0.5511098953076017
4_406,0.5404328553419038
4_407,0.5905879714945186
4_408,0.5744579041716056
4_409,0.4964901095008634
4_410,0.4888484149814053
4_411,0.4828510906460081
4_412,0.4816794000023608
4_413,0.4752691316525014
4_414,0.41164181086497936
4_415,0.4034049428924683
4_416,0.34263275700103657
4_417,0.35100846854661166
4_418,0.35275873006637004
4_419,0.3472435753344561
4_420,0.3317693373547501
4_421,0.30899417880564356
4_422,0.3625665981298321
4_423,0.3381490172100651
4_424,0.3163205132066022
4_425,0.30899136431209967
4_426,0.30445837462291053
4_427,0.2926318439695967
4_428,0.2908934487812296
4_429,0.2836580903582204
4_430,0.282112234079474
4_431,0.29171464321483176
4_432,0.3088145055928627
4_433,0.3171129783587762
4_434,0.32477100449093815
4_435,0.32789109534753014
4_436,0.32905198748671516
4_437,0.3878971405535825
4_438,0.3794899475948842
4_439,0.37953679337923935
4_440,0.30500811520954
4_441,0.30222087254943397
4_442,0.2994209292587422
4_443,0.2939082218506667
4_444,0.29367123947200297
4_445,0.29382924682116446
4_446,0.21329901756190117
4_447,0.20491889901330262
4_448,0.20610047098400913
4_449,0.2085051091545029
4_450,0.21249488087475363
4_451,0.21803254251671497
4_452,0.21694108178150243
4_453,0.22374450909950602
4_454,0.23138206041577503
4_455,0.22966939176164344
4_456,0.22377999859464043
4_457,0.2175428612963876
4_458,0.2111956945461726
4_459,0.2873686580814989
4_460,0.2868165417459737
4_461,0.2918805319684103
4_462,0.2862092245620502
4_463,0.2815516960937528
4_464,0.2808758521239316
4_465,0.27923839927763383
4_466,0.35950250432421066
4_467,0.3573949558185262
4_468,0.27316368179122197
4_469,0.2693286544521455
4_470,0.2624821808332323
4_471,0.2573354177805039
4_472,0.2545822137951943
4_473,0.24882464360155013
4_474,0.23589093864990543
4_475,0.14342052167165686
4_476,0.1386289137081549
4_477,0.13539598710687034
4_478,0.13267481366549352
4_479,0.1286400652782359
4_480,0.1282039474241633
4_481,0.11618619516605294
4_482,0.10674118178406217
4_483,0.10345738585434967
4_484,0.10215659503154001
4_485,0.10170435316171933
4_486,0.09987120815405602
4_487,0.09913941003734139
4_488,0.09799038056636357
4_489,0.09515542232702524
4_490,0.09368733228821839
4_491,0.09254896766747442
4_492,0.0910344248793751
4_493,0.08862913498930701
4_494,0.08571385429165453
4_495,0.08520410619907191
4_496,0.08453098848129928
4_497,0.09636698614712082
4_498,0.11115025627377328
4_499,0.11063493215474318
4_500,0.10957560793576372
4_501,0.11021748211347092
4_502,0.11158004365737756
4_503,0.1932713677121376
4_504,0.19423710851604664
4_505,0.19604222293831977
4_506,0.19838170101963506
4_507,0.198656529747967
4_508,0.19916773311999056
4_509,0.20007014175422363
4_510,0.20093446883544613
4_511,0.20263192855231008
4_512,0.1254945939342373
4_513,0.1295248094870939
4_514,0.13241968484109293
4_515,0.13259099966392995
4_516,0.13275856119846727
4_517,0.13356718658672193
4_518,0.11809982185906714
4_519,0.10308189735544797
4_520,0.10187124274835577
4_521,0.11494973698501348
4_522,0.12694803972564056
4_523,0.12867757541722977
4_524,0.1305602630173688
4_525,0.1478510484341425
4_526,0.1639968969901832
4_527,0.24306332662994362
4_528,0.2594917681593663
4_529,0.2613267481577688
4_530,0.26049206118200063
4_531,0.3311302768197157
4_532,0.3275875787753916
4_533,0.4082918105404205
4_534,0.40648707686629504
4_535,0.4162545174723368
4_536,0.34266136882673176
4_537,0.35784578366724656
4_538,0.35616893718912424
4_539,0.3556764671707417
4_540,0.28799996651879367
4_541,0.3570673956054585
4_542,0.34359783586530257
4_543,0.32968378527995773
4_544,0.32502156435449014
4_545,0.33573539554830567
4_546,0.3333841035717163
4_547,0.3180681454031948
4_548,0.3029697745147242
4_549,0.2897239352741799
4_550,0.2071431510284371
4_551,0.20761215192645693
4_552,0.20752305314232233
4_553,0.20745177397433948
4_554,0.20635884414743197
4_555,0.20581420127927397
4_556,0.19168085721267109
4_557,0.18688073064850458
4_558,0.17560354558454513
4_559,0.17765995236871335
4_560,0.10588982546637143
4_561,0.10528504076830206
4_562,0.1071915644436211
4_563,0.10986625164983735
4_564,0.12952061251774857
4_565,0.1488492985170053
4_566,0.13671657421813868
4_567,0.12420296559121292
4_568,0.1269562922269815
4_569,0.1279715330909485
4_570,0.20834763474139945
4_571,0.2092169330776553
4_572,0.209145765665304
4_573,0.20828346971156692
4_574,0.20682231050839342
4_575,0.20448050555910746
4_576,0.20265214278416233
4_577,0.2026889096641685
4_578,0.20273562963202005
4_579,0.1290064717919093
4_580,0.12909597608526688
4_581,0.12901671513520702
4_582,0.1450428838897316
4_583,0.16275808497126126
4_584,0.16618114860137223
4_585,0.1519137319336074
4_586,0.13904586102615907
4_587,0.1569686712724281
4_588,0.2436404785854819
4_589,0.2456717620886402
4_590,0.26302621124448416
4_591,0.2796963868837421
4_592,0.2854745472156048
4_593,0.36084958154150887
4_594,0.3764423671303128
4_595,0.3925813247963591
4_596,0.467333460699737
4_597,0.39722943173786074
4_598,0.40053985372984113
4_599,0.4036535277841833
4_600,0.47586575120341656
4_601,0.47980194920449265
4_602,0.40961180666620967
4_603,0.4007526906962631
4_604,0.3922051086431238
4_605,0.3219488895156522
4_606,0.3252019055860199
4_607,0.3308673857694581
4_608,0.32062114284040577
4_609,0.24608893768027057
4_610,0.25005090446896266
4_611,0.24132352427304568
4_612,0.23262241510813364
4_613,0.2345233662755208
4_614,0.24078260272942673
4_615,0.2349469729300252
4_616,0.23776767237639732
4_617,0.25380239770767454
4_618,0.25703378519721626
4_619,0.25904296014582595
4_620,0.2578764098274041
4_621,0.25418668698405794
4_622,0.3366479311476712
4_623,0.3363732772719433
4_624,0.3291578587772652
4_625,0.3198902877754796
4_626,0.31085304068554387
4_627,0.30413067705716895
4_628,0.3747445158443064
4_629,0.3716791701537101
4_630,0.3709973950158102
4_631,0.2926260359514338
4_632,0.2930472205632434
4_633,0.2917954202976745
4_634,0.2909146099468338
4_635,0.28790634996998254
4_636,0.28592855619853547
4_637,0.2011328751909913
4_638,0.18858319489016828
4_639,0.18764459828994295
4_640,0.1871043642244103
4_641,0.18658312128026935
4_642,0.1884347601743813
4_643,0.18088775376049682
4_644,0.1739736350819613
4_645,0.17998919585596945
4_646,0.18616503402951395
4_647,0.19329385615525593
4_648,0.20381295385619935
4_649,0.21885557520646257
4_650,0.23623893870219034
4_651,0.24667025841258414
4_652,0.2520439519656745
4_653,0.25670085813571303
4_654,0.25799292976226934
4_655,0.26317428323204906
4_656,0.2711972005162252
4_657,0.26923366010438593
4_658,0.2599474368468319
4_659,0.2423044433031966
4_660,0.23328305714441624
4_661,0.23215561174835592
4_662,0.23505512952373686
4_663,0.24464536468039114
4_664,0.2508102345904212
4_665,0.2578567330790958
4_666,0.26512106534029917
4_667,0.27344894825973154
4_668,0.28956406638722365
4_669,0.30125419786001123
4_670,0.3061791508917874
4_671,0.31528038018538596
4_672,0.3220159256580374
4_673,0.33093430601647916
4_674,0.34830005184095625
4_675,0.366444224005671
4_676,0.38025214989993883
4_677,0.38961399357815896
4_678,0.40093806818747796
4_679,0.4103473530425476
4_680,0.46714460533516095
4_681,0.46231900692928946
4_682,0.4605694933213554
4_683,0.46959766707238576
4_684,0.4849274201325678
4_685,0.48596928684270835
4_686,0.48526825427233256
4_687,0.48613102034955086
4_688,0.48403196766844847
4_689,0.4740538013419035
4_690,0.476799543925972
4_691,0.4769967381362395
4_692,0.4748718705407858
4_693,0.4692659286445141
4_694,0.4707990954869882
4_695,0.4637957650057865
4_696,0.4562083475836022
4_697,0.4569371541594089
4_698,0.3968016605991306
4_699,0.39742973713895235
4_700,0.3977287508635758
4_701,0.394842512743996
4_702,0.39325513554457964
4_703,0.3875994675172849
4_704,0.3794469291260583
4_705,0.369752504218656
4_706,0.3609568730860424
4_707,0.35484744319845984
4_708,0.3475525082507632
4_709,0.3482382420696058
4_710,0.35213341491179295
4_711,0.3455392050352985
4_712,0.34227362211828954
4_713,0.3433055493000087
4_714,0.3499407335786779
4_715,0.414094352040904
4_716,0.42014838519560266
4_717,0.42666668389815665
4_718,0.43721710698088817
4_719,0.449665302495103
4_720,0.45914068737244257
4_721,0.4733426056918182
4_722,0.4944201939766754
4_723,0.5115080827071155
4_724,0.461376903476465
4_725,0.4634110233190173
4_726,0.4619541432447745
4_727,0.45703481940674234
4_728,0.4503632256952871
4_729,0.4445549469088817
4_730,0.4293405923256655
4_731,0.4049827248068716
4_732,0.37768857133972206
4_733,0.34779762801821823
4_734,0.32040202511774396
4_735,0.2970602651814296
4_736,0.2696757237235753
4_737,0.3330194302415358
4_738,0.3123053837067893
4_739,0.28509524540299414
4_740,0.26624464956236643
4_741,0.2524820898761835
4_742,0.25754808836628973
4_743,0.3386093228506168
4_744,0.33454012905121305
4_745,0.33365832692027764
4_746,0.26214672394040817
4_747,0.26411421904523086
4_748,0.33612407780915904
4_749,0.34728571823671983
4_750,0.36089105172276026
4_751,0.3597146033553573
4_752,0.27482204121347686
4_753,0.25817039158574295
4_754,0.2552870649014261
4_755,0.3387017560762673
4_756,0.349925757873498
4_757,0.28036597840279354
4_758,0.2618928278105447
4_759,0.24363514068732836
4_760,0.2385443422845981
4_761,0.30836635317583
4_762,0.30870656063249335
4_763,0.29694797647668175
4_764,0.20932874612473742
4_765,0.2088699471091418
4_766,0.2097087790910082
4_767,0.20918251390824263
4_768,0.21020128917301548
4_769,0.21326393881448263
4_770,0.13372440639061825
4_771,0.11735692290450316
4_772,0.11933349490032967
4_773,0.13724703950268352
4_774,0.15455558508791853
4_775,0.15365396211030102
4_776,0.13893723105381095
4_777,0.12350094898835175
4_778,0.12521884844138986
4_779,0.19359214399953723
4_780,0.1957815947065332
4_781,0.21133170260090903
4_782,0.22829346373617498
4_783,0.2457842133630835
4_784,0.26320425418262916
4_785,0.2640699436340944
4_786,0.26496554261507
4_787,0.3375008155559546
4_788,0.2674221279650136
4_789,0.33563599060913674
4_790,0.3371501157161439
4_791,0.3391851869128493
4_792,0.3418395197125079
4_793,0.34297501069193687
4_794,0.3339677155762086
4_795,0.325716943319963
4_796,0.26083280463378467
4_797,0.2754142151988502
4_798,0.212252608705855
4_799,0.20899050189250526
4_800,0.22275256329811
4_801,0.23632319306649846
4_802,0.28339624317294493
4_803,0.2648229326968342
4_804,0.244894646887764
4_805,0.24150068229995547
4_806,0.32768198556414063
4_807,0.319748599792877
4_808,0.313207141954472
4_809,0.3067094841546477
4_810,0.30132911940539864
4_811,0.30187249785676123
4_812,0.29847922340251626
4_813,0.3104812090089416
4_814,0.32382289886369453
4_815,0.2716850517579421
4_816,0.29041636665205833
4_817,0.27587585431813705
4_818,0.26223360518308836
4_819,0.3330195880365416
4_820,0.2647906021729647
4_821,0.3209583833652348
4_822,0.3115037438397486
4_823,0.3121135996987155
4_824,0.3298689804119295
4_825,0.3462464335993754
4_826,0.35087064825254016
4_827,0.3536002607309448
4_828,0.28421356482965265
4_829,0.28679869570989286
4_830,0.2871753689858385
4_831,0.284861557673051
4_832,0.3548647042275519
4_833,0.3515067731602829
4_834,0.3351670229622226
4_835,0.31955569044405124
4_836,0.31669689089645175
4_837,0.31492479106652854
4_838,0.3124390793900994
4_839,0.2382463096716127
4_840,0.2371915974154045
4_841,0.17113940078227355
4_842,0.23469070417329765
4_843,0.23071632283469046
4_844,0.22947384212088054
4_845,0.2115842418158131
4_846,0.21015624438733102
4_847,0.21046136806623478
4_848,0.19398520784945414
4_849,0.19476682851540383
4_850,0.19618861088496178
4_851,0.13196266324066663
4_852,0.20065211976172534
4_853,0.2044391837858144
4_854,0.20792660846223163
4_855,0.21076214345439848
4_856,0.2116698196533524
4_857,0.20002553594402406
4_858,0.1894403029415562
4_859,0.19044709670198268
4_860,0.2049368920921586
4_861,0.15267320330018608
4_862,0.15320952445530042
4_863,0.1692771492348222
4_864,0.1884803432769676
4_865,0.19094196926427465
4_866,0.2553631950638344
4_867,0.24319367876985215
4_868,0.23085730058173115
4_869,0.3102546038043892
4_870,0.31379723223362893
4_871,0.3165042950471523
4_872,0.32041402359540455
4_873,0.3230859767766062
4_874,0.3267252740700739
4_875,0.24981407908950948
4_876,0.26820823235097446
4_877,0.28712987407078705
4_878,0.22383594548603242
4_879,0.22968709558233782
4_880,0.23387068782094156
4_881,0.2351649539429664
4_882,0.30324828723799546
4_883,0.3022981014990604
4_884,0.2890341987309263
4_885,0.2728834860269099
4_886,0.2660213822861352
4_887,0.34030509174827644
4_888,0.33350011301005505
4_889,0.32689601594601925
4_890,0.32103670251529465
4_891,0.24100025828366037
4_892,0.23931511873058103
4_893,0.23810974280307587
4_894,0.2512040101279415
4_895,0.2672596286144839
4_896,0.20293272689170247
4_897,0.20368491942029984
4_898,0.20397790099028296
4_899,0.2042572647032524
4_900,0.26889024247988164
4_901,0.2701418624240794
4_902,0.2595474183408348
4_903,0.3278046816758934
4_904,0.32910149470969347
4_905,0.33117497935873147
4_906,0.33323843975165734
4_907,0.3337129737965734
4_908,0.3316833896221479
4_909,0.2553758348069838
4_910,0.25386523711971204
4_911,0.2530742008228813
4_912,0.1849157548963145
4_913,0.18579215976825159
4_914,0.1883586784968311
4_915,0.17418957448142094
4_916,0.16217826918272069
4_917,0.16530160565788513
4_918,0.15518243334749446
4_919,0.14728852432658693
4_920,0.15612166146461043
4_921,0.16917557976737538
4_922,0.16966868916838887
4_923,0.16959747420027063
4_924,0.17315988688877343
4_925,0.17404910076914976
4_926,0.25382797754522635
4_927,0.25393793942366094
4_928,0.2498578032668542
4_929,0.25625402500805244
4_930,0.2641059716066224
4_931,0.2621316519247275
4_932,0.26875671022451586
4_933,0.2746610404898263
4_934,0.26906208249846875
4_935,0.2664385826301602
4_936,0.2613472454566185
4_937,0.26137802499459833
4_938,0.33646958297823243
4_939,0.33353004028573546
4_940,0.3321137967313218
4_941,0.3315665043279636
4_942,0.3307218338197251
4_943,0.3501906921605239
4_944,0.2763497262986325
4_945,0.29479772518073016
4_946,0.3174440160750153
5_0,0.21827896981286082
5_1,0.21845802907538778
5_2,0.2172286084940103
5_3,0.21631100441689347
5_4,0.27921312580542734
5_5,0.27853978275278857
5_6,0.27684052223586364
5_7,0.3454618165852714
5_8,0.3452169303958237
5_9,0.3455588215342252
5_10,0.34737489085936313
5_11,0.35098387245443
5_12,0.3551490206413907
5_13,0.3568645547050127
5_14,0.3618052803864448
5_15,0.36807119059020316
5_16,0.29727899374074745
5_17,0.2984242287327714
5_18,0.30218445129266813
5_19,0.2886991992573046
5_20,0.27385675999464454
5_21,0.27348681573732014
5_22,0.20737349976280053
5_23,0.20503154107437443
5_24,0.20110727077139226
5_25,0.20146110084175411
5_26,0.20002778011952524
5_27,0.19694957991264578
5_28,0.2507907937543166
5_29,0.23639168258425297
5_30,0.23255299254143835
5_31,0.22874901258777583
5_32,0.22524974373418458
5_33,0.22322968368828885
5_34,0.21783685783937634
5_35,0.21862708915399057
5_36,0.22043829471532908
5_37,0.14968609467496213
5_38,0.1517691845717606
5_39,0.15462307746633944
5_40,0.1572306072767155
5_41,0.15972457472786025
5_42,0.1601369825514064
5_43,0.16034457703405647
5_44,0.1600897734759648
5_45,0.15864764717961682
5_46,0.15645802748271798
5_47,0.15620594716153005
5_48,0.15640323424938546
5_49,0.2366469064338109
5_50,0.23659844090267945
5_51,0.2360234768747176
5_52,0.2338487947494502
5_53,0.23016045298308532
5_54,0.2292819573422442
5_55,0.2268155846537357
5_56,0.22403125320715425
5_57,0.22226758940113067
5_58,0.13663766652083467
5_59,0.13637987535993953
5_60,0.13995139008834004
5_61,0.14989507382793024
5_62,0.15917772018701953
5_63,0.16511792254870816
5_64,0.16504081102140647
5_65,0.16347833878443196
5_66,0.16301011215921757
5_67,0.16293242033007138
5_68,0.1628440758893831
5_69,0.16026173897181184
5_70,0.15431004492508207
5_71,0.14501644370624991
5_72,0.13626047442561331
5_73,0.13051677051399285
5_74,0.12878658854449745
5_75,0.13014348575858467
5_76,0.13631897020816916
5_77,0.13714455112530485
5_78,0.13616686627349048
5_79,0.13422637279736072
5_80,0.13218724457442704
5_81,0.21399712753297156
5_82,0.20987654560557364
5_83,0.2062355715072352
5_84,0.2069832500455081
5_85,0.20830368176250685
5_86,0.20850683412378937
5_87,0.2087863710123501
5_88,0.20689514638688758
5_89,0.20422467708350647
5_90,0.1370645145725847
5_91,0.14874819293229619
5_92,0.14698360680000516
5_93,0.14829112950471862
5_94,0.14941346021113433
5_95,0.15138976930663073
5_96,0.2109586015948315
5_97,0.20351294789630497
5_98,0.20734706003007558
5_99,0.21091910467425165
5_100,0.21695382952816497
5_101,0.22059085981841575
5_102,0.22212118985791326
5_103,0.22245671321121005
5_104,0.22025740901035784
5_105,0.142982772280526
5_106,0.14260801592928565
5_107,0.15585059204723647
5_108,0.16190376475847765
5_109,0.17614459739494717
5_110,0.1770637609718581
5_111,0.16054772784694057
5_112,0.14601728466136807
5_113,0.21701570731938935
5_114,0.2974337181367108
5_115,0.29704130325279343
5_116,0.2968023728195685
5_117,0.2943222581010463
5_118,0.2909940504309577
5_119,0.28419950848297054
5_120,0.27798912071925214
5_121,0.2719450949876473
5_122,0.18646202149037056
5_123,0.11326512661054479
5_124,0.112883860324295
5_125,0.1274658833759736
5_126,0.14347633832533732
5_127,0.14445715228788464
5_128,0.12967416810896487
5_129,0.12580455344849836
5_130,0.11163776042945059
5_131,0.18689279212387347
5_132,0.19150656088273135
5_133,0.1939820636122018
5_134,0.19830928707176648
5_135,0.2070413121069642
5_136,0.2134726097755639
5_137,0.22144985569908682
5_138,0.22727823506626135
5_139,0.23344499686343143
5_140,0.15743517703104515
5_141,0.15817443486062105
5_142,0.16086737855733046
5_143,0.16129450515320534
5_144,0.15717017971784322
5_145,0.15447968929382624
5_146,0.14041146817880212
5_147,0.12996573353827182
5_148,0.12890924024886732
5_149,0.1312427693421815
5_150,0.13304272570504197
5_151,0.13382958954855256
5_152,0.13447499203482804
5_153,0.1339533725630451
5_154,0.13632230865232636
5_155,0.1355987691679888
5_156,0.1337774247556173
5_157,0.13145928684877387
5_158,0.12578183998103315
5_159,0.12616307583210476
5_160,0.13068799254280675
5_161,0.12706836266631918
5_162,0.12513489133006728
5_163,0.13656052369109214
5_164,0.15225628388963722
5_165,0.23389488655105514
5_166,0.24902979657175453
5_167,0.26563482850155445
5_168,0.28211094811215515
5_169,0.3509168753301802
5_170,0.35276513742893695
5_171,0.43946404795593336
5_172,0.4530643995355536
5_173,0.5260063180889845
5_174,0.4543319930832035
5_175,0.4546637541582831
5_176,0.4592891862096208
5_177,0.5366885555640377
5_178,0.4631793885075497
5_179,0.47700234704755934
5_180,0.4090091411433987
5_181,0.3948428370531292
5_182,0.33043507313856624
5_183,0.3294378948554117
5_184,0.3158431580999417
5_185,0.36659661175983516
5_186,0.28405391544923503
5_187,0.26860603571266756
5_188,0.2555946931577576
5_189,0.246141299850135
5_190,0.24862073822832423
5_191,0.25120954517085614
5_192,0.24427830512895907
5_193,0.2471827494888774
5_194,0.18507120031018498
5_195,0.18385789636468938
5_196,0.19519195685448074
5_197,0.20533641495848398
5_198,0.1986878549087391
5_199,0.2623241231085463
5_200,0.24331592542616945
5_201,0.22751092215763882
5_202,0.30367200056223714
5_203,0.30453729283033304
5_204,0.30676685497222705
5_205,0.3099320301998611
5_206,0.31584864896290377
5_207,0.3180615506898414
5_208,0.2527861222483579
5_209,0.2695313563487809
5_210,0.268822508673526
5_211,0.20377254347427343
5_212,0.20351566625448797
5_213,0.2045720333200538
5_214,0.2511680713750798
5_215,0.2415524217482667
5_216,0.24438950539211018
5_217,0.2376612882977586
5_218,0.22888669408675644
5_219,0.232141751758322
5_220,0.2345943871054524
5_221,0.23599698005441083
5_222,0.2385758870267139
5_223,0.16699207663165386
5_224,0.1776282455008763
5_225,0.1902919633339525
5_226,0.18780352897113026
5_227,0.18373666079764084
5_228,0.18277527672405766
5_229,0.1689297239608677
5_230,0.2291647350080128
5_231,0.22967694848982725
5_232,0.23080212468457223
5_233,0.22804721604651276
5_234,0.22260711114308002
5_235,0.22131771206129675
5_236,0.21934392730055224
5_237,0.22101018730393857
5_238,0.2201033283028443
5_239,0.14589385661284576
5_240,0.1436373270982028
5_241,0.14478723978200994
5_242,0.1452897576082672
5_243,0.14669371137654322
5_244,0.1625672954820959
5_245,0.16335892514593708
5_246,0.1482453551873155
5_247,0.14865750746705514
5_248,0.15230286536080725
5_249,0.1549191409277595
5_250,0.22893871512625388
5_251,0.23042098360928776
5_252,0.22951309794416985
5_253,0.2284084096132579
5_254,0.2283235164246664
5_255,0.22934885487586254
5_256,0.2263045286452993
5_257,0.22296159450332245
5_258,0.21889065693897222
5_259,0.1484247624277454
5_260,0.16541480996875724
5_261,0.18146836757530826
5_262,0.18354615750753167
5_263,0.18354045262739438
5_264,0.18530356575914578
5_265,0.18631933738803608
5_266,0.2520852050344355
5_267,0.26873484679181087
5_268,0.2852484960033968
5_269,0.2867957472144456
5_270,0.2897847146583992
5_271,0.3627397293469152
5_272,0.3657430387379679
5_273,0.4518083169921168
5_274,0.4606544939057345
5_275,0.38599507900403274
5_276,0.38494493936403396
5_277,0.3861418733289937
5_278,0.3869669028865147
5_279,0.45840460462748345
5_280,0.3890544862149239
5_281,0.3791721394727254
5_282,0.3002118650951883
5_283,0.3011658868164054
5_284,0.30280588225336297
5_285,0.3015211148047838
5_286,0.28816545456863507
5_287,0.2774185225699761
5_288,0.19967065036039802
5_289,0.1855202649008433
5_290,0.18580605554587898
5_291,0.18634922258220232
5_292,0.18620304817641253
5_293,0.18223461636015992
5_294,0.16939535249256626
5_295,0.16907662115224736
5_296,0.18119014805153222
5_297,0.17967805275625642
5_298,0.17776141262124018
5_299,0.17527074921019734
5_300,0.1762168506130578
5_301,0.24684676143750117
5_302,0.2515301103942
5_303,0.2569892828952918
5_304,0.2590830760447565
5_305,0.26338054130236255
5_306,0.2796880081477031
5_307,0.2975402995308412
5_308,0.303457752624429
5_309,0.3150904066725421
5_310,0.2665272573708339
5_311,0.28092053338154455
5_312,0.354716856006724
5_313,0.36632112532146
5_314,0.3706811407999855
5_315,0.4445432982297855
5_316,0.4266121322237043
5_317,0.47920666114169236
5_318,0.4727650402354822
5_319,0.554268228250986
5_320,0.6374951276801816
5_321,0.5599286271809777
5_322,0.5595818875495496
5_323,0.5557578217972939
5_324,0.4811175166786987
5_325,0.551493121100736
5_326,0.4775752222759217
5_327,0.47797656914900877
5_328,0.41165195542233035
5_329,0.3525711820024571
5_330,0.34613790170925496
5_331,0.3399315662359763
5_332,0.330365776268675
5_333,0.4007113796027146
5_334,0.335924700211341
5_335,0.33577934096892775
5_336,0.3267991081019859
5_337,0.3282023642463892
5_338,0.33161433743586116
5_339,0.4014608930242881
5_340,0.3924494384289509
5_341,0.39162222872805835
5_342,0.3346810861806462
5_343,0.33484785368320613
5_344,0.3471094309730356
5_345,0.36157565527238894
5_346,0.3770450146015213
5_347,0.4515239367436483
5_348,0.38457532831815144
5_349,0.37896653046664747
5_350,0.44180057537132816
5_351,0.4402990036531262
5_352,0.5040711783276228
5_353,0.5060075740322874
5_354,0.49670199641780416
5_355,0.4888182487755942
5_356,0.42346658674031407
5_357,0.424900882431165
5_358,0.4293546205622782
5_359,0.364312783527285
5_360,0.38073103226372235
5_361,0.3379259520576735
5_362,0.3302951282339519
5_363,0.32339769080495867
5_364,0.3293209165599316
5_365,0.3227657340074775
5_366,0.3794924762784257
5_367,0.37874689751371626
5_368,0.37838954467546465
5_369,0.3805808118482497
5_370,0.37742310903476045
5_371,0.37706853126663364
5_372,0.3749261084627651
5_373,0.3840685707455891
5_374,0.3946020885408271
5_375,0.34798989731206853
5_376,0.3541402373690852
5_377,0.3572992672157138
5_378,0.35918285268141703
5_379,0.4197130609421594
5_380,0.4832463273925249
5_381,0.4804447599436133
5_382,0.47909511067692645
5_383,0.482220383313081
5_384,0.4793967984407153
5_385,0.47406809264212124
5_386,0.4712035106647865
5_387,0.47508907700183184
5_388,0.47695033075747273
5_389,0.4342494914358923
5_390,0.44651366191195757
5_391,0.44651472601116055
5_392,0.44631619252215926
5_393,0.44293500420081755
5_394,0.4272140177308978
5_395,0.48738591377753493
5_396,0.4741908027450948
5_397,0.41692768388344387
5_398,0.4168579124973037
5_399,0.4177605187275428
5_400,0.41806696196319243
5_401,0.4189044935508514
5_402,0.41878231762331003
5_403,0.41455763173209415
5_404,0.34390059628697667
5_405,0.34498976506998824
5_406,0.347123858746495
5_407,0.3434061696597812
5_408,0.3379397109328029
5_409,0.33541955889412384
5_410,0.3273588196256371
5_411,0.32516313703212024
5_412,0.3335272141458853
5_413,0.33362816926166344
5_414,0.3366843171594862
5_415,0.33960152085383816
5_416,0.33631192538242227
5_417,0.40089330397602013
5_418,0.40089187446309743
5_419,0.39917909796272827
5_420,0.4044675763459791
5_421,0.4046629830299524
5_422,0.40277872324592984
5_423,0.4007829864792536
5_424,0.39946534582239457
5_425,0.3978055367066936
5_426,0.3380464990251895
5_427,0.33972052996076996
5_428,0.3432206614399574
5_429,0.34592990007829544
5_430,0.34832091473214694
5_431,0.352699040507795
5_432,0.3420317259227689
5_433,0.3378036482132009
5_434,0.3444256402068794
5_435,0.3413026940851585
5_436,0.3378312855153282
5_437,0.3364252455614331
5_438,0.3362435692815093
5_439,0.3910308819363727
5_440,0.39306905038350176
5_441,0.39610889355794143
5_442,0.40090513240100606
5_443,0.41349513723082426
5_444,0.4263574450825258
5_445,0.4276562680448613
5_446,0.43077817792973855
5_447,0.42884705802409695
5_448,0.3716238400394631
5_449,0.4249994143553178
5_450,0.4216982340888462
5_451,0.42138806171299265
5_452,0.4217788498152344
5_453,0.41962339670800525
5_454,0.40987859865482046
5_455,0.3988753485068555
5_456,0.40077070571449047
5_457,0.40424080874546525
5_458,0.3519470633060846
5_459,0.35607739295337737
5_460,0.36393542297671133
5_461,0.3702241756087966
5_462,0.3771950928549343
5_463,0.38136954858156163
5_464,0.37535190343895647
5_465,0.3686626949428953
5_466,0.37265864840469
5_467,0.3781622541335528
5_468,0.3823574453148453
5_469,0.3832553162907995
5_470,0.38864866653373353
5_471,0.39644328571935733
5_472,0.4070844861288256
5_473,0.41389037070207885
5_474,0.4192071176661767
5_475,0.42520186992446435
5_476,0.4272159139771046
5_477,0.4230805242916361
5_478,0.4236409207272721
5_479,0.4252613595027292
5_480,0.42049854819614935
5_481,0.4164292164856167
5_482,0.42070198844014445
5_483,0.43232184813509283
5_484,0.4340037361373276
5_485,0.4362672512146711
5_486,0.44113930189243533
5_487,0.44500166947915293
5_488,0.506369541725798
5_489,0.5173235759331853
5_490,0.5226125733193819
5_491,0.5290445977739501
5_492,0.531480520334715
5_493,0.5229157861735484
5_494,0.5184995348636
5_495,0.5122230266052054
5_496,0.5129875143394641
5_497,0.5150601810472032
5_498,0.5086741334657333
5_499,0.5001737419036181
5_500,0.5027111619846022
5_501,0.5059385036373978
5_502,0.5596326877653096
5_503,0.5586537792564863
5_504,0.5602496432352764
5_505,0.559624588197619
5_506,0.5611929529375773
5_507,0.5587620870848847
5_508,0.5553973977344602
5_509,0.6158986465773926
5_510,0.6171082506718939
5_511,0.5571114960598582
5_512,0.5490660235857601
5_513,0.5496051422423273
5_514,0.5508513941101565
5_515,0.5468166509113719
5_516,0.5983351947569666
5_517,0.6471854362696221
5_518,0.6491099634619557
5_519,0.658312365813311
5_520,0.6653266397062407
5_521,0.6645935376153952
5_522,0.6619501950300309
5_523,0.6695052205668058
5_524,0.6666256960738031
5_525,0.6104487590153116
5_526,0.5579563616038776
5_527,0.5071373145321567
5_528,0.5100489936509112
5_529,0.5081966231465468
5_530,0.49370890429309783
5_531,0.4837256677230194
5_532,0.4802913817778139
5_533,0.4290535122705038
5_534,0.4024820448947981
5_535,0.3865962994970709
5_536,0.37018648201243515
5_537,0.3536165138799557
5_538,0.40585518274266447
5_539,0.3861314945488891
5_540,0.365018475356825
5_541,0.3566853599830645
5_542,0.351396158142173
5_543,0.3489774301331003
5_544,0.3458017088195659
5_545,0.3476759966827013
5_546,0.352913184619001
5_547,0.29793888135614705
5_548,0.3113702976678347
5_549,0.3254808443813041
5_550,0.325041230471918
5_551,0.3223877382997572
5_552,0.31797838882282103
5_553,0.3011950804207889
5_554,0.3516266782515943
5_555,0.3582740480552236
5_556,0.35531029600040565
5_557,0.35204370703957055
5_558,0.3521338564260912
5_559,0.3635769542096788
5_560,0.42583132364610393
5_561,0.42976903563467517
5_562,0.44290611048620354
5_563,0.39062993363518383
5_564,0.39930074539983795
5_565,0.46560391724857364
5_566,0.532198542189059
5_567,0.6011230009340218
5_568,0.602566905844298
5_569,0.5346335363672505
5_570,0.5350703230441293
5_571,0.5416721720497258
5_572,0.5498461125656712
5_573,0.5597491830031609
5_574,0.5065480488084528
5_575,0.4405850822059536
5_576,0.37817813570128195
5_577,0.3828529141069508
5_578,0.3878697000868803
5_579,0.39649696479695784
5_580,0.3909175405954818
5_581,0.39218669113110344
5_582,0.39483217379441876
5_583,0.38766170373576797
5_584,0.39355416194623644
5_585,0.4011129842864022
5_586,0.40971762454958033
5_587,0.41614915794972357
5_588,0.41660612541018827
5_589,0.4138964739198921
5_590,0.40891031975683867
5_591,0.40942082985060785
5_592,0.41157910446342105
5_593,0.4021737187833688
5_594,0.3875897995274383
5_595,0.37870904524667376
5_596,0.3761411859139519
5_597,0.43096841452169177
5_598,0.4371597189160065
5_599,0.4466324869775005
5_600,0.4474587603369166
5_601,0.4487206396686802
5_602,0.4501208702614625
5_603,0.451480037287109
5_604,0.5043050690305779
5_605,0.5021250636759844
5_606,0.4478181329606298
5_607,0.447227750049537
5_608,0.4445516938432857
5_609,0.44347575267276335
5_610,0.440979679125279
5_611,0.4400048806363605
5_612,0.42470112743023797
5_613,0.3535615649628437
5_614,0.3423085457926792
5_615,0.3310936206370215
5_616,0.3211740408459008
5_617,0.3073615051985545
5_618,0.30616731038368433
5_619,0.2934859822887266
5_620,0.2883012220139382
5_621,0.2944857675967534
5_622,0.3021374755942178
5_623,0.303710220122099
5_624,0.36907471314204315
5_625,0.4377760012612516
5_626,0.4421961129171519
5_627,0.5151717204586408
5_628,0.5274283604615347
5_629,0.5396961864963163
5_630,0.5486490201124641
5_631,0.5603169724120505
5_632,0.5721394828289526
5_633,0.5094906922743094
5_634,0.5066598912872067
5_635,0.5148154362209652
5_636,0.44922286204465395
5_637,0.44903311516274413
5_638,0.4492859760686974
5_639,0.4346794000581078
5_640,0.42924267704921387
5_641,0.41552833258273986
5_642,0.3921118955579378
5_643,0.31154855903418105
5_644,0.3010056334652851
5_645,0.2924068064644348
5_646,0.3526094070831496
5_647,0.343123700047963
5_648,0.3350205291482513
5_649,0.3296173099080262
5_650,0.3172410630314304
5_651,0.32701357500467937
5_652,0.32591281561200885
5_653,0.32360522957327165
5_654,0.3204687197779322
5_655,0.31849226611922726
5_656,0.3836733316987694
5_657,0.38589584310781816
5_658,0.3926552877672937
5_659,0.4011752657354528
5_660,0.4063841567482048
5_661,0.4007852102702042
5_662,0.39505394347793454
5_663,0.39970611918384735
5_664,0.33879152956904385
5_665,0.28658641206304847
5_666,0.29340643013153983
5_667,0.3022759772062369
5_668,0.3085082872045199
5_669,0.32191579440588897
5_670,0.3232403067863056
5_671,0.3317765403442441
5_672,0.3308206584486036
5_673,0.3331780213682525
5_674,0.34446925115268895
5_675,0.4126925371061349
5_676,0.40266926722713425
5_677,0.4582960430586293
5_678,0.4486917606481996
5_679,0.43849578219843705
5_680,0.49724514241461626
5_681,0.49384336838337317
5_682,0.4899532442617706
5_683,0.489572483889081
5_684,0.42010209425657336
5_685,0.42017943117136525
5_686,0.3572804404530964
5_687,0.36429317248654836
5_688,0.3693692383217353
5_689,0.3192521396789672
5_690,0.3196995907782606
5_691,0.32014826432921767
5_692,0.3200933735088523
5_693,0.3215416211752079
5_694,0.32631372187441054
5_695,0.3285098359511934
5_696,0.3288615253312753
5_697,0.3444678375359312
5_698,0.3527417932190811
5_699,0.3582768782807846
5_700,0.3621846262337006
5_701,0.41457362538969694
5_702,0.42273702322942563
5_703,0.43644604209505217
5_704,0.4379434500929311
5_705,0.4416294094480015
5_706,0.4410486819127638
5_707,0.4401669866136666
5_708,0.4898530954982219
5_709,0.49602166476479653
5_710,0.4409740654121364
5_711,0.4347538452178111
5_712,0.428538563562239
5_713,0.42202094106641674
5_714,0.416521448538767
5_715,0.47367654606279297
5_716,0.4699666453325271
5_717,0.4078145059641743
5_718,0.4040774447448306
5_719,0.40420814696301866
5_720,0.40453938454140753
5_721,0.40225556835598436
5_722,0.40064750112708847
5_723,0.3847763929467977
5_724,0.31551019696315435
5_725,0.3132223980484338
5_726,0.31075574696867525
5_727,0.3101300072057311
5_728,0.30829877577121545
5_729,0.3156097523407056
5_730,0.3132715563902063
5_731,0.3184032463251354
5_732,0.33456593274269986
5_733,0.35509450394383735
5_734,0.37031547715840196
5_735,0.38327563530970177
5_736,0.3902511246798995
5_737,0.3929684885086244
5_738,0.3907294356848999
5_739,0.4481167901729862
5_740,0.44018912747913186
5_741,0.49799932133124636
5_742,0.49529465258697536
5_743,0.492765930913219
5_744,0.489903433500655
5_745,0.4915080133135306
5_746,0.4944329186530481
5_747,0.49666537102144526
5_748,0.4445018979126922
5_749,0.4506846815127941
5_750,0.3957997930569426
5_751,0.3977014183074166
5_752,0.4018619537482782
5_753,0.40321107117079824
5_754,0.39291377069889016
5_755,0.3848294130402297
5_756,0.3782139941115503
5_757,0.3679608996125401
5_758,0.36590302511567474
5_759,0.36938278219801096
5_760,0.3744603397658217
5_761,0.380457177861994
5_762,0.38927317120762184
5_763,0.39619922224411497
5_764,0.4048814686929909
5_765,0.41478919184835444
5_766,0.4178854200782581
5_767,0.4188268634056964
5_768,0.42076177277217425
5_769,0.420753049967411
5_770,0.4757142793605744
5_771,0.47740096272466154
5_772,0.4815274660018709
5_773,0.4800325612801489
5_774,0.4767567651916019
5_775,0.47587656917463245
5_776,0.47307260983345345
5_777,0.46473665785780055
5_778,0.514745445430281
5_779,0.44474863008546484
5_780,0.42695870816040954
5_781,0.40685527893339263
5_782,0.38588101659501495
5_783,0.36718922513355917
5_784,0.34633943541250684
5_785,0.323968820380076
5_786,0.3172484191419881
5_787,0.25922938170767656
5_788,0.24465278582673075
5_789,0.23346494682524038
5_790,0.22103186913781606
5_791,0.20876078298746917
5_792,0.25576600011784484
5_793,0.23857012782119494
5_794,0.2244358529786613
5_795,0.2116512112557419
5_796,0.200127684159782
5_797,0.1887993142894635
5_798,0.19160014326324473
5_799,0.1976430561158791
5_800,0.19857899884117455
5_801,0.1290976484018145
5_802,0.1275123078998511
5_803,0.1267337823758484
5_804,0.19282243475325864
5_805,0.19175278517213765
5_806,0.19073205196759793
5_807,0.1764340727985371
5_808,0.16308905136551022
5_809,0.16223918756052205
5_810,0.159506668415967
5_811,0.15818293761365929
5_812,0.15751459717170965
5_813,0.08743383195967813
5_814,0.08811654645491752
5_815,0.08744522638597169
5_816,0.0896055300887239
5_817,0.08936982272796287
5_818,0.0893226062118533
5_819,0.07454747775399259
5_820,0.06093371820645037
5_821,0.061312279832306665
5_822,0.06275581503947952
5_823,0.06508505194251629
5_824,0.06619656719145027
5_825,0.06268822216151237
5_826,0.06178526757182767
5_827,0.06034518772272671
5_828,0.07037155252899163
5_829,0.08527914833534678
5_830,0.08626392348466314
5_831,0.08508736241257368
5_832,0.08633050530360811
5_833,0.0887153097360184
5_834,0.1758490532543003
5_835,0.19008751239675634
5_836,0.191471032077642
5_837,0.19179546380930146
5_838,0.19148627984823516
5_839,0.19188608230084084
5_840,0.27333760638401355
5_841,0.27361469125861915
5_842,0.2746853555775412
5_843,0.1942854687159241
5_844,0.1913877021183835
5_845,0.19236631629690598
5_846,0.1913868266659633
5_847,0.1914838016874453
5_848,0.2070487284068561
5_849,0.1320920278407981
5_850,0.13226528288785377
5_851,0.13111899016953635
5_852,0.131044669705975
5_853,0.12996691646800212
5_854,0.19525154033937803
5_855,0.26918407745168577
5_856,0.2709670986448454
5_857,0.28086121580428536
5_858,0.2824795592901423
5_859,0.29307931725846215
5_860,0.3055072402530035
5_861,0.3105551425681429
5_862,0.4050440363645872
5_863,0.33747922368492744
5_864,0.2691832602957559
5_865,0.3415356010673157
5_866,0.3568209497214679
5_867,0.3740861294930254
5_868,0.4501622624733397
5_869,0.452203082873258
5_870,0.45705940736879264
5_871,0.36816839195908657
5_872,0.44369480521931454
5_873,0.4421262447289849
5_874,0.36534995551621297
5_875,0.4406982856833995
5_876,0.4374309167806992
5_877,0.34794751396256257
5_878,0.33044597801920517
5_879,0.3299856091008356
5_880,0.31666475338308947
5_881,0.2256886134597439
5_882,0.22501219237819262
5_883,0.20998117710409553
5_884,0.12359489323106417
5_885,0.12086846663243211
5_886,0.11913929143629685
5_887,0.10299305856298298
5_888,0.08596946895608822
5_889,0.10120913330325071
5_890,0.10142667557424946
5_891,0.08442802494587986
5_892,0.08436822005458743
5_893,0.08439449399265284
5_894,0.08513888821120716
5_895,0.1658484424021305
5_896,0.1675267183314418
5_897,0.16762437740561656
5_898,0.16798247548057516
5_899,0.16872471792509633
5_900,0.16971678461382125
5_901,0.16971728866503014
5_902,0.1702028021893586
5_903,0.1688777971347346
5_904,0.08644589580792167
5_905,0.08675082673915074
5_906,0.08985110720123894
5_907,0.09093362855488406
5_908,0.09138037505491686
5_909,0.09220548298424752
5_910,0.07999989377984691
5_911,0.07172664842007513
5_912,0.07568205808786883
5_913,0.07803963276880341
5_914,0.0797392145254225
5_915,0.08119863509027576
5_916,0.0858107726970953
5_917,0.08998408147096293
5_918,0.09310834747170141
5_919,0.0975834813654429
5_920,0.10345053445961702
5_921,0.10354618658952691
5_922,0.10905220603355914
5_923,0.11721326974822951
5_924,0.12278603698864293
5_925,0.12506049620322082
5_926,0.125449408069884
5_927,0.12801173223976053
5_928,0.13162346967524186
5_929,0.13631998835978024
5_930,0.14020626000147232
5_931,0.14213155634098174
5_932,0.1432960596524227
5_933,0.15080645809889534
5_934,0.15394740495518355
5_935,0.16231711824572695
5_936,0.15584219895892495
5_937,0.16325234891784685
5_938,0.17017215155580315
5_939,0.23749728312163493
5_940,0.3136382811749409
5_941,0.3051590519241066
5_942,0.3095211100853102
5_943,0.3991035789733352
5_944,0.3930186174286189
5_945,0.3926774490674507
5_946,0.39021505920636523
5_947,0.3884394311055079
5_948,0.3896173096791197
5_949,0.3193171912345677
5_950,0.3322333241082372
5_951,0.3311339461177241
5_952,0.2600223436025498
5_953,0.25831487053041957
5_954,0.24190654920854596
5_955,0.3123339624175433
5_956,0.30089041672530253
5_957,0.21986630141542257
5_958,0.20581429226275794
5_959,0.20434292149026456
5_960,0.21801439066153802
5_961,0.21830520569259176
5_962,0.22066851619372183
5_963,0.20750880935321234
5_964,0.1294586154036724
5_965,0.19720196810153945
5_966,0.1994774667454063
5_967,0.2011197493172828
5_968,0.20283723836293757
5_969,0.20533807290843914
5_970,0.19543696401013028
5_971,0.182615728939769
5_972,0.18105827562851026
5_973,0.19262380383033156
5_974,0.14327617951380647
5_975,0.14286538795105105
5_976,0.1462977446921012
5_977,0.14710047747790236
5_978,0.1453262758790247
5_979,0.20719918100447932
5_980,0.19482065493725975
5_981,0.1834055917615266
5_982,0.18429601413988553
5_983,0.2009197133053193
5_984,0.21642202382596304
5_985,0.2154069140652338
5_986,0.21828007213040995
5_987,0.2193096432812482
5_988,0.1491056541243302
5_989,0.22026385445450455
5_990,0.21740535760962587
5_991,0.2131447223365124
5_992,0.20849493111005712
5_993,0.2058953001961036
5_994,0.18843745022651592
5_995,0.17239494726062252
5_996,0.1713778356429649
5_997,0.1777015890932461
5_998,0.10303777784254245
5_999,0.10482043391821669
5_1000,0.10440337178264487
5_1001,0.10420177363200077
5_1002,0.1045710032832031
5_1003,0.10514842555940417
5_1004,0.10584692009840156
5_1005,0.10635921363137454
5_1006,0.10074799985397011
6_639,0.1810004574283786
6_640,0.18031520058034117
6_642,0.17775744342699412
6_643,0.17560440179680267
6_644,0.1740611114433709
6_645,0.1727446125890004
6_646,0.1721525037792519
6_647,0.17102001786891943
6_648,0.16949111305711276
6_649,0.16828426794575468
6_650,0.1675467462893798
6_651,0.23403919367651232
6_652,0.23504937051751243
6_653,0.30481459065711436
6_654,0.30589682836806137
6_655,0.400259574822534
6_656,0.4094134430480545
6_657,0.4214466647251686
6_658,0.43555386279881325
6_659,0.4366594400352377
6_660,0.36134708899631324
6_661,0.433768242426786
6_662,0.35935576065235647
6_663,0.4470073979656736
6_664,0.39022728828636133
6_666,0.3906755176023827
6_667,0.3754176015259482
6_668,0.36098709995351014
6_669,0.3465638436141178
6_670,0.41072482463381216
6_671,0.3323999833508089
6_672,0.3309089368848726
6_673,0.25940384052609994
6_674,0.25734221195097984
6_675,0.2565193487122494
6_676,0.25738173060181524
6_677,0.314041852372034
6_678,0.3029435331359964
6_679,0.2147737584072138
6_680,0.203345245880667
6_681,0.22036060849354427
6_682,0.23970079131464667
6_683,0.24285955509126667
6_684,0.2598339826364103
6_685,0.2600412789838488
6_686,0.17542262125435878
6_687,0.2417893359701042
6_688,0.25398966112250637
6_689,0.25546218875376486
6_690,0.3384912613242438
6_691,0.33231581264333415
6_692,0.31389393488994627
6_693,0.2984948047755994
6_694,0.3914341052405297
6_695,0.48834549662513216
6_696,0.4010524105524976
6_697,0.3991064595274382
6_698,0.3981615429973309
6_699,0.3182724926158434
6_700,0.3981865706620214
6_701,0.3993539324073899
6_702,0.3971109329678027
6_703,0.31702557457603836
6_704,0.24748516518223876
6_705,0.2320118397972293
6_706,0.21644887196132873
6_707,0.21777934923345593
6_708,0.2932414269948056
6_709,0.2057794139463235
6_710,0.19867560341849083
6_711,0.18600417506781036
6_712,0.1987996304150341
6_713,0.21219538813699787
6_714,0.21191038640661713
6_715,0.19777036694526892
6_716,0.1842758053475483
6_717,0.13314478084752376
6_718,0.21636314041175192
6_719,0.21892646234142502
6_720,0.22307437626506227
6_721,0.2416978148963427
6_722,0.26071743060142394
6_723,0.31913983772504134
6_724,0.3071563941726448
6_725,0.3084221281294991
6_726,0.32278419375688927
6_727,0.336502712129093
6_728,0.3345649318741772
6_729,0.33267552192879885
6_730,0.3293981534588581
6_731,0.32941392560222715
6_732,0.33294182574658937
6_733,0.3209712316844321
6_734,0.3096155385171758
6_735,0.310092770437228
6_736,0.23615407718253778
6_737,0.23730904562236133
6_738,0.22183759392252023
6_739,0.20966777521472932
6_740,0.21023731707614968
6_741,0.1427798514794511
6_742,0.12485189829241809
6_743,0.12388416632966473
6_744,0.13684998106550664
6_745,0.13512880789020906
6_746,0.13346351038009516
6_747,0.11676856721960495
6_748,0.09944238539275412
6_749,0.16619129062003313
6_750,0.16563826695667141
6_751,0.16395182174173645
6_752,0.1614114678632318
6_753,0.15890028352810118
6_754,0.17068201540094952
6_755,0.18174785256207623
6_756,0.1781696185049919
6_757,0.17594482419230908
6_758,0.10911292913750391
6_759,0.10661933790998968
6_760,0.16968726869233636
6_761,0.18328010955435634
6_762,0.1969496637374612
6_763,0.1960220620429565
6_764,0.18154152967102571
6_765,0.16955691979606208
6_766,0.17368556143558803
6_767,0.2567857546648266
6_768,0.2611520112353091
6_769,0.178818981180156
6_770,0.17946781942714687
6_771,0.17951343558419433
6_772,0.18045406681148832
6_773,0.17984372749946015
6_774,0.17887776396816132
6_775,0.16296271598362208
6_776,0.07985764950842433
6_777,0.08026299032107635
6_778,0.08185425325858774
6_779,0.08277856144153445
6_780,0.08369851983241032
6_781,0.08628344572587779
6_782,0.06971089901219632
6_783,0.05156466231549389
6_784,0.05205396561908195
6_785,0.049624682371331434
6_786,0.0480169394680023
6_787,0.046983135351626515
6_788,0.044867927087249584
6_789,0.043342011950756376
6_790,0.04527573078590036
6_791,0.0635369006279439
6_792,0.08481164248812434
6_793,0.1010533018459937
6_794,0.11944254679739649
6_795,0.12196029654997353
6_796,0.12250406895438172
6_797,0.18957257540577221
6_798,0.19048016269417395
6_799,0.26759264995687543
6_800,0.26845004407182244
6_801,0.2664419785634207
6_802,0.2654965402659412
6_803,0.27120041361352126
6_804,0.2811737638784364
6_805,0.2933772707371268
6_806,0.23215550972516702
6_807,0.24659780549306595
6_808,0.1948748731041895
6_809,0.2110775361468904
6_810,0.22940391133776109
6_811,0.24454432933054773
6_812,0.24404686642650375
6_813,0.24599584433702187
6_814,0.24855716721150814
6_815,0.25195448252954084
6_816,0.2585167267453379
6_817,0.2657160507562575
6_818,0.26708361229432476
6_819,0.27069180795316816
6_820,0.33474739757767186
6_821,0.33878139476273117
6_822,0.3424398498983512
6_823,0.3458485453285413
6_824,0.34257341537979447
6_825,0.3300644094161009
6_826,0.3170903327303794
6_827,0.30696755227387346
6_828,0.2896902146546769
6_829,0.21077400790536416
6_830,0.19494823327271893
6_831,0.1947908999187466
6_832,0.19749369576303336
6_833,0.18305339769052756
6_834,0.18361984209628246
6_835,0.18293569284644248
6_836,0.17184627001385164
6_837,0.24277921148275203
6_838,0.24359187606457836
6_839,0.24453086089102394
6_840,0.3199794212594979
6_841,0.31830931064689344
6_842,0.3196027656309379
6_843,0.3298706612541007
6_844,0.3429930534177693
6_845,0.34399959092812904
6_846,0.27159268481034154
6_847,0.27416592813932544
6_848,0.278151421537668
6_849,0.28150549518605045
6_850,0.2862668459789
6_851,0.28992871658790764
6_852,0.2803718343672132
6_853,0.27101221102612477
6_854,0.2785531513159306
6_855,0.2801641271125334
6_856,0.2813629153719915
6_857,0.2838208054720249
6_858,0.22430065304628732
6_859,0.22498415104231825
6_860,0.22593509147797156
6_861,0.2896246026170922
6_862,0.3058903316908652
6_863,0.3225836435610792
6_864,0.31361593527426734
6_865,0.30497466001198964
6_866,0.3099241482575137
6_867,0.3122439926494372
6_868,0.38220916068938443
6_869,0.38315054361723394
6_870,0.3235707747953455
6_871,0.3361120737627716
6_872,0.34755762934056483
6_873,0.3584792683647557
6_874,0.3574078769057697
6_875,0.35574394695562706
6_876,0.4150674342380883
6_877,0.34895872618676466
6_878,0.42558108820155977
6_879,0.43203682927869486
6_880,0.4386798877703064
6_881,0.44497152402596357
6_882,0.45243121240530104
6_883,0.5206761146312114
6_884,0.519642856339441
6_885,0.4573689564097303
6_886,0.4646598416128337
6_887,0.4110311231552829
6_888,0.4203086437325896
6_889,0.4923940773946517
6_890,0.5028919183711369
6_891,0.500082909652848
6_892,0.43622290466955366
6_893,0.42918368734923884
6_894,0.484056385706894
6_895,0.4825233859798404
6_896,0.5498402555534928
6_897,0.5474387234867747
6_898,0.47895063929146736
6_899,0.4729506516757097
6_900,0.46151845341054887
6_901,0.44428609603412766
6_902,0.43018962881119244
6_903,0.3530582184144521
6_904,0.3996479619637173
6_905,0.31795915899025395
6_906,0.30493437988981814
6_907,0.287468044567608
6_908,0.272274630929404
6_909,0.270878091692113
6_910,0.27026093203076323
6_911,0.2641663692840481
6_912,0.2615216343202828
6_913,0.1993983122426547
6_914,0.20297187642012868
6_915,0.2724364375865546
6_916,0.2870638719489222
6_917,0.30132461080757583
6_918,0.3174892122391814
6_919,0.3825363003865842
6_920,0.3854853823973558
6_921,0.404288414610955
6_922,0.4261566557013459
6_923,0.4443817951507681
6_924,0.3804741224365274
6_925,0.3967366278712374
6_926,0.41110435404551376
6_927,0.409139889076115
6_928,0.4115615757429434
6_929,0.4141933808403066
6_930,0.40239850025557444
6_931,0.44798334979527865
6_932,0.4447650628861389
6_933,0.4394075813039298
6_934,0.4307889028790083
6_935,0.42132296571409755
6_936,0.414473996925346
6_937,0.3416035103435864
6_938,0.3331013596993288
6_939,0.3241847854902233
6_940,0.27002703908102693
6_941,0.27652224737718306
6_942,0.280416692210511
6_943,0.28451933397475965
6_944,0.2803699695264495
6_945,0.29099576788565046
6_946,0.3427366310316289
6_947,0.3361401205212258
6_948,0.40480099293867977
6_949,0.4099425359465664
6_950,0.4204181412149156
6_951,0.43074410951511133
6_952,0.4321904177940141
6_953,0.43201043490012303
6_954,0.4304447562780986
6_955,0.3716368166403015
6_956,0.4324011500378765
6_957,0.3759258876887697
6_958,0.3885458107707662
6_959,0.4012201546954675
6_960,0.3999984813401135
6_961,0.3883248072984783
6_962,0.37776490846654665
6_963,0.36667612344505957
6_964,0.4253150765302017
6_965,0.36358288849423465
6_966,0.3589745521039942
6_967,0.3585351532846222
6_968,0.3548534303618902
6_969,0.35261287818842724
6_970,0.3524533270605196
6_971,0.40510106618064756
6_972,0.4652031789476297
6_973,0.40560643436496546
6_974,0.4201002830850509
6_975,0.42300602026055045
6_976,0.4252600325629319
6_977,0.4270118822915818
6_978,0.42261542985720724
6_979,0.4788673210073152
6_980,0.3955673302157677
6_981,0.3292447505425576
6_982,0.3249386036118456
6_983,0.3171045227682175
6_984,0.3135072111764794
6_985,0.30969994969247877
6_986,0.2974143016053314
6_987,0.289801941586683
6_988,0.21425424040299923
6_989,0.20775049549199417
6_990,0.2027633934812756
6_991,0.19592595003309415
6_992,0.20549118943118144
6_993,0.2139709786031763
6_994,0.1955054943632958
6_995,0.17886387958492
6_996,0.1705564801959226
6_997,0.16571775712201975
6_998,0.22462561879780313
6_999,0.22182967731358014
6_1000,0.22101151557778076
6_1001,0.2156387621898907
6_1002,0.20880739027027642
6_1003,0.20266419079165937
6_1004,0.1979620995695654
6_1005,0.19558120178562524
6_1006,0.19311377776570302
6_1007,0.12002300794215305
6_1008,0.115278298896407
6_1009,0.1088930118329462
6_1010,0.10580736128541214
6_1011,0.11777991859665561
6_1012,0.12903699704614222
6_1013,0.10982630230893436
6_1014,0.0903999886220662
6_1015,0.08610643490956699
6_1016,0.08309238861617493
6_1017,0.14989769905147107
6_1018,0.1498366331511017
6_1019,0.1513437730206353
6_1020,0.15332023703246123
6_1021,0.154551415556511
6_1022,0.1583122958306817
6_1023,0.17795099691023247
6_1024,0.1968840788423145
6_1025,0.2008063316760516
6_1026,0.13005262293152
6_1027,0.12886552607104734
6_1028,0.126000134000883
6_1029,0.193500558438483
6_1030,0.18954445396811978
6_1031,0.18738189763616267
6_1032,0.1855977545317985
6_1033,0.186491277708455
6_1034,0.1872831252531231
6_1035,0.19173133317591462
6_1036,0.19205933157088012
6_1037,0.19512541125967237
6_1038,0.1956541216501977
6_1039,0.19609118355772448
6_1040,0.19628260639629003
6_1041,0.19389611221623304
6_1042,0.1927728501755792
6_1043,0.1907637462396313
6_1044,0.1750410975448073
6_1045,0.16284362223623208
6_1046,0.16233872331745072
6_1047,0.08531687084454716
6_1048,0.08385133275124267
6_1049,0.08497961393797793
6_1050,0.08617488605573186
6_1051,0.08649138246156804
6_1052,0.08440221532443828
6_1053,0.0670239534694728
6_1054,0.04994790486069278
6_1055,0.051816199925569385
6_1056,0.05304528842634864
6_1057,0.056668092779387336
6_1058,0.0561879658070213
6_1059,0.0550152871069974
6_1060,0.053266228561939404
6_1061,0.05395915319092363
6_1062,0.05403093672805418
6_1063,0.05492927888416199
6_1064,0.054385260400719324
6_1065,0.053724719751963336
6_1066,0.05189775689201548
6_1067,0.0526287042048308
6_1068,0.06919114455610399
6_1069,0.08767255403288932
6_1070,0.08784826737802799
6_1071,0.08754104052808985
6_1072,0.08676534593006427
6_1073,0.08631729789881187
6_1074,0.16220903237172732
6_1075,0.16253178970253818
6_1076,0.1730754720517299
6_1077,0.1839696412214594
6_1078,0.18145261778878022
6_1079,0.19400702773449077
6_1080,0.20897931988268484
6_1081,0.20987927177299492
6_1082,0.29649200917301294
6_1083,0.2421995604018026
6_1084,0.2449633328855137
6_1085,0.3136005606457155
6_1086,0.3135222264049791
6_1087,0.31324238011429556
6_1088,0.3876663493630192
6_1089,0.3747375023739706
6_1090,0.3609587301528288
6_1091,0.2781902587258922
6_1092,0.27747542644074685
6_1093,0.29210835024012205
6_1094,0.238183809243445
6_1095,0.23943877947367168
6_1096,0.23700669848291897
6_1097,0.15842789491624806
6_1098,0.14379979313600344
6_1099,0.2063550809967384
6_1100,0.19081466383745252
6_1101,0.17402210772076565
6_1102,0.17399361774141653
6_1103,0.15850719235736252
6_1104,0.14524478464972945
6_1105,0.14356069945465535
6_1106,0.14563747239668676
6_1107,0.147769671894191
6_1108,0.0813568444347261
6_1109,0.08338918408995152
6_1110,0.08428861310345784
6_1111,0.08392597890787801
6_1112,0.08367743300154593
6_1113,0.08427533339047863
6_1114,0.06723505897050691
6_1115,0.05104707616088147
6_1116,0.052673586436125505
6_1117,0.053376774501134525
6_1118,0.07024606935842471
6_1119,0.08733645426681448
6_1120,0.10795214997070203
6_1121,0.12621489082002543
6_1122,0.13213500280002455
6_1123,0.13758118639341765
6_1124,0.20430669173131594
6_1125,0.22083830954222344
6_1126,0.3076962715152195
6_1127,0.307752284090629
6_1128,0.3058320855471634
6_1129,0.3053727948440378
6_1130,0.3023440921277056
6_1131,0.3827832702778296
6_1132,0.38400293320264767
6_1133,0.3001693741061338
6_1134,0.3004476641040181
6_1135,0.22539445502963673
6_1136,0.22572778486338904
6_1137,0.2278270328061774
6_1138,0.2428264981629329
6_1139,0.24530467351291396
6_1140,0.16663543828145444
6_1141,0.1526132121704589
6_1142,0.13930501502372467
6_1143,0.1572319055020349
6_1144,0.23960612184301797
6_1145,0.24068893784182427
6_1146,0.22637905448189594
6_1147,0.21156702413922046
6_1148,0.2252768947218347
6_1149,0.31626012581852636
6_1150,0.3178575844620808
6_1151,0.319021435937256
6_1152,0.32101431729558416
6_1153,0.246679688870036
6_1154,0.32584187825612204
6_1155,0.3403444145962866
6_1156,0.3517885975319462
6_1157,0.36693560174094186
6_1158,0.29332142155485
6_1159,0.28040565016131674
6_1160,0.26981819952039793
6_1161,0.34530452498448144
6_1162,0.42705415696982313
6_1163,0.3428231988480431
6_1164,0.327262878665943
6_1165,0.32365438637791505
6_1166,0.33083505884396125
6_1167,0.32987126152166324
6_1168,0.32908534740386447
6_1169,0.31704347503184827
6_1171,0.22287577571652858
6_1172,0.22501925880133775
6_1173,0.2246523544708737
6_1175,0.22355213737622578
6_1176,0.21863716980022369
6_1177,0.21501335989505377
6_1178,0.1982429156430379
6_1179,0.1875705944215672
6_1180,0.18632776258261466
6_1181,0.200829062258146
6_1182,0.13415211515448483
6_1183,0.13220071328603136
6_1184,0.13595948387101997
6_1185,0.13946732677582613
6_1186,0.22007571051075941
6_1187,0.2369182105051252
6_1188,0.22239920172658068
6_1189,0.20517051849558518
6_1190,0.20612391303105643
6_1191,0.2108717625979796
6_1192,0.30035073517456756
6_1193,0.31643047696479354
6_1196,0.3180333564490565
6_1197,0.24867102309574401
6_1198,0.24809449530323974
6_1199,0.2632360636396588
6_1200,0.3463844778876198
6_1201,0.3415591963465607
6_1202,0.33394903647642
6_1203,0.2473080893235749
6_1204,0.22963473206882173
6_1205,0.2998633502838727
6_1206,0.2989098663844115
6_1207,0.29683338733437625
6_1208,0.29641009146743397
6_1209,0.20462890392643857
6_1210,0.19069691357286647
6_1211,0.19145312376981202
6_1212,0.20678725132461334
6_1213,0.2213259655306094
6_1215,0.15319937999949296
6_1216,0.13355450578531175
6_1217,0.11461164640079143
6_1218,0.11311456024531232
6_1219,0.1780434798402649
6_1220,0.17753020347798673
6_1221,0.1647433003957315
6_1222,0.1502381876901539
6_1223,0.16589203096166008
6_1224,0.1833233439073955
6_1225,0.18803003699518836
6_1226,0.19194998878923417
6_1227,0.19630116064534406
6_1229,0.14409051942291323
6_1230,0.22654768214859464
6_1231,0.243343254320345
6_1232,0.26118460870597204
6_1233,0.2630972288925725
6_1234,0.2634025990684012
6_1236,0.3178535261023175
6_1237,0.3009977169691246
6_1238,0.38210955242427885
6_1240,0.3949813355849937
6_1241,0.329757155481747
6_1242,0.32885368530417763
6_1243,0.32900787155620603
6_1245,0.32523949051680734
6_1246,0.32293720512349217
6_1248,0.3255325206120999
6_1249,0.31210355155512115
6_1250,0.2247770726691626
6_1251,0.22468593515243224
6_1252,0.22494145160422294
6_1253,0.22634595534616714
6_1254,0.22806498691730323
6_1256,0.2290868315904147
6_1257,0.2161796979217235
6_1258,0.13103580936424264
6_1259,0.1295848011015725
6_1260,0.127821787626532
6_1261,0.19378712331975176
6_1262,0.19234155585587298
6_1263,0.19131677972157216
6_1265,0.17678754823568754
6_1267,0.17763896405349452
6_1268,0.19202964912102594
6_1269,0.2056662991171385
6_1270,0.2214188139762962
6_1271,0.2216339054524775
6_1273,0.15471682480935603
6_1274,0.21897732082110208
6_1275,0.2185203141496912
6_1276,0.29338597814176853
6_1277,0.2898935781748911
6_1278,0.3086558216031734
6_1279,0.3349096885463729
6_1281,0.37182214891791304
6_1282,0.4259079639095642
7_0,0.10361416637455563
7_1,0.21496606612709301
7_2,0.19555574693375635
7_3,0.1813383622092685
7_4,0.16999713980874362
7_5,0.16999196862314359
7_6,0.17057153306327816
7_7,0.17040837063614928
7_8,0.17298921810355644
7_9,0.17539524966816325
7_10,0.10589369987265985
7_11,0.1068278310841042
7_12,0.10629935791448311
7_13,0.10655433677858067
7_14,0.1059475864892597
7_15,0.10480845776036149
7_16,0.08913528181819863
7_17,0.07448397681270878
7_18,0.07105310861339374
7_19,0.06970668183016528
7_20,0.07113912346407979
7_21,0.07188063018779217
7_22,0.06965666753638587
7_23,0.06913366028659941
7_24,0.0687730725662533
7_25,0.06717311055078226
7_26,0.06507283051501596
7_27,0.06415137510145504
7_28,0.06345584638905259
7_29,0.06180940688552849
7_30,0.06121007005862943
7_31,0.059974644725645516
7_32,0.062465957303006824
7_33,0.06751548810846347
7_34,0.07164924354635877
7_35,0.07284843493090952
7_36,0.07797880728051458
7_37,0.08160533529697706
7_38,0.08164960759178246
7_39,0.08489919541525122
7_40,0.08535984015263809
7_41,0.08453847860286401
7_42,0.08466131338986257
7_43,0.08754079012916342
7_44,0.0871435500372148
7_45,0.09877632372047633
7_46,0.11198763777694562
7_47,0.11111340897578982
7_48,0.10819276297058471
7_49,0.10739295957823732
7_50,0.10460269699729874
7_51,0.1754619080834247
7_52,0.17167600300052524
7_53,0.17545777579136923
7_54,0.17817681088559367
7_55,0.18275619534088805
7_56,0.1897085890406567
7_57,0.19783432894846203
7_58,0.20507516385149246
7_59,0.21306945917578565
7_60,0.13923766902471782
7_61,0.1577910391507864
7_62,0.17461565786810757
7_63,0.17499303916057432
7_64,0.17766580299320114
7_65,0.18079061564505827
7_66,0.16733976752017762
7_67,0.23200721658221501
7_68,0.24586093166521583
7_69,0.24395206159656682
7_70,0.24251291428349442
7_71,0.24156455051047318
7_72,0.23987398380849684
7_73,0.3119014159373299
7_74,0.3187325600523402
7_75,0.32952306820384997
7_76,0.27767486686652965
7_77,0.29112291778204014
7_78,0.2906159855905123
7_79,0.3073855159459189
7_80,0.38720027647741845
7_81,0.38561363370966756
7_82,0.371851531974811
7_83,0.35826266197899737
7_84,0.3613224811263095
7_85,0.4369771316189752
7_86,0.43876013659222124
7_87,0.4391358868883961
7_88,0.4325314544898565
7_89,0.33976319943170735
7_90,0.3425959553598754
7_91,0.2647838189353617
7_92,0.2680027307037349
7_93,0.26835080265363676
7_94,0.20096258671951112
7_95,0.19886191360264652
7_96,0.19646115330566252
7_97,0.1801088664299729
7_98,0.17615552632120288
7_99,0.18802835275963298
7_100,0.16837165173715482
7_101,0.2220737945526632
7_102,0.21854835548361243
7_103,0.21665575828675024
7_104,0.30164969171859884
7_105,0.308993622473081
7_106,0.320349155978277
7_107,0.32252676088241755
7_108,0.32454339296424645
7_109,0.33150782180611793
7_110,0.25899003547216093
7_111,0.35202650792117357
7_112,0.36491956742853604
7_113,0.2902045588119716
7_114,0.29118095738104216
7_115,0.2905756451016219
7_116,0.27614130560841255
7_117,0.33744486802231327
7_118,0.3320333593609376
7_119,0.31503453681892046
7_120,0.23834268080896348
7_121,0.25215074410420324
7_122,0.25405301508941236
7_123,0.25546501019445617
7_124,0.2584107645497185
7_125,0.2640104886145183
7_126,0.24968849831983625
7_127,0.2385540818473259
7_128,0.2433670164527602
7_129,0.2480523006411183
7_130,0.25076966636443815
7_131,0.25247490899687697
7_132,0.24569039187055564
7_133,0.2415386151586007
7_134,0.24390824212551507
7_135,0.1664765228766041
7_136,0.16637109434049055
7_137,0.16277062429251146
7_138,0.1629941719425753
7_139,0.16629697568671528
7_140,0.1692142749644938
7_141,0.16053202060032234
7_142,0.15367684489212724
7_143,0.162022430824827
7_144,0.17166492360475788
7_145,0.17358819207248757
7_146,0.17443736990662195
7_147,0.1745291038409396
7_148,0.17330044628955335
7_149,0.26184792161713
7_150,0.2674540627152479
7_151,0.264472702179116
7_152,0.26144633453255667
7_153,0.2632435533620063
7_154,0.25992706957947886
7_155,0.33805666120832156
7_156,0.339100988102566
7_157,0.3417675702306173
7_158,0.2601115999165318
7_159,0.2566307531016312
7_160,0.2525379401127126
7_161,0.2513015371927841
7_162,0.24795193120709103
7_163,0.24533847827419145
7_164,0.15837240813693046
7_165,0.1471295237137198
7_166,0.15690796336780613
7_167,0.16923650363452739
7_168,0.16849366472681554
7_169,0.1672249906150073
7_170,0.15087404585726785
7_171,0.1368542375485636
7_172,0.2263080317187812
7_173,0.22982920642245633
7_174,0.2210688097701486
7_175,0.2319428847716886
7_176,0.24473726683326869
7_177,0.24081715683778215
7_178,0.31176953597234236
7_179,0.30908161288469505
7_180,0.30795144672382985
7_181,0.3082393744684772
7_182,0.3082170387268431
7_183,0.30894289748471926
7_184,0.31184243820364893
7_185,0.31598480813205737
7_186,0.3177205031782956
7_187,0.22944300067073153
7_188,0.217267407843952
7_189,0.21791289436563507
7_190,0.14590767371476684
7_191,0.1452771266146985
7_192,0.14269842140666208
7_193,0.13943148275239878
7_194,0.1356439121579968
7_195,0.13341455623760637
7_196,0.11542316934791719
7_197,0.09995859149627931
7_198,0.10165845959669123
7_199,0.17075889312291884
7_200,0.17348371870335805
7_201,0.1744843237572937
7_202,0.17444001858986197
7_203,0.18910742280178708
7_204,0.2057066426064545
7_205,0.20961443024003273
7_206,0.21296503477693624
7_207,0.21706605872769336
7_208,0.16743523510985697
7_209,0.23750658266494612
7_210,0.2543323035497879
7_211,0.2570925004889004
7_212,0.25859003940546804
7_213,0.2589249455564694
7_214,0.31642205229620196
7_215,0.38636732084560577
7_216,0.3891200096532764
7_217,0.3959783776177599
7_218,0.3231634198845853
7_219,0.3349339359509109
7_220,0.34686725649622085
7_221,0.358188660690318
7_222,0.36954526507671315
7_223,0.29708973199048455
7_224,0.21920464103892628
7_225,0.22468969437596026
7_226,0.24015021492924915
7_227,0.2366453074266943
7_228,0.23361627993315742
7_229,0.21421524803069825
7_230,0.20384158770818714
7_231,0.2652600435784753
7_232,0.2648439720725357
7_233,0.27143671425614474
7_234,0.27557508653110846
7_235,0.26852501359865927
7_236,0.2639801539407407
7_237,0.2722967806458397
7_238,0.28184590065565374
7_239,0.35884032481811995
7_240,0.2777341408994769
7_241,0.27314141956553584
7_242,0.2705270293588281
7_243,0.3483339471611047
7_244,0.3431375847303351
7_245,0.334080262324121
7_246,0.3168596467263534
7_247,0.29954767613441635
7_248,0.2263316900675081
7_249,0.23742134716930008
7_250,0.23485893121127105
7_251,0.23622970962372233
7_252,0.1765922909949747
7_253,0.1814592617854863
7_254,0.23390905571271056
7_255,0.2279958586475104
7_256,0.24422129827071665
7_257,0.2532724259946277
7_258,0.25506169062496964
7_259,0.24495847000035775
7_260,0.242907108185988
7_261,0.23629741158626677
7_262,0.3116069858851189
7_263,0.3123447478660937
7_264,0.30700596767115296
7_265,0.30142671815847305
7_266,0.2939043313827472
7_267,0.28492575915860696
7_268,0.2787475458441882
7_269,0.2654930637782422
7_271,0.2510370033013248
7_272,0.16293650925639308
7_273,0.08817237474297192
7_274,0.08499132192962117
7_275,0.08235743540911347
7_276,0.08475398968240667
7_277,0.10319611120736043
7_278,0.10377865974563397
7_279,0.09760326016525632
7_280,0.08389821608525906
7_281,0.0877435481181046
7_282,0.0906597424138945
7_283,0.16260855222151804
7_284,0.1627913191388767
7_285,0.1609176736762694
7_286,0.160342944085984
7_287,0.16193378915469736
7_288,0.16283624684771483
7_289,0.17799570568417153
7_290,0.1937908659116608
7_291,0.19477170661017132
7_292,0.1295516226083469
7_293,0.147140926993285
7_294,0.16420010148905598
7_295,0.23065902831087687
7_296,0.24596693106929687
7_297,0.26050391598096234
7_298,0.2462287806990268
7_299,0.3016161343518914
7_300,0.3014491534648031
7_301,0.30463404704909575
7_302,0.3853173637505377
7_303,0.3879672762978883
7_304,0.31021495902281837
7_305,0.31223986140394483
7_306,0.31402984353940316
7_307,0.3189990608797031
7_308,0.2513023678088958
7_309,0.2558710117842952
7_310,0.24295002459819695
7_311,0.16676824003391444
7_312,0.16920398946493131
7_313,0.18624372355189336
7_314,0.19019239742524688
7_315,0.18070688163202095
7_316,0.1821625269629988
7_317,0.17197807773517523
7_318,0.16014320250644484
7_319,0.23755686590817127
7_320,0.23950046503776312
7_321,0.24502546135780728
7_322,0.26045190386734557
7_323,0.27498257153798383
7_324,0.2778268994614783
7_325,0.28371909967082043
7_326,0.28630546105447185
7_327,0.2907866191966455
7_328,0.2916048421870046
7_329,0.29382296168866046
7_330,0.2963831098280625
7_331,0.2975536962477197
7_332,0.31126817935674334
7_333,0.32539129772935543
7_334,0.30864336957015226
7_335,0.29524845113089593
7_336,0.29581322089925066
7_337,0.2513072724993867
7_338,0.32546184308751447
7_339,0.327121093808778
7_340,0.32866334191529695
7_341,0.3302900887136291
7_342,0.3305807884324107
7_343,0.3883330746039251
7_344,0.3800922599318563
7_345,0.3825790123914544
7_346,0.385015943266502
7_347,0.3121648039888741
7_348,0.32141431785868035
7_349,0.3315167324223148
7_350,0.3311033635807635
7_351,0.3324660434526451
7_352,0.28413402223223017
7_353,0.285931564778833
7_354,0.3339782352971994
7_355,0.3464319936316444
7_356,0.3562974559866597
7_357,0.35899917109922763
7_358,0.41126937713249395
7_359,0.39850442581222345
7_360,0.3949007047273555
7_361,0.4643996824288157
7_362,0.4723389929414932
7_363,0.4140675717129963
7_364,0.41256893644530057
7_365,0.41397554820993393
7_366,0.41343954505747965
7_367,0.3507478959946289
7_368,0.4235908181039908
7_369,0.42147425125733373
7_370,0.34818551037112805
7_371,0.3470311103678249
7_372,0.3443566252170941
7_373,0.33410596730725367
7_374,0.3915665065497341
7_375,0.3933831884747558
7_376,0.38718520401220363
7_377,0.319816972506416
7_378,0.3314373818763901
7_379,0.3351516840153706
7_380,0.33707194799439216
7_381,0.3403186116627459
7_382,0.34503643599573663
7_383,0.3325533284076683
7_384,0.3189981688331553
7_385,0.3156106553812099
7_386,0.31559960993231506
7_387,0.3178731174574984
7_388,0.323178499146828
7_389,0.3125626826729288
7_390,0.3038306902744428
7_391,0.30457271758503485
7_392,0.2372048753984035
7_393,0.23617954255291193
7_394,0.23475238414163552
7_395,0.25261953034631135
7_396,0.2688710007552894
7_397,0.27221560225243535
7_398,0.2762047227223276
7_399,0.27099397168813827
7_400,0.2799158254783824
7_401,0.3427965913456944
7_402,0.34395762733773005
7_403,0.351017953945664
7_404,0.419353432288476
7_405,0.49859863750571426
7_406,0.49422705525278343
7_408,0.49206896778652787
7_409,0.4931439099014569
7_410,0.56762272320547
7_411,0.5680663902673991
7_412,0.5713580755253456
7_413,0.5760301438815769
7_414,0.5070147050327968
7_415,0.443954818764451
7_416,0.46029047783767196
7_417,0.4640321616267285
7_418,0.4687119018195943
7_420,0.41451522363767657
7_421,0.3467383446011763
7_422,0.34600707632775846
7_423,0.39569975683906944
7_424,0.39545280571704217
7_425,0.4565069254955818
7_426,0.45713978763699914
7_427,0.46767544900252406
7_429,0.4623972202533693
7_430,0.47338655493359316
7_431,0.48593782045238215
7_432,0.49120315111894114
7_433,0.49250961849496144
7_434,0.49209039020498085
7_435,0.43016579296850016
7_437,0.4294751109020156
7_438,0.42551083147890495
7_439,0.4401958618347691
7_440,0.43901623410076607
7_441,0.42442851348615923
7_442,0.4151314150844394
7_444,0.3534933388824514
7_445,0.36133256193871727
7_446,0.4175812454973754
7_447,0.4191525629429516
7_448,0.424005704153562
7_449,0.4229584388952627
7_450,0.4115843441648338
7_451,0.4084045963728871
7_452,0.41159694240995565
7_453,0.4089221938184504
7_454,0.41248654039135535
7_456,0.3537379706996025
7_457,0.3541564565899715
7_458,0.35276024423439467
7_459,0.35294011061496555
7_461,0.3581680635958133
7_462,0.35696781583225473
7_463,0.3632147799027264
7_464,0.36717837079356286
7_465,0.37466980324746685
7_466,0.3805654052912083
7_467,0.38209819172609816
7_468,0.3876946700370783
7_469,0.4541649221847179
7_470,0.45962148523957147
7_471,0.4606061380835061
7_472,0.4592489351076663
7_473,0.46137236069640825
7_474,0.46305865756642967
7_475,0.5237153927186938
7_476,0.5362808219350133
7_477,0.5425860084484502
7_478,0.49886798732657
7_479,0.5121205304105151
7_480,0.5126490618360197
7_481,0.5663736735071176
7_482,0.5633386912256375
7_483,0.5539057920019098
7_484,0.5566461361893259
7_485,0.5487159751184079
7_486,0.5349117910329947
7_487,0.5178068664500194
7_489,0.501761144322747
7_490,0.48665802991621643
7_491,0.4760915134276978
7_492,0.4559243751446846
7_493,0.4445832397383194
7_494,0.3748869067792615
7_495,0.36470364925773563
7_496,0.3496795290643815
7_497,0.3296178939233032
7_498,0.31345080469263875
7_499,0.30841448149404205
7_500,0.23444200317508904
7_501,0.2200847224582475
7_502,0.2158125788879242
7_503,0.22367253074990423
7_504,0.2343968597671728
7_505,0.2355055980066419
7_506,0.22486787161143557
7_507,0.21512401693021135
7_508,0.21723669753732505
7_509,0.2838970120936165
7_510,0.2832613564241779
7_511,0.2821259960746922
7_512,0.28048629223704563
7_513,0.28230919915984665
7_514,0.27974066574114537
7_515,0.2774600505139547
7_516,0.2758114921068593
7_518,0.27221756468269653
7_519,0.2052027597798907
7_520,0.20325101282269498
7_521,0.20295791492380721
7_522,0.20423255077953523
7_523,0.2180355991752272
7_524,0.23532661277072606
7_525,0.2242800642444825
7_526,0.21475888908452795
7_527,0.2160622516985155
7_528,0.21491669562172805
7_529,0.28179029025256175
7_531,0.27808197369172966
7_532,0.2724813415853201
7_533,0.27986708944486655
7_534,0.28795729581371654
7_535,0.28537794587476945
7_537,0.2817570202199037
7_538,0.2789799205750738
7_539,0.28106061265836696
7_540,0.2895638983202838
7_541,0.3022935286576032
7_542,0.30446427175181917
7_543,0.30759857608074254
7_544,0.31288073722251436
7_545,0.31495097821144874
7_546,0.3769967439267676
7_547,0.3712894726617789
7_548,0.3685399553283944
7_549,0.293022501175789
7_550,0.2926844107512763
7_551,0.29026882292339945
7_552,0.29253754486237354
7_553,0.2890982700900552
7_554,0.29957298407804184
7_555,0.23977000391290285
7_556,0.23200668951012537
7_557,0.24023660044389758
7_558,0.2516688955603191
7_559,0.2601542031253747
7_560,0.3232573391004213
7_561,0.32471735557470394
7_562,0.3278960322582561
7_563,0.3480490114890897
7_564,0.36030796817148575
7_565,0.3717146652526431
7_566,0.38384657053083443
7_567,0.3992314793150588
7_568,0.4149677507386695
7_569,0.3686413508612029
7_570,0.37986218099418945
7_571,0.3894190529387482
7_572,0.39608288220324134
7_574,0.39803921203541404
7_575,0.4094464426032901
7_576,0.3957158248806819
7_577,0.37406726951462455
7_578,0.35753498566642267
7_579,0.35098720402715494
7_580,0.34932118014252217
7_581,0.344644181217776
7_582,0.3442547031419622
7_583,0.34482253140086
7_584,0.3388177550554685
7_586,0.34082574218538825
7_587,0.3479640675438782
7_588,0.35531255327523403
7_589,0.35466133389963667
7_590,0.34954243496192916
7_591,0.3473716482845251
7_592,0.3454533724979486
7_593,0.34062838926995
7_594,0.34558449778074624
7_595,0.3508373457757696
7_597,0.35964851634837486
7_598,0.3697388142152929
7_600,0.3761063180779462
7_601,0.38706054830115205
7_603,0.39600646637217973
7_604,0.39906783991274797
8_0,0.49163837623808043
8_1,0.4956625146966662
8_2,0.49967116851506604
8_3,0.5044065775402167
8_4,0.5069073623709272
8_5,0.5130994176606581
8_6,0.5605916182730484
8_7,0.5661672211103769
8_8,0.5699273591164915
8_9,0.5751843527019679
8_10,0.5772141357766724
8_11,0.5832591982860149
8_12,0.5807697095635515
8_13,0.581477078479187
8_14,0.5818755567470304
8_15,0.5385284597303792
8_16,0.5367763042027333
8_17,0.5351826404940041
8_18,0.5441162818009059
8_19,0.550207018794332
8_20,0.5598826889811516
8_21,0.5655563642703695
8_22,0.5558095781127584
8_23,0.551124902457581
8_24,0.5892742702193008
8_25,0.5893249054880076
8_26,0.6322977311257484
8_27,0.6290058745036374
8_28,0.6254272665115599
8_29,0.6243042039596022
8_30,0.6206093963824603
8_31,0.6229441403644219
8_32,0.6372115161221367
8_33,0.593733464547062
8_34,0.6021831835285737
8_35,0.5410053004810613
9_0,0.3825708063494747
9_1,0.38147055606626035
9_2,0.38085912932385024
9_3,0.38289648040996266
9_4,0.38210754773244854
9_5,0.4404963665644384
9_6,0.4410237084372429
9_7,0.4412082051388568
9_8,0.43914861419614665
9_9,0.4398118936350961
9_10,0.5014701019277299
9_11,0.502051594427178
9_12,0.5010848789373896
9_13,0.5004750941216982
9_14,0.43931808415505336
9_15,0.44244178719593025
9_16,0.44217405643765445
9_17,0.44349422389058973
9_18,0.4438133205540685
9_19,0.3878687386766247
9_20,0.3789901806241972
9_21,0.3721308477686803
9_22,0.375220948067285
9_23,0.3825296340527918
9_24,0.3893673823762052
9_25,0.39801586510164716
9_26,0.4054218716055173
9_27,0.4113546716320848
9_28,0.4138766129150426
9_29,0.4136994439925735
9_30,0.4129856660316807
9_31,0.47529206968100424
9_32,0.46956328439138806
9_33,0.46283369987212153
9_34,0.4551120548132301
9_35,0.44827948156876923
9_36,0.4414998657167653
9_37,0.43672490390625957
9_38,0.43816538524066045
9_39,0.4419073334614738
9_40,0.38814049213029744
9_41,0.3863938860521518
9_42,0.3848337384629987
9_43,0.3840582240198336
9_44,0.3811316660227868
9_45,0.4487025752282498
9_46,0.44861085813513285
9_47,0.4369551343357273
9_48,0.43534734886745813
9_49,0.43359415155734543
9_50,0.43104494724399584
9_51,0.4905441393305719
9_52,0.48731044446978955
9_53,0.4939396381658283
9_54,0.4428190722717922
9_55,0.4423463085048761
9_56,0.45130367687044887
9_57,0.46120035106938306
9_58,0.4602337823345398
9_59,0.5267146838021224
9_60,0.4718892063893141
9_61,0.47370487597994915
9_62,0.5401465234595787
9_63,0.5440376584143816
9_64,0.5446582141117589
9_65,0.6030109353478996
9_66,0.5955966437895373
9_67,0.6575236625064246
9_68,0.6071323621755034
9_69,0.6078015884925719
9_70,0.6078082393394227
9_71,0.5496944673467999
9_72,0.545113718207091
9_73,0.5994759788021928
9_74,0.5313016645851987
9_75,0.5194974339028992
9_76,0.4629391667149565
9_77,0.45113543376849674
9_78,0.43975392257625295
9_79,0.4378741158295537
9_80,0.42805490556375503
9_81,0.41865511053692134
9_82,0.34804308740104
9_83,0.33918289232848475
9_84,0.3392299996176555
9_85,0.34598525129014546
9_86,0.3481938100474532
9_87,0.3577089987140599
9_88,0.34838325159356537
9_89,0.341343853990403
9_90,0.34325011425995716
9_91,0.4072560949198347
9_92,0.4725956601413094
9_93,0.4728288471135272
9_94,0.4730211464385472
9_95,0.47331393189410936
9_96,0.4731591491065118
9_97,0.47088030261232183
9_98,0.47197888140736216
9_99,0.47034026550205893
9_100,0.4072527583904071
9_101,0.3461309077563019
9_102,0.34567769156586403
9_103,0.34369741110883695
9_104,0.34265947501825056
9_105,0.348237224860693
9_106,0.3495948254210725
9_107,0.3443315341359868
9_108,0.33604243379764276
9_109,0.3332237095739366
9_110,0.3288476095477738
9_111,0.3941018320385404
9_112,0.39254639495974974
9_113,0.39071342443039336
9_114,0.3968827030833846
9_115,0.40275146656218636
9_116,0.40276237300221057
9_117,0.4027869381424647
9_118,0.41147691821373833
9_119,0.4126492506611979
9_120,0.42382564822538465
9_121,0.43759980850804087
9_122,0.4424682131043525
9_123,0.4504221813388769
9_124,0.4608418526004125
9_125,0.4687339925452463
9_126,0.5159038403453509
9_127,0.5123590108092761
9_128,0.5214302129656625
9_129,0.4714926912810932
9_130,0.4811340081103933
9_131,0.4886440669557498
9_132,0.495586771375823
9_133,0.5006907595519129
9_134,0.5111647633265529
9_135,0.4644280612707948
9_136,0.47661532834925296
9_137,0.48692084583233347
9_138,0.4965456777070569
9_139,0.49749961195644077
9_140,0.5078053608452993
9_141,0.5520584275327909
9_142,0.5506729950553026
9_143,0.5456517190430733
9_144,0.5381146741769259
9_145,0.5265442701701339
9_146,0.5160641553247455
9_147,0.5096884008466211
9_148,0.5053762389732243
9_149,0.4976870229599222
9_150,0.44147474797415115
9_151,0.4438776176127181
9_152,0.44810786299912336
9_153,0.44934136741186975
9_154,0.4529508793882735
9_155,0.45594900576559133
9_156,0.44594721808639715
9_157,0.4357667863572023
9_158,0.4289347531855775
9_159,0.4298560577744659
9_160,0.42066640514423875
9_161,0.41079096743263616
9_162,0.403443370137124
9_163,0.39907737577287383
9_164,0.3965803893908887
9_165,0.3964062349386427
9_166,0.3973482292279143
9_167,0.39990911022272163
9_168,0.4026083733360025
9_169,0.41038874361046784
9_170,0.420553453738217
9_171,0.4313883874130346
9_172,0.43379068943292753
9_173,0.44367219200353103
9_174,0.4593377892420708
9_175,0.4651300615928742
9_176,0.46959773783626835
9_177,0.4717596482858378
9_178,0.46914833589477906
9_179,0.5259965235610922
9_180,0.517627041679458
9_181,0.5068022888557907
9_182,0.49741602138429847
9_183,0.48644008506387887
9_184,0.4772992092987996
9_185,0.528043637628335
9_186,0.5264570314570767
9_187,0.5301740781362317
9_188,0.4789432115047662
9_189,0.48366599319841713
9_190,0.48558785233732205
9_191,0.4842899820110696
9_192,0.4866889097317581
9_193,0.4876677417296559
9_194,0.4234658497894254
9_195,0.4147541675566284
9_196,0.40960133831795614
9_197,0.41263982691381296
9_198,0.41624442621547025
9_199,0.4114927219522905
9_200,0.40922026849339627
9_201,0.4022628850307074
9_202,0.39358907970442186
9_203,0.4566697244183278
9_204,0.46003369667018046
9_205,0.4526114169727244
9_206,0.5164276798241595
9_207,0.5264313949272519
9_208,0.5243569221217467
9_209,0.5813865560227147
9_210,0.5787008025852404
9_211,0.5773267892857887
9_212,0.5770978282278328
9_213,0.5763409964982967
9_214,0.5769926295862032
9_215,0.5155247787084692
9_216,0.512424189280032
9_217,0.51339858872998
9_218,0.4496021431005177
9_219,0.4452114333561352
9_220,0.44996117613300235
9_221,0.38874869275614143
9_222,0.3859598054489188
9_223,0.40317426191825895
9_224,0.41127454698560345
9_225,0.41101851107302495
9_226,0.4227311361529394
9_227,0.42197291078732496
9_228,0.4270788589393081
9_229,0.48627065394300306
9_230,0.496172333967598
9_231,0.5054437660779806
9_232,0.5183339658230774
9_233,0.526904171453715
9_234,0.5308531675120011
9_235,0.5322333449429775
9_236,0.5369332909020658
9_237,0.5380240688665162
9_238,0.48976246346550834
9_239,0.4952777009331257
9_240,0.5018026583909267
9_241,0.5054752691771343
9_242,0.5113662532512314
9_243,0.5217859505649834
9_244,0.5216350527473435
9_245,0.5612618730906553
9_246,0.5606436917056975
9_247,0.5598879588624885
9_248,0.5630208264319916
9_249,0.6171715202199252
9_251,0.6137623985385758
9_252,0.6093131027288912
9_253,0.6184257348603563
9_254,0.6284300304149408
9_255,0.6297957962987892
9_256,0.6274802463800168
9_257,0.6312246615368527
9_258,0.6339880780948567
9_259,0.6334031819498656
9_261,0.6304147273289064
9_262,0.618438326025246
9_263,0.6083539344879639
9_264,0.6081873475410137
9_265,0.5539126014937761
9_266,0.5358749043120167
9_267,0.5125301201841203
9_268,0.4990406834320186
9_269,0.49862083641251287
9_270,0.49171895496214224
9_271,0.47872522566852704
9_272,0.46805026190484106
9_274,0.4664639520655229
9_275,0.4662263168157851
9_276,0.46120091711252353
9_277,0.45715074451958365
9_278,0.4609133000040779
9_279,0.4089129670571588
9_280,0.4173711958600698
9_282,0.41340533220030923
9_283,0.41785329070582117
9_284,0.4246146884399888
9_285,0.4226919949537552
9_286,0.4596013493713264
9_287,0.45217990168380484
9_288,0.463895802910072
9_289,0.5287580469723401
9_290,0.5330030053634779
9_291,0.5386586248754872
9_292,0.5447411328499574
9_293,0.5500420703371962
9_294,0.6166739840899613
9_295,0.5739550197848058
9_296,0.5753229306449819
9_297,0.5755019770562458
9_298,0.5283054028523481
9_299,0.5279461127169319
9_300,0.5795809284043202
9_301,0.5704735918449254
9_302,0.5615026558916278
9_303,0.5075235371714357
9_304,0.4984753256367204
9_305,0.4900893369437312
9_306,0.48962569581500964
9_307,0.49301117847929077
9_308,0.5007577790616725
9_309,0.4479367747303397
9_310,0.44760840410544883
9_311,0.4466421615435835
9_313,0.4449505942185647
9_314,0.4964208223791575
9_315,0.49799945975908916
9_316,0.5438774458438392
9_317,0.5399561282838485
9_318,0.5403945350642287
9_319,0.5419259844320912
9_320,0.5424849858851759
9_321,0.5458710865585147
9_322,0.5474301440131571
9_323,0.4918336595053337
9_324,0.4901688238757781
9_325,0.43510186935825385
9_326,0.4323324792756165
9_327,0.4272099559109203
9_328,0.4217876173174546
9_329,0.41067134685547235
9_330,0.39439656382550287
9_331,0.386731887222042
9_332,0.3738215300009048
9_333,0.3717964749903643
9_335,0.36560340780232947
9_336,0.35928332437542465
9_337,0.3550828107159674
9_338,0.41449604215042746
9_339,0.47474667074538524
9_340,0.47447341376221414
9_341,0.4758471624781222
9_342,0.48284275633111
9_343,0.48800422694407963
9_344,0.49441660148977745
9_345,0.5010780750919742
9_346,0.5064052928585655
9_347,0.44866325116840766
9_348,0.3899386696708293
9_349,0.39526849917183077
9_350,0.39864810662410816
9_351,0.4023811531557919
9_352,0.4099501119011149
9_353,0.3996711478457425
9_354,0.39206322633720814
9_355,0.38740828399720595
9_356,0.3821163831120774
9_358,0.440411208915377
9_359,0.4372773855512584
9_360,0.43492787052566534
9_361,0.43270122592408755
9_362,0.43860052889269996
9_363,0.4481979565556903
9_365,0.46246118958761206
9_366,0.4828942259959742
10_91,0.4836233859358788
10_92,0.49000124208190565
10_93,0.4965355998190709
10_94,0.5049963840820422
10_95,0.5049081196694842
10_96,0.502831712200009
10_97,0.5033871023978189
10_98,0.5016493195043238
10_99,0.5531147987796116
10_100,0.5436700590535527
10_101,0.538303808369651
10_102,0.5343271049700943
10_103,0.5243724842966119
10_104,0.5176578493300376
10_105,0.5210889391171172
10_106,0.5320722757758454
10_107,0.5460757958236802
10_108,0.49751582243601705
10_109,0.5053041175438036
10_110,0.5089260839960181
10_111,0.5094193232394779
10_112,0.5648892706005487
10_113,0.5702163321361331
10_114,0.5572796296401995
10_115,0.5422792178666704
10_116,0.5334488464586375
10_117,0.5344774097710127
10_118,0.5837937944805239
10_119,0.5784942594738107
10_120,0.5771384364555521
10_121,0.5246999987215876
10_122,0.520219667813717
10_123,0.5216953152792572
10_124,0.522696621452309
10_125,0.5186881395869051
10_126,0.5142985444465432
10_127,0.4528195695435178
10_128,0.4391147181261309
10_129,0.4282498200530041
10_130,0.41855495543915233
10_131,0.4064845748848156
10_132,0.392370959553892
10_133,0.3715125156696968
10_134,0.3534887711001006
10_135,0.34235599293752766
10_136,0.3344050044610007
10_137,0.32881470106361743
10_138,0.3290235219455305
10_139,0.33117956469720433
10_140,0.33669138054923003
10_141,0.3404516606767646
10_142,0.34492888462040644
10_143,0.35504256927409783
10_144,0.3644879868790847
10_145,0.36319306944648694
10_146,0.36340996786961444
10_147,0.35820739513965183
10_148,0.3517680179263488
10_149,0.41177650383851333
10_150,0.40639191969665583
10_151,0.4037522650229322
10_152,0.4083932906313701
10_153,0.41417269157577963
10_154,0.41475409735621926
10_155,0.4205728283360375
10_156,0.421685957826218
10_157,0.43032094868479026
10_158,0.37762052816661534
10_159,0.39055689573518865
10_160,0.41127174889597523
10_161,0.4280825402264435
10_162,0.4389949104816543
10_163,0.4479263233328578
10_164,0.4465638805401656
10_165,0.4479793514052639
10_166,0.5134537763505294
10_167,0.5145869246124332
10_168,0.5203486200824414
10_169,0.5209629313752787
10_170,0.5171660689814219
10_171,0.5188405225343291
10_172,0.5223366870004369
10_173,0.5235814207398181
10_174,0.5239398709287092
10_175,0.4680265211878452
10_176,0.46756270146758416
10_177,0.46521000118520417
10_178,0.452641192707495
10_179,0.4992502332052211
10_180,0.4918233275248167
10_181,0.47887023931724787
10_182,0.5201980794305384
10_183,0.5211426091138626
10_184,0.529204706592442
10_185,0.5390106508633531
10_186,0.5510671297715366
10_187,0.5609241014616264
10_188,0.5114481352304223
10_189,0.514451554759189
10_190,0.520581461763453
10_191,0.47120463844999827
10_192,0.4746037839944317
10_193,0.4723560130500447
10_194,0.46187823878962375
10_195,0.4479629614374401
10_196,0.43540047928227316
10_197,0.4158947750352305
10_198,0.4012754374710869
10_199,0.38952364303913917
10_200,0.38673170893848124
10_201,0.38911144413920057
10_202,0.3781670679087521
10_203,0.3690269081188474
10_204,0.3698636704336502
10_205,0.36774382622262375
10_206,0.43100674955802015
10_207,0.4280316760698486
10_208,0.43012220034917636
10_209,0.4260724059312766
10_210,0.4217273744501086
10_211,0.42435408800823116
10_212,0.42270652735465547
10_213,0.41967358877511657
10_214,0.41839623162025863
10_215,0.3576249401837576
10_216,0.3542583625250185
10_217,0.35255754016500107
10_218,0.3510896733645499
10_219,0.34831694109837263
10_220,0.3465304994457934
10_221,0.3329217459286206
10_222,0.32496828625471347
10_224,0.3203785002790409
10_225,0.3165387106818409
10_226,0.3134484081076509
10_227,0.3102990398061662
10_228,0.3084884440694012
10_229,0.3081216599638852
10_230,0.31507636625309016
10_231,0.3279550928012931
10_232,0.329576248794847
10_233,0.32532211640808684
10_234,0.3191599427436883
10_235,0.3125768770577307
10_236,0.387159617515311
10_237,0.3889939974218213
10_238,0.38397218789636284
10_239,0.37627731866549724
10_240,0.36731143380636244
10_241,0.35711738481347627
10_242,0.42251709008424343
10_243,0.4270558957762321
10_244,0.4365844780142767
10_245,0.37761840400142754
10_246,0.38318044549002656
10_247,0.39607404271177205
10_248,0.41097620636135807
10_249,0.41508406066296855
10_250,0.4832346520449723
10_251,0.40534303403395866
10_252,0.3922240206397757
10_253,0.46830282681975655
10_254,0.476400090169823
10_255,0.4801913399659983
10_256,0.47747396009719484
10_257,0.46781569003501977
10_258,0.460918117807122
10_259,0.46383209309399637
10_260,0.47022639190480164
10_261,0.47559366920327717
10_262,0.4111445415754379
10_263,0.4123435791595904
10_264,0.41701553071059555
10_265,0.41546453158850766
10_266,0.414506062650711
10_267,0.42880760194018724
10_268,0.3685826228235921
10_269,0.36046767290885967
10_270,0.36009053323432333
10_271,0.3598724395400737
10_272,0.3594519887738681
10_273,0.4330163583914049
10_274,0.4274213535329398
10_275,0.4106204127875951
10_276,0.39785169869506165
10_277,0.38732994245675406
10_278,0.3804382588753084
10_279,0.44600543350215294
10_280,0.44197072524937914
10_281,0.4401380046515779
10_282,0.369355003974267
10_283,0.3696532250206384
10_284,0.3665789974597253
10_285,0.36699143332779194
10_286,0.3682684638576931
10_287,0.3694676835508574
10_288,0.29005760313933676
10_289,0.2720304274299885
10_290,0.26785960879169735
10_291,0.26321887052322096
10_292,0.2561955823520303
10_293,0.25697231495310535
10_294,0.24203371670312432
10_295,0.2283865551695261
10_296,0.22937675662554716
10_297,0.23546399859023734
10_298,0.2423695330143824
10_299,0.254673292670901
10_300,0.2676609408151166
10_301,0.27228223374264177
10_302,0.2747318431725109
10_303,0.2765478540425202
10_304,0.2776128380041293
10_305,0.34446044541691995
10_306,0.33406065664429274
10_307,0.32902375737954204
10_308,0.32550792668510886
10_309,0.3241733390958379
10_310,0.3354726117482183
10_311,0.34975087140561206
10_312,0.3580487590080419
10_313,0.3683439353753491
10_314,0.32049399802899187
10_315,0.34496882618395186
10_316,0.415803274708527
10_317,0.4208436050897887
10_318,0.4240370517345337
10_319,0.4240019673504332
10_320,0.4837293922063859
10_321,0.4690911872534228
10_322,0.45798880400297093
10_323,0.44331041317419156
10_324,0.4251915174638672
10_325,0.34807008060662553
10_326,0.3466534518516579
10_327,0.3374631589654079
10_328,0.32733052130763823
10_329,0.2556848131278626
10_330,0.25244560902340885
10_331,0.3031188863376106
10_332,0.2891879985109616
10_333,0.291739966619648
10_334,0.29234759106492036
10_335,0.2857593442535978
10_336,0.2925305978445485
10_337,0.3155810810002347
10_338,0.32862212965208504
10_339,0.3394312333129878
10_340,0.27331567564219034
10_341,0.2779037563583617
10_342,0.3488568183906219
10_343,0.3584760297934125
10_344,0.36109619466858073
10_345,0.36256917082055995
10_346,0.3502551166983059
10_347,0.3403526325731828
10_348,0.33848477281005623
10_349,0.34105155475773563
10_350,0.33864155645455357
10_351,0.27043962734706467
10_352,0.27213805686432274
10_353,0.26920613838021834
10_354,0.2688448467105756
10_355,0.2760499113970207
10_356,0.2774824286095236
10_357,0.27568415117654543
10_358,0.2767936547396607
10_359,0.2816060731049687
10_360,0.2864770274293711
10_361,0.2935337211700733
10_362,0.30573815031674334
10_363,0.3162528617555064
10_364,0.3203030730656193
10_365,0.32021433355450296
10_366,0.32548029205721185
10_367,0.33050856597539996
10_368,0.3940802770402116
10_369,0.40541605245441076
10_370,0.4165688929818239
10_371,0.42395603637391727
10_372,0.4277075781571272
10_373,0.426694967389074
10_374,0.43281506696020744
10_375,0.4998246681551655
10_376,0.501082767894753
10_377,0.43386131328559985
10_378,0.4256113801343266
10_379,0.4125305874639459
10_380,0.40787087828684854
10_381,0.3990588197726748
10_382,0.39390083810674087
10_383,0.3868509846622885
10_384,0.3100131508344641
10_385,0.3025427604664391
10_386,0.30098721458816585
10_387,0.29018592214235506
10_388,0.3511154019073157
10_389,0.3446508504106204
10_390,0.33166277205800493
10_391,0.3300036818064968
10_392,0.3308282476098226
10_393,0.32727748575563853
10_394,0.3241732700662835
10_395,0.32165620372939757
10_396,0.33304976729027563
10_397,0.34297232550851253
10_398,0.3471323944694493
10_399,0.3605112402468322
10_400,0.3656030595243195
10_401,0.38006627870470644
10_402,0.45861076406541484
10_403,0.45931967077586877
10_404,0.4506797253182814
10_405,0.519254902365546
10_406,0.5185192634087654
10_407,0.5217409180572449
10_408,0.5929858593698331
10_409,0.594242821996309
10_410,0.5938983457604405
10_411,0.528199018178268
10_412,0.5248778306237941
10_413,0.5204360846709439
10_414,0.46149212915532595
10_415,0.39659217207606956
10_416,0.3907510823811953
10_417,0.3753714860105373
10_418,0.35801216500342714
10_419,0.4175426060572751
10_420,0.4014039370684994
10_421,0.3952075905776369
10_422,0.37991398722602476
10_423,0.3670620232845536
10_424,0.3544144258238966
10_425,0.349361863627567
10_426,0.2683794432030508
10_427,0.26408780571354
10_428,0.18719823008252182
10_429,0.1854120541319826
10_430,0.18110936601348507
10_431,0.179469205751935
10_432,0.16429301618056555
10_433,0.16480927984874194
10_434,0.1679004001677996
10_435,0.17106327543676467
10_436,0.18399067323395144
10_437,0.1883893419577017
10_438,0.19425334974253994
10_439,0.27460682424523286
10_440,0.2829571531055201
10_441,0.3687140315662672
10_442,0.3703381393862335
10_443,0.3717472210253266
10_444,0.3743041495092864
10_445,0.37544378960853364
10_446,0.37871881026452114
10_447,0.38102575410201317
10_448,0.30183918042919533
10_449,0.29797769827361403
10_450,0.21555699303917403
10_451,0.2109230376056078
10_452,0.2031206971858755
10_453,0.19455426593596833
10_454,0.1757068443365699
10_455,0.15562740168605416
10_456,0.13722645355987484
10_457,0.127463549046946
10_458,0.12396512077323897
10_459,0.12436356814499537
10_461,0.12551761658771296
10_462,0.12971898278549493
10_463,0.13320037599430165
10_464,0.1357822200521838
10_465,0.13672666787688356
10_466,0.13975927113363418
10_467,0.15088254304214385
10_468,0.1556166515812442
10_469,0.15917911600164228
10_470,0.16018414356641408
10_471,0.16008335157504527
10_472,0.243499893522606
10_473,0.24100192076252983
10_474,0.23954315730629816
10_475,0.2416640367965639
10_476,0.24079580121443067
10_477,0.24193579528647138
10_478,0.23932637631539275
10_479,0.24662953508275853
10_480,0.25811793602657485
10_481,0.1883583078060424
10_482,0.19109684605541963
10_483,0.19292426420568135
10_484,0.1942723502245757
10_485,0.2628591182532849
10_486,0.2651290097135167
10_487,0.25775196427433844
10_488,0.2515291963103223
10_489,0.24903621270090942
10_490,0.250588454109121
10_491,0.24691000507694344
10_492,0.24334534266257413
10_493,0.2397534012512383
10_494,0.1750957881619359
10_495,0.18586602582824388
10_496,0.1802222029884824
10_497,0.1752235160950837
10_498,0.1713405829190352
10_499,0.16867300390509574
10_500,0.23418668523313224
10_501,0.22532833284620787
10_502,0.22520309965013932
10_503,0.22599385756826335
10_504,0.23212358935217892
10_505,0.24091742987356968
10_506,0.24106864954615503
10_507,0.24078447871492376
10_508,0.24092581222655687
10_509,0.17083185207859894
10_510,0.24222545440837404
10_511,0.24093102824851764
10_512,0.23989876970734633
10_513,0.24114672776030752
10_514,0.2397826632646066
10_515,0.2262428093664918
10_516,0.21627020465840818
10_517,0.21589332968094938
10_518,0.21715483098556476
10_519,0.13737253125697296
10_520,0.13541219659584208
10_521,0.1357292741193572
10_522,0.1336139499845557
10_523,0.1317731985317477
10_524,0.12771224590993432
10_525,0.11274667389313743
10_526,0.10211638059037173
10_527,0.09839689087812936
10_528,0.10511414519533402
10_529,0.11462138531921633
10_530,0.12625161422798445
10_531,0.14075776921586808
10_532,0.1427652741408106
10_533,0.14380112318461694
10_534,0.22016757299038642
10_535,0.2214471661520908
10_536,0.3073045698797698
10_537,0.30762097803878796
10_538,0.31019336005271414
10_539,0.3109519515336443
10_540,0.31920211964131256
10_541,0.3302257163893143
10_542,0.3290069775021346
10_543,0.2707557498344045
10_544,0.28852223358945306
10_545,0.22808334845499018
10_546,0.2960239061618674
10_547,0.29583423316617213
10_548,0.29655029692481455
10_549,0.3517169444086295
10_550,0.3406050168235611
10_551,0.34086707484503126
10_552,0.34735815748606474
10_553,0.3555763431397868
10_554,0.36934427964283784
10_555,0.30194528202774323
10_557,0.3120879635446474
10_558,0.39398627537284553
10_559,0.32399112090685656
10_560,0.3369937046101476
10_561,0.3494101107237126
10_562,0.347400276688295
10_563,0.34241224487376853
10_564,0.3517651818176575
10_565,0.34632166760277616
10_566,0.3436968981878016
10_567,0.29427462778553465
10_568,0.30512432644999854
10_569,0.3178725131552975
10_570,0.32685130814029484
10_571,0.34036831507766174
10_572,0.3538040988320396
10_573,0.36005260931475963
10_574,0.36810096194892894
10_575,0.37750138252976406
10_576,0.38491424850968603
10_577,0.3846174639016769
10_578,0.39654806818160754
10_579,0.46059795755270544
10_580,0.4684628251479074
10_581,0.4578289588983019
10_582,0.4460258109594111
10_583,0.4289053954287385
10_584,0.47821891499852387
10_585,0.5295808227812249
10_586,0.5197638651342137
10_587,0.5118274156013897
10_588,0.4414990992005072
10_589,0.435872396412625
10_590,0.4328589059854285
10_591,0.43221490218264813
10_592,0.4341881741328844
10_593,0.3689366473325496
10_594,0.3006996412371041
10_595,0.3009794146000276
10_596,0.3059260796720937
10_597,0.3131526984292368
10_599,0.3160014406572786
10_600,0.3054013841956448
10_601,0.3017979889321284
10_602,0.2995580822671964
10_603,0.30677013529539776
10_604,0.30193901950253943
10_605,0.297134098462692
10_606,0.29257124565586606
10_607,0.2891470305905541
10_609,0.35069347735301687
10_610,0.3526783081007472
10_611,0.3498024991651771
10_612,0.34938380484444714
10_613,0.3468638696953601
10_614,0.34617861527197674
10_616,0.34204266860107047
10_617,0.33708872532189743
10_618,0.34358314124569517
10_619,0.29064512602092857
10_620,0.2868424975247274
10_621,0.28067517859551766
10_622,0.28098861829123367
10_623,0.28328749248100915
10_624,0.341555985313642
10_625,0.34241877373686713
10_626,0.34304058313670777
10_627,0.34093286433340414
10_628,0.34023440963529367
10_629,0.33931676074647626
10_630,0.33456279741488953
10_631,0.39900639531497145
10_632,0.39675996962935617
10_634,0.3230737266589612
10_635,0.3187717678550562
10_636,0.3164048916756318
10_637,0.3142447410164739
10_638,0.32222821170228905
10_639,0.3200696917458375
10_641,0.3136057710830325
10_642,0.23677207728287183
10_643,0.2447657375852852
10_644,0.2545158054210954
10_646,0.3121939630748714
10_647,0.37506494786674505
10_648,0.3738207316030526
10_649,0.3621069858816389
10_650,0.43216817031783
10_651,0.4340735617979783
10_653,0.4361763230834685
10_654,0.4396436406643486
10_655,0.450133096681882
10_656,0.3870821264379428
10_657,0.33942569226668157
10_658,0.35649842625477257
10_659,0.3604822956494577
10_660,0.30430842752723203
10_662,0.3665787830731686
10_663,0.3600047057996992
10_665,0.4266559675058647
10_666,0.424040658531923
10_667,0.4293666083310404
10_668,0.42053450398841263
10_669,0.4162212262319062
10_670,0.4151821349726242
10_671,0.4134737120945847
10_672,0.3466910391773312
10_673,0.3483291280955296
10_674,0.2876488403036776
10_676,0.29220903818973065
10_677,0.2951446977175811
10_678,0.3113511702031459
10_679,0.31151413209880524
10_680,0.2980944586782053
10_682,0.28673173977424876
10_683,0.2733831108782881
10_684,0.27384295003954745
10_685,0.33750229166919726
10_686,0.33841154788862043
10_687,0.33592484999100203
10_688,0.3320407253348362
10_689,0.3395467626779937
10_690,0.34978590566766843
10_691,0.35962023311822905
10_692,0.3728419000013047
10_693,0.3770660463561088
10_694,0.31387735851701976
10_695,0.3761683518398321
10_696,0.3940290001737721
10_697,0.4673300617157489
10_698,0.47907373227839206
10_699,0.4810059073973767
10_700,0.4777383795105136
10_701,0.46678674694086036
10_702,0.5353580837546704
10_703,0.6070461595159756
10_704,0.544505766295964
10_705,0.5448009301225761
10_707,0.4750739667944823
10_708,0.48044167225607376
10_709,0.4863397217186595
10_710,0.4808283264621368
10_711,0.5343158775113
10_712,0.46503378537221857
10_714,0.4016162307425927
10_715,0.450550417560613
10_716,0.4489758125587646
10_717,0.4484465818928761
10_718,0.4456893325452869
10_719,0.5040558313093524
10_720,0.502467278794576
10_721,0.42309736174131735
10_722,0.4218209363340876
10_723,0.41230014522478553
10_725,0.3415831955322885
10_726,0.337779109096513
10_727,0.33231010892480867
10_728,0.31655004787458674
10_729,0.23775997064150403
10_730,0.2326790137740334
10_731,0.21777363594309235
10_732,0.20343019894922906
10_734,0.20268903663863574
10_735,0.20033074070178436
10_736,0.18837126326594214
10_737,0.18732688420163462
10_738,0.1964293395675713
10_739,0.1950644546720433
10_740,0.19462900225948093
10_741,0.19324265739399965
10_743,0.19293166814031035
10_744,0.2651599193752514
10_745,0.2734076519468726
10_746,0.2772220413710402
10_748,0.28120855241145454
10_749,0.2929077949100484
10_750,0.3049813310316893
10_751,0.3073084779643942
10_752,0.3127629997538122
10_753,0.3168656898183878
10_754,0.2541748247915636
10_755,0.3204930960830596
10_757,0.32643034847472624
10_758,0.33228525236760326
10_759,0.33816708299875126
10_760,0.34105683529531494
10_761,0.33944902425768314
10_762,0.3360843918415028
10_763,0.33927641926719726
10_764,0.33849146744981096
10_765,0.26827564882330857
10_766,0.2662404481172571
10_767,0.26450399334558367
10_769,0.26282049785935324
10_770,0.2733976059033435
10_771,0.2854536793874342
10_772,0.2800211067241892
10_773,0.278935464262888
10_774,0.28727612843549694
10_776,0.2814107163313095
10_777,0.3517022175572056
10_778,0.3465524263877746
10_779,0.3443261177556328
10_780,0.4138506858535199
10_781,0.4092847867367346
10_782,0.40893260123269737
10_783,0.4175146080082802
10_784,0.4295317333182329
10_785,0.4364598212819866
10_786,0.37509967398973
10_787,0.3805316964786641
10_788,0.3829492660277061
10_789,0.38636018155832075
10_790,0.38968766355273093
10_791,0.39177553538244103
10_792,0.3844177379221545
10_793,0.37643963356302135
10_794,0.37311584635608264
10_795,0.3635084738271928
10_796,0.3534064144773379
10_797,0.36254329683658765
10_798,0.30837786265065004
10_799,0.30564149534746465
10_800,0.30611702852469264
10_801,0.30412395807480147
10_802,0.3014206387092423
10_803,0.3604119089869816
10_804,0.35054126306529804
10_806,0.3401461539093689
10_807,0.34479383440831235
10_808,0.3537645056175714
10_809,0.3485253045693262
10_811,0.3419205303960458
10_812,0.3370321923111708
10_813,0.33376314995982975
10_814,0.3344828179816691
10_815,0.3342499722939579
10_816,0.3344631109844497
10_817,0.33439805319045035
10_818,0.333664537779339
10_819,0.33644087017452734
10_820,0.3320657751215702
10_821,0.32589420958998044
10_823,0.3264297056253733
10_824,0.2457738843082935
10_825,0.24252471807032866
10_826,0.24065103814285962
10_827,0.23716990248709333
10_828,0.2407676932642111
10_830,0.2383394061549921
10_831,0.23624683409250952
10_832,0.23291155292099314
10_833,0.23128807211883207
10_834,0.22773842747612655
10_835,0.29990374235354034
10_836,0.3066210001039459
10_837,0.31755525340552426
10_838,0.3316203868752166
10_840,0.3531638751310835
11_0,0.3006460456013137
11_1,0.2964468322208065
11_2,0.37575382639646754
11_3,0.44123249691353683
11_4,0.42290238649087813
11_5,0.49256869990616453
11_6,0.4979956787077842
11_7,0.5048478112282766
11_8,0.5076020202642506
11_9,0.5093064342330804
11_10,0.5139568105087415
11_11,0.44408595747750035
11_12,0.38727468748882915
11_13,0.3942511963974178
11_14,0.34556199899174106
11_15,0.34551837033100136
11_16,0.34655970394387775
11_17,0.3410622151024794
11_18,0.40045779698001804
11_19,0.458938609202829
11_20,0.4657451351124745
11_21,0.4743286163346776
11_22,0.490711986491829
11_23,0.5009127692971569
11_24,0.5094982748303625
11_25,0.5183867403281927
11_26,0.5272722548102636
11_27,0.4704395804758569
11_28,0.41913313651455936
11_29,0.41543864689222954
11_30,0.41258632891757857
11_31,0.4087899206463815
11_32,0.46280507796847775
11_33,0.511584447838119
11_34,0.509355035626828
11_35,0.5107167438937925
11_36,0.5195962984291596
11_37,0.5322390664243862
11_38,0.5376804834893041
11_39,0.5368933131196824
11_40,0.5306877218076895
11_41,0.5364628249510376
11_42,0.4735677184195575
11_43,0.5294370926697809
11_44,0.5180723875652467
11_45,0.5153348073321489
11_46,0.5164820167080881
11_47,0.5613940751067007
11_48,0.5526551615374461
11_49,0.5394731474149131
11_50,0.49000258135553526
11_51,0.5613267847560666
11_52,0.4999073868970564
11_53,0.5090760049497826
11_54,0.5162857138303932
11_55,0.5273332049127731
11_56,0.51952571353232
11_57,0.5233481614737086
11_58,0.5221367168811502
11_59,0.5103960650775228
11_60,0.4503887659598346
11_61,0.44979361743558854
11_62,0.4456997588202252
11_63,0.501212210746931
11_64,0.501230740554896
11_65,0.43607319028308505
11_66,0.4108250119615912
11_67,0.39851587738187205
11_68,0.4634294433601771
11_69,0.5299353179931942
11_70,0.5287725504803961
11_71,0.5272239589652867
11_72,0.4609577166917664
11_73,0.4742702018628406
11_74,0.48197784518919146
11_75,0.49908756930329495
11_76,0.5104912223612624
11_77,0.4501505616499711
11_78,0.3818355338333119
11_79,0.37017416014704246
11_80,0.36791394253607956
11_81,0.4226744805613877
11_82,0.4092491843314485
11_83,0.3931897624726345
11_84,0.3876243095480434
11_85,0.37879841124796737
11_86,0.3798606833919685
11_87,0.3740520722367531
11_88,0.37054259923847266
11_89,0.36461049195608497
11_90,0.29178902191131023
11_91,0.2771815893973905
11_92,0.26275421730222087
11_93,0.24590001121769614
11_94,0.22966485330279973
11_95,0.2160696946869587
11_96,0.19476763059962368
11_97,0.1755495994331303
11_98,0.1671138562053769
11_99,0.15297441328281072
11_100,0.15519481977211635
11_101,0.16014160753748727
11_102,0.15606757682145386
11_103,0.17138717135874687
11_104,0.18138099185491502
11_105,0.17807388584750308
11_106,0.23963379521365188
11_107,0.23878476323175668
11_108,0.25243015607547203
11_109,0.33662577080882855
11_110,0.3442830586916487
11_111,0.34895653119998815
11_112,0.35166384131359
11_113,0.3562572264080318
11_114,0.44044364947812586
11_115,0.3679755327124637
11_116,0.3739157143125997
11_117,0.38716186052031315
11_118,0.334170010457581
11_119,0.33792745652785333
11_120,0.357480682089274
11_121,0.36287095891608684
11_122,0.3543812328810007
11_123,0.35283002836706345
11_124,0.3475478659988867
11_125,0.3453322821969609
11_126,0.41483757673605864
11_127,0.4239427972447871
11_128,0.42399415298758103
11_129,0.4122267614166203
11_130,0.40125036161313027
11_131,0.39477098035505287
11_132,0.32709330358503125
11_133,0.3228417748741988
11_134,0.31595790989658185
11_135,0.25608535849626934
11_136,0.25181858020229597
11_137,0.25120027174454435
11_138,0.23751619432862167
11_139,0.24014117512624972
11_140,0.2467804071245736
11_141,0.24738187247549867
11_142,0.23568276348519562
11_143,0.23813561229989771
11_144,0.24989544435156189
11_145,0.3217261403223881
11_146,0.38904703883278086
11_147,0.38870591596940424
11_148,0.38704998707803784
11_149,0.3988694047109099
11_150,0.4817397003978828
11_151,0.4780907532330744
11_152,0.4717956125315402
11_153,0.4687533886822744
11_154,0.40584644368235184
11_155,0.41519964113482793
11_156,0.4144543471197015
11_157,0.41662466548910154
11_158,0.4173619307553546
11_159,0.35599845717889167
11_160,0.4114322118104645
11_161,0.4112992776904726
11_162,0.4016114603832504
11_163,0.4033810731024307
11_164,0.3385798343088589
11_165,0.3303984467324281
11_166,0.331759945023558
11_167,0.34412003789260015
11_168,0.3457262313419885
11_169,0.28167123557552387
11_170,0.2700363665237734
11_171,0.26301820473488835
11_172,0.3359453187847702
11_173,0.3457371853597439
11_174,0.3535739866365354
11_175,0.33755349521738126
11_176,0.3327477556893041
11_177,0.3421414310604379
11_178,0.34428729760731747
11_179,0.42011228600959927
11_180,0.4260736724886685
11_181,0.3610333549526696
11_182,0.42450698717810187
11_183,0.43015758363984236
11_184,0.4387700010095451
11_185,0.5039369232392336
11_186,0.5155109783664863
11_187,0.5121962237297609
11_188,0.43479801373919075
11_189,0.5136429014777799
11_190,0.5272734269817011
11_191,0.4658905812125315
11_192,0.5358037840952288
11_193,0.5436569993909214
11_194,0.469113154200089
11_195,0.5283287802641978
11_196,0.5360718137907579
11_197,0.533075992549262
11_198,0.4578071145761981
11_199,0.46516305739953995
11_200,0.45923733022831065
11_201,0.3890452521593864
11_202,0.38628380730554135
11_203,0.38482313341265945
11_204,0.32924674716187563
11_205,0.3829513409491191
11_206,0.3816142097107958
11_207,0.372531234225789
11_208,0.36669097483195834
11_209,0.3735401281917364
11_210,0.43414310458847427
11_211,0.4364183291848052
11_212,0.4516991603377122
11_213,0.4540470724927371
11_214,0.40503655311602343
11_215,0.3994167294832515
11_216,0.45247554817445595
11_217,0.44149841460293693
11_218,0.5136792273713733
11_219,0.5221417186641273
11_220,0.5089301945627652
11_221,0.4985875962150413
11_222,0.49844169187103565
11_223,0.4987562208203181
11_224,0.5675643728779901
11_225,0.4928951798175751
11_226,0.4925991541138493
11_227,0.4192156012183632
11_228,0.3472735930747732
11_229,0.34703195950203686
11_230,0.3407491462513666
11_231,0.33634620596622233
11_232,0.3295880105070243
11_233,0.24762972396043162
11_234,0.23485830206978192
11_235,0.22243118855913915
11_236,0.2196332134026863
11_237,0.28955043199401975
11_238,0.2867976896239672
11_239,0.28010080802378357
11_240,0.2730595008288198
11_241,0.27399936589122137
11_242,0.2723479009455855
11_243,0.27082493441175737
11_244,0.2678651585870446
11_245,0.2630861183136665
11_246,0.18255229718815974
11_247,0.18902583472368858
11_248,0.1996886469277613
11_249,0.21467630299559176
11_250,0.23174890133443463
11_251,0.2373890141005183
11_252,0.23049126938664455
11_253,0.2907901150470954
11_254,0.30058593419882607
11_255,0.3822239534677658
11_256,0.3928585837932495
11_257,0.40001060587223236
11_258,0.41536792862192645
11_259,0.42659893332866755
11_260,0.42933640469985895
11_261,0.4306616426967963
11_262,0.3620691318997632
11_263,0.3614777565467125
11_264,0.36403607729355736
11_265,0.3649340813008774
11_266,0.37305397695493453
11_267,0.37876519895375366
11_268,0.37414045272330826
11_269,0.3711017547608495
11_270,0.3685385379914138
11_271,0.36888247693889936
11_272,0.3773531440707612
11_273,0.3157177914751244
11_274,0.3259403531758593
11_275,0.3260154050387353
11_276,0.3246390911349765
11_277,0.31796235115874466
11_278,0.31628433247927956
11_279,0.38002576293919815
11_280,0.37147036047647813
11_281,0.3655070015140417
11_282,0.36226896478793674
11_283,0.3616876051910144
11_284,0.364796549520829
11_285,0.36871053060989384
11_286,0.3697023554188033
11_287,0.3697958143224773
11_288,0.3034165287410728
11_289,0.3056967660571255
11_290,0.3710454050217331
11_291,0.37324058206146316
11_292,0.37499344742984936
11_293,0.3802386340668716
11_294,0.37863686420618364
11_295,0.3751299031345522
11_296,0.3703047379247518
11_297,0.3684589599366559
11_298,0.3684390261101177
11_299,0.307559216806785
11_300,0.3038254379668621
11_301,0.2996335042849351
11_302,0.2928689563780055
11_303,0.2871848889631837
11_304,0.2837946937850682
11_305,0.27047481347990104
11_306,0.25560065260903025
11_307,0.2544327686017704
11_308,0.2526733347470766
11_309,0.24999570714671382
11_310,0.2494392371319584
11_311,0.2540188346172311
11_312,0.26141509812072106
11_313,0.2661243049318354
11_314,0.2733574322578769
11_315,0.2852937099610614
11_316,0.28689837668420154
11_317,0.29603854907161276
11_318,0.30258524773449774
11_319,0.30630195449099995
11_320,0.3129869557320775
11_321,0.3195302222414815
11_322,0.3300463624313948
11_323,0.3359741875176858
11_324,0.34290454070840976
11_325,0.3480051272969742
11_326,0.3484329418328384
11_327,0.3481677042209794
11_328,0.34740615200885966
11_329,0.3502799094249804
11_330,0.3463100533671462
11_331,0.33930125424993857
11_332,0.32620446689105537
11_333,0.3120957514827773
11_334,0.3012305317261368
11_335,0.2943099893911183
11_336,0.2972965049331629
11_337,0.30251075496029967
11_338,0.28984281227643355
11_339,0.27917387262975335
11_340,0.27137527106681425
11_341,0.27077576815903864
11_342,0.3343243870305358
11_343,0.3184751895145168
11_344,0.31891418804332256
11_345,0.31808646298156557
11_346,0.30590806525824793
11_347,0.3796527218185685
11_348,0.38520955847418054
11_349,0.38984634815567343
11_350,0.4548851902964535
11_351,0.3939646895842134
11_352,0.38882314949653096
11_353,0.4570277081964215
11_354,0.4560971612683739
11_355,0.5313347928784544
11_356,0.526159182432168
11_357,0.5194707097372292
11_358,0.5097266536127908
11_359,0.42119256885158085
11_360,0.41664328912470977
11_361,0.41220484615543335
11_362,0.32010006160421994
11_363,0.3063838927621849
11_364,0.23185608286393516
11_365,0.1527225142358875
11_366,0.13459146568045147
11_367,0.13483968013136535
11_368,0.11834348670440484
11_369,0.10272129834535236
11_370,0.08849068913275995
11_371,0.0822683689872793
11_372,0.06504066824345134
11_373,0.06330188059238546
11_374,0.06380061555939635
11_375,0.06435329652920568
11_376,0.06480257816537525
11_377,0.06806041950468984
11_378,0.06624854548732903
11_379,0.06785405281557674
11_380,0.07058292570986326
11_381,0.0738921730429149
11_382,0.07306451855546768
11_383,0.07489111859714072
11_384,0.07401066516421577
11_385,0.07284422619499048
11_386,0.08795382322287577
11_387,0.10517945268671644
11_388,0.12088972626257863
11_389,0.13784562326105007
11_390,0.1540330393545952
11_391,0.16866213175504938
11_392,0.23111141650236292
11_393,0.231813417068472
11_394,0.3089090106733334
11_395,0.3093832254497989
11_396,0.39664728505482133
11_397,0.3952022797667525
11_398,0.395270070915088
11_399,0.39396869778164906
11_400,0.3939402023336334
11_401,0.3067526403116093
11_402,0.3086876443347911
11_403,0.2453546771539953
11_404,0.26412754548053485
11_405,0.20280795197196896
11_406,0.20974503025111002
11_407,0.19724122492145932
11_408,0.18464744942772074
11_409,0.24317029232488307
11_410,0.23197882986651785
11_411,0.22957669354738125
11_412,0.2272225717048357
11_413,0.22420400633964652
11_414,0.22204845158749628
11_415,0.22318569902281865
11_416,0.22161142368248493
11_417,0.3014513862571201
11_418,0.2262599422420323
11_419,0.22611381729579597
11_420,0.2296097071455047
11_421,0.233001217262286
11_422,0.23600158444749278
11_423,0.24942889628988377
11_424,0.25011523862218077
11_425,0.23565291723962917
11_426,0.1655021026964844
11_427,0.16099539495052692
11_428,0.15791536829896669
11_429,0.2240791162763218
11_430,0.2158938244530969
11_431,0.2098467843971872
11_432,0.19199829900165255
11_433,0.1760084912916059
11_434,0.177970408238049
11_435,0.1793689311137908
11_436,0.17704337281017107
11_437,0.17647442285880233
11_438,0.10430682081679218
11_439,0.10552716565873463
11_440,0.10604897292612064
11_441,0.10866762559621464
11_442,0.11334089264867629
11_443,0.11395124201454657
11_444,0.09849115721661192
11_445,0.08414467648601139
11_446,0.08320823348017135
11_447,0.07985084502738016
11_448,0.08007686080930493
11_449,0.07979604158231518
11_450,0.07963167514342588
11_451,0.07842279438647608
11_452,0.07835113344841985
11_453,0.07661651552414779
11_454,0.07579330684130975
11_455,0.09074217656292295
11_456,0.10771482295318846
11_457,0.109083818304749
11_458,0.11145818952071843
11_459,0.11365217905919385
11_460,0.11616710369192398
11_461,0.18424561820737223
11_462,0.1875443807944156
11_463,0.18800570191895932
11_464,0.1888929392706911
11_465,0.18920170402355388
11_466,0.19095846725146365
11_467,0.19278067095743162
11_468,0.2026757021198821
11_469,0.2169487431762924
11_470,0.130678169214674
11_471,0.1293900943458095
12_521,0.3498523355123177
12_522,0.32497715142335076
12_523,0.31512309295558194
12_524,0.3042540065177889
12_525,0.2924857777619315
12_526,0.2861873170730627
12_527,0.22434480719440095
12_528,0.2279466755977645
12_529,0.23227565128578523
12_530,0.23491578357501924
12_531,0.23530523697111755
12_532,0.24858442673472472
12_533,0.2456179845545154
12_534,0.24897807897822985
12_535,0.25387597521374256
12_536,0.25944961331751054
12_537,0.3263959901925794
12_538,0.3279517192936974
12_539,0.4021630073992542
12_540,0.40659535834467847
12_541,0.40449252096420735
12_542,0.4119941985972593
12_543,0.40876985118983133
12_544,0.41275333542295395
12_545,0.4166252742612233
12_546,0.3557646611051937
12_547,0.3623479434008823
12_548,0.30166539549636834
12_549,0.3065678089211775
12_550,0.3267520507494524
12_551,0.34255373158783803
12_552,0.3372781296609358
12_553,0.3275541194465239
12_554,0.3168701432999464
12_555,0.30189470735418483
12_556,0.3593675069980563
12_557,0.35815125454790214
12_558,0.3608400827626743
12_559,0.3625279125615965
12_560,0.3548363187409953
12_561,0.34714843190943107
12_562,0.34008885127807886
12_563,0.3299154105624798
12_564,0.31635562790262606
12_565,0.24350366223005152
12_566,0.23339498044195162
12_567,0.22207390400536622
12_568,0.22487732996812754
12_569,0.22385996265673183
12_570,0.22838253272912865
12_571,0.28250326698360756
12_572,0.34566642577373174
12_573,0.4244861237833236
12_574,0.43776133014615654
12_575,0.4561757710636051
12_577,0.4763653148738426
12_578,0.49482366519235815
12_579,0.508872046352605
12_580,0.517452320494717
12_581,0.46189925642937313
12_582,0.4053208935900454
12_583,0.34151562763072923
12_584,0.34629286502971546
12_585,0.3390705990886097
12_586,0.3383722844809524
12_587,0.32391992549513865
12_588,0.3007938043855019
12_589,0.27723036035455734
12_590,0.24894785141262146
12_591,0.23574224134050917
12_592,0.30960866772631696
12_593,0.2951779548672881
12_594,0.28810719766328613
12_595,0.27880685588382276
12_596,0.2734156053820615
12_597,0.3476533659791342
12_598,0.3466090389898402
12_599,0.34436094346728185
12_600,0.347477509844268
12_601,0.26978293531703224
12_602,0.2715951627819335
12_603,0.2762118832777334
12_604,0.28063416458755486
12_605,0.2854038181567744
12_606,0.2296190460803266
12_607,0.2356771193449279
12_608,0.22937748344425743
12_609,0.23832412346714488
12_610,0.24608323472238525
12_611,0.2522005950446091
12_612,0.3087092519141617
12_613,0.3101020970884449
12_614,0.31595293680899966
12_615,0.32461747572538147
12_616,0.3300200095822561
12_617,0.3395764185053431
12_618,0.3459785034753281
12_619,0.348645444001028
12_620,0.34664279834599093
12_621,0.28427440076216476
12_622,0.28975277764981916
12_623,0.2963273742840052
12_624,0.2937487434087511
12_625,0.29434350855752933
12_626,0.28610874984819235
12_627,0.34787597251887575
12_628,0.33791147693738305
12_629,0.3322619138130955
12_630,0.3251938996740733
12_631,0.3083739136626243
12_632,0.2918652850096862
12_633,0.28400840239654435
12_634,0.2753836221184704
12_635,0.268410820812969
12_636,0.18190897514553764
12_637,0.1725387530655778
12_638,0.16748452333499633
12_639,0.16563491422870377
12_640,0.17084936901111794
12_641,0.17323685991339055
12_642,0.17255514398587607
12_643,0.1801298585987147
12_644,0.1888724973156612
12_645,0.21056189672235892
12_646,0.2323682889805848
12_647,0.2540751772966351
12_648,0.33762409551524125
12_649,0.35451623937778176
12_650,0.3664653812980747
12_651,0.374017779611463
12_652,0.37456498263658666
12_653,0.3729373006082671
12_654,0.36855477144519283
12_655,0.3690882068291007
12_656,0.3726101436980292
12_657,0.32225722866783957
12_658,0.3351689242014451
12_659,0.34933121375559
12_660,0.40615223742308443
12_661,0.40576593137615685
12_662,0.4735474066083242
12_663,0.47245671976890086
12_664,0.5342623858962552
12_665,0.5390734948901821
12_666,0.5414648553785366
12_667,0.5474165757952864
12_668,0.5568311769048458
12_669,0.49857001029571685
12_670,0.5106306746484627
12_671,0.45117930939383843
12_672,0.45368586037980585
12_673,0.41529688014774063
12_674,0.4343070201293229
12_675,0.41625717459078065
12_676,0.4006197590554518
12_677,0.38243842929237376
12_678,0.3705858765723592
12_679,0.4238903098743367
12_680,0.41755936828073553
12_681,0.423826664470627
12_682,0.41271783622352665
12_683,0.4014857385110693
12_684,0.46575215506411416
12_685,0.46760573590511495
12_686,0.5357678687761304
12_687,0.5391517465849627
12_688,0.4661337440426289
12_689,0.45974825682101905
12_690,0.45207460284824813
12_691,0.4435876277020838
12_692,0.4465508702396791
12_693,0.3871324558374413
12_694,0.37558508226532755
12_695,0.3084840647196861
12_696,0.3225991313083663
12_697,0.3239993880552462
12_698,0.39027963632160273
12_699,0.3829773990162257
12_700,0.3769110768624246
12_701,0.43823277177432607
12_702,0.4235935845315624
12_703,0.41719296579360826
12_704,0.41313064857683013
12_705,0.4070422354759017
12_706,0.4020412097329517
12_707,0.3270997336615288
12_708,0.33382051058205076
12_709,0.34442377343180214
12_710,0.28090642248640707
12_711,0.2841342679973491
12_712,0.28773661218959096
12_713,0.2774169035113576
12_714,0.336574935637594
12_715,0.3356835845550695
12_716,0.32977721875953003
12_717,0.32949919438657393
12_718,0.33352764562860865
12_719,0.32976488147959127
12_720,0.3261854765645583
12_721,0.3239466115648297
12_722,0.3194997661597199
12_723,0.3208634703162196
12_724,0.3158178873367263
12_725,0.3080461891366565
12_726,0.2992397612977233
12_727,0.28991863462299466
12_728,0.3010388176327933
12_729,0.30368830054782836
12_730,0.29279636691196786
12_731,0.2965381184105306
12_732,0.22077986007801556
12_733,0.2327477238625922
12_734,0.31751318245773313
12_735,0.32231876370937945
12_736,0.328102295950981
12_737,0.32440185157680546
12_738,0.31145194177478414
12_739,0.3805077052070183
12_740,0.37821197518664196
12_741,0.38442660270920126
12_742,0.384160889884469
12_743,0.31286953074378954
12_744,0.3076145305331544
12_745,0.3022956161402104
12_746,0.3083984188045083
12_747,0.3846440643639318
12_748,0.3970970440528464
12_749,0.38045315018370546
12_750,0.3762929122980726
12_751,0.38664893321544364
12_752,0.4644467370148305
12_753,0.5469019055018441
12_754,0.5410787084023616
12_755,0.5400611460088537
12_756,0.5373619404644395
12_757,0.4646359422495622
12_758,0.48016119908152244
12_759,0.5026027808361144
12_760,0.5208567153627593
12_761,0.45534557481040067
12_762,0.3764186265613826
12_763,0.38217292337824416
12_764,0.38033334392751955
12_765,0.3233691565814324
12_766,0.33605070099106343
12_767,0.3324796479727342
12_768,0.32959257630285776
12_769,0.30836195427042074
12_770,0.30406275193063614
12_771,0.3576580537517253
12_772,0.3458849322646054
12_773,0.4077062684135331
12_774,0.39880005023327936
12_775,0.40542508925437537
12_776,0.40727047914431364
12_777,0.4126121846047613
12_778,0.42086840962757105
12_779,0.419657039738236
12_780,0.34939758621985445
12_781,0.41429957867181094
12_782,0.34472044175847055
12_783,0.41239619460550914
12_784,0.4183225690604217
12_785,0.43097539245512684
12_786,0.4295938684433597
12_787,0.4258324206061886
12_788,0.41328498887954546
12_789,0.4044637128899457
12_790,0.40179711416048924
12_791,0.4076021937096018
12_792,0.40267564234988534
12_793,0.4107995532781997
12_794,0.4154825973465159
12_795,0.42222485348540734
12_796,0.41834633138599836
12_797,0.4065029189826482
12_798,0.39241349680292426
12_799,0.31016239222615016
12_800,0.30414655954941894
12_801,0.24058351092155258
12_802,0.24142574719681276
12_803,0.24568975654755534
12_804,0.2478243209759918
12_805,0.24439021621192963
12_806,0.2453383528799802
12_807,0.25085449602080634
12_808,0.2636898148519598
12_809,0.2758760254267694
12_810,0.2825320338414664
12_811,0.28623585542366314
12_812,0.2970599722545945
12_813,0.30479391847241216
12_814,0.3059751720393726
12_815,0.3078791541489465
12_816,0.30922502662916623
12_817,0.30612366626500764
12_818,0.30063273523090955
12_819,0.29753726516803003
12_820,0.291923549166551
12_821,0.2835279332737614
12_822,0.28082248134885207
12_823,0.2784584948595296
12_824,0.2749302762575482
12_825,0.2753424677982474
12_826,0.28089082225250844
12_827,0.3547436601980594
12_828,0.3641783459117948
12_829,0.3654148466045838
12_830,0.36907215270641924
12_832,0.43803822831093103
12_833,0.43813562562331393
12_834,0.5095466089590295
12_835,0.5149222692773537
12_836,0.5184133050634535
12_837,0.4566855911315972
12_838,0.45984464556035487
12_839,0.4656064313996915
12_840,0.46771699108968073
12_841,0.40671382860211225
12_842,0.4217577074994933
12_843,0.3630365294766083
12_844,0.35346322504702143
12_845,0.3541693173903977
12_846,0.3489993777627909
12_847,0.33682437158498546
12_848,0.39018089174423004
12_849,0.3783905680312928
12_850,0.3644157931182618
12_851,0.3575356719018674
12_852,0.34933888452779105
12_853,0.340838471264128
12_854,0.3315863910965553
12_855,0.3236345924327413
12_856,0.3121841765309164
12_857,0.2286629892729925
12_858,0.2238770735700718
12_859,0.21979195208630325
12_860,0.21587579780401614
12_861,0.21281278446581406
12_862,0.20959879712244245
12_863,0.20383552589150297
12_864,0.20212685327884072
12_865,0.20573906642455514
12_866,0.21046481408131734
12_867,0.21071677633994107
12_868,0.2083729492030441
12_869,0.20852887762002142
12_870,0.2115394763134021
12_871,0.21395749790266533
12_872,0.2168090864602334
12_873,0.22201369762120085
12_874,0.22742140755823972
12_875,0.23152936576375102
12_876,0.23066630221043968
12_877,0.23807847786024874
12_878,0.24382326558305667
12_879,0.2527848075750498
12_880,0.2671036355648126
12_881,0.2689459057300235
12_882,0.27377083677018776
12_883,0.2788542505308853
12_884,0.2815407031188795
12_885,0.3568624348415493
12_886,0.3551117972893715
12_887,0.34577433273020775
12_888,0.34642910553410655
12_889,0.3472328820621019
12_890,0.34937766316390023
12_891,0.34784441642527236
12_892,0.3481659457296966
12_893,0.3544438744350302
12_894,0.35729928066246097
12_895,0.35426465614581304
12_896,0.3583515469291581
12_897,0.36321878400140134
12_898,0.36585956713402423
12_899,0.36457635266604377
12_900,0.352583803934436
12_901,0.34150240917505614
12_902,0.3410342239971884
12_903,0.2842146063193443
12_904,0.28908694490220044
12_905,0.29500692034177356
12_906,0.3042429516585826
12_907,0.31307080348182365
12_908,0.3242919886186214
12_909,0.3227821232787675
12_910,0.3178741877498277
12_911,0.31730124620957356
12_912,0.31617517268949374
12_913,0.3181265562130376
12_914,0.30935276804079825
12_915,0.2996374383643934
12_916,0.2947074359089045
12_917,0.29709260114644487
12_918,0.3003326647813429
12_919,0.2924271404562156
12_920,0.28478354590548416
12_921,0.277605840264309
12_922,0.2718006604969955
12_923,0.32418167947726606
12_924,0.3155778763933004
12_925,0.299744363909627
12_926,0.2872834884918905
12_927,0.2773623001130413
12_928,0.2667164992997562
12_929,0.27020588412117935
12_930,0.2768162627158414
12_931,0.26730462517760817
12_932,0.21496003623819745
12_933,0.2207511516968795
12_934,0.21469263357701834
12_935,0.2703156025106693
12_936,0.2661819546337147
12_937,0.26628779826795557
12_938,0.32583950895754044
12_939,0.3179649049470543
12_940,0.31670215096957116
12_941,0.31802568604050574
12_942,0.3290299352548728
12_943,0.33932675740061674
12_944,0.26516331840758645
12_945,0.264877723165267
12_946,0.2619923701734914
12_947,0.19564930191533988
12_948,0.2757944252842671
12_949,0.2875668816144475
12_950,0.27119261545568424
12_951,0.2538593134540287
12_952,0.25160209355345503
12_953,0.24979011267595896
12_954,0.3245337155681402
12_955,0.32360813969101504
12_956,0.3267162617194479
12_957,0.2525372005000699
12_958,0.2534924804427543
12_959,0.3317962180202973
12_960,0.3421738015068121
12_961,0.3534725390373305
12_962,0.35746070159730864
12_963,0.27452147597061777
12_964,0.26389687705313347
12_965,0.26655321448681957
12_966,0.3460367038006059
12_967,0.3472741759819012
12_968,0.2679031546633429
12_969,0.2634715781173634
12_970,0.25459285175306223
12_971,0.2520464239623751
12_972,0.25973769014688325
12_973,0.27301354269579436
12_974,0.264649662487122
12_975,0.18750622122357963
12_976,0.1922676912977099
12_977,0.19502130551939997
12_978,0.26302284255974073
12_979,0.2661480039301665
12_980,0.2713831132869835
12_981,0.2661499922007365
12_982,0.2580301746562464
12_983,0.2613671140123195
12_984,0.261197077178929
12_985,0.2673804152510755
12_986,0.27656319213829106
12_987,0.21737488650535508
12_988,0.23634323520886044
12_989,0.25278291184035173
12_990,0.26569452526590076
12_991,0.2853902392872518
12_992,0.29810090628088026
12_993,0.2957445963367342
12_994,0.3507895240843005
12_995,0.35376844966703486
12_996,0.4301420516164203
12_997,0.44720338404922244
12_998,0.4566270389692684
12_999,0.4652591071956042
12_1000,0.47235385742876534
12_1001,0.47585641052369526
12_1002,0.539772511905808
12_1003,0.47697414673707184
12_1004,0.48152268299976353
12_1005,0.4165512770937333
12_1006,0.4064120089178529
12_1007,0.3973945473654872
12_1008,0.38809172823629207
12_1009,0.3829162189880609
12_1010,0.37848981721627906
12_1011,0.3124264080081916
12_1012,0.3010572536850427
12_1013,0.2993619583703655
12_1014,0.2975754483862418
12_1015,0.36591822668078344
12_1016,0.3760700220883379
12_1017,0.37132801922295555
12_1018,0.3640615288581025
12_1019,0.3626545515173118
12_1020,0.3593242435076228
12_1021,0.42121640262652027
12_1022,0.4172480603408256
12_1023,0.4109297886163335
12_1024,0.3543951584482615
12_1025,0.368277485527047
12_1026,0.37024004020831935
12_1027,0.374935938298099
12_1028,0.3766185810509579
12_1029,0.37324870296595497
12_1030,0.3652008272594708
12_1031,0.3538672647549473
12_1032,0.35394117126811725
12_1033,0.3499580203178444
12_1034,0.3423817700291417
12_1035,0.3364652056349159
12_1036,0.3326465043787694
12_1037,0.336584675098688
12_1038,0.34021454254181027
12_1039,0.2728289915199596
12_1040,0.27962725915439146
12_1041,0.29052801608198453
12_1042,0.3554410253181736
12_1043,0.3570982063094011
12_1044,0.3615938132506166
12_1045,0.3610090941372725
12_1046,0.419585661939416
12_1047,0.42908516136929076
12_1048,0.44283370027521357
12_1049,0.4610663416522585
12_1050,0.4726336788984226
12_1051,0.4112333318933942
12_1052,0.41897429765861155
12_1053,0.4233377058138161
12_1054,0.42283955026872055
12_1055,0.3580091637888994
12_1056,0.35542216337504356
12_1057,0.3429540852551267
12_1058,0.3215603014758545
12_1059,0.31412943908975016
12_1060,0.30992712846588816
12_1061,0.2989449764866692
12_1062,0.3537419047159317
12_1063,0.34562015559185943
12_1064,0.3362042373026221
12_1065,0.3293865646861002
12_1066,0.32273253305764743
12_1067,0.32074813896177373
12_1068,0.31395938282227087
12_1069,0.3020282416100786
12_1070,0.2931003299452163
12_1071,0.22804943664952765
12_1072,0.2247885004309972
12_1073,0.22082107152154218
12_1074,0.21637753363372553
12_1075,0.21409672713665037
12_1076,0.20986394578305173
12_1077,0.1954622909177422
12_1078,0.18497649560054322
12_1079,0.18182239625236515
12_1080,0.17790001122751833
12_1081,0.1731782196657134
12_1083,0.16902530880763975
12_1084,0.16757478855712923
12_1085,0.17827292788058322
12_1086,0.18819136812997553
12_1087,0.18820142169685908
12_1088,0.1868055390209672
12_1089,0.1878508783953736
12_1090,0.19087854021359335
12_1092,0.2615957134533074
12_1093,0.26878847256644584
12_1094,0.27234241790454844
12_1095,0.2736484263387186
12_1096,0.27552789776693193
12_1097,0.2759908182693851
12_1099,0.2738319366836927
12_1100,0.26898040483683716
12_1101,0.2636882877650395
12_1102,0.19766879296573417
12_1103,0.19301603625903788
12_1104,0.19044064407426567
12_1105,0.1870872711863771
12_1106,0.1864048788250651
12_1107,0.18248894578709177
12_1108,0.16685817588194893
12_1109,0.1527668857760555
12_1110,0.1499982403737071
12_1111,0.15402124689883193
12_1112,0.16317297149286364
12_1113,0.1625929186090479
12_1114,0.1626246549558579
12_1115,0.15957823788638067
12_1116,0.17359003438703532
12_1117,0.25398208939510697
12_1118,0.2529833616948442
12_1119,0.2506741402806643
12_1120,0.2603928039807379
12_1121,0.2729875533835115
12_1122,0.34808179912863013
12_1124,0.34309408594330026
12_1125,0.3387300929758862
12_1126,0.3345263959181084
12_1127,0.3338247520557776
12_1128,0.32756054391343836
12_1129,0.3351220063028805
12_1130,0.3452245241142697
12_1131,0.35780896103139737
12_1132,0.30815656657504814
12_1133,0.29403711439317937
12_1134,0.295957811119167
12_1135,0.37299897329690046
12_1136,0.31120550247920714
12_1137,0.39093984103190815
12_1138,0.39441766563757075
12_1139,0.38256850311851465
12_1140,0.45104932890584853
12_1142,0.4576556627596409
12_1143,0.4472627470221218
12_1144,0.5133601698292936
12_1145,0.4364605982253158
12_1146,0.4372244547395867
12_1147,0.36777346568033836
12_1148,0.37378109262812653
12_1149,0.37284266197860605
12_1151,0.31438321426917165
12_1152,0.2980972295902306
12_1153,0.2847776509450857
12_1154,0.2057888751622231
12_1155,0.19552761686612977
12_1156,0.2124432737356942
12_1157,0.21428389553115765
12_1158,0.19437176074637122
12_1159,0.1924391277626229
12_1160,0.17179327030157418
12_1161,0.15432870598910595
12_1162,0.22981718071793264
12_1163,0.22790137859332651
12_1164,0.2236383114160019
12_1165,0.22286684863110554
12_1166,0.2228766494973328
12_1167,0.237384050830668
12_1168,0.24554752007933361
12_1169,0.26121564246312245
12_1171,0.2589153721629959
12_1172,0.18551057950470798
12_1173,0.1813866628441734
12_1174,0.24950161662420514
12_1175,0.32475769365539636
12_1176,0.31777557513201626
12_1177,0.3130749328086289
12_1179,0.30798566172411246
12_1180,0.30049373280783903
12_1181,0.3036508344106433
12_1182,0.31609087447893536
12_1183,0.3194420845431249
12_1184,0.24390315528926898
12_1185,0.2588907587682813
12_1186,0.34711236785090843
12_1187,0.42822954230059845
12_1188,0.43840700430975926
12_1189,0.4487654297805546
12_1190,0.43677804061660613
12_1191,0.5170127081932752
12_1192,0.511078631890018
12_1193,0.5128620538307993
12_1194,0.5131819252437607
12_1195,0.42909573279961105
12_1196,0.35160888766869486
12_1197,0.3577448819171549
12_1198,0.3634353251246023
12_1199,0.3670531217536182
12_1200,0.27999013603163225
12_1201,0.2878116127252949
12_1202,0.2908961306517737
12_1203,0.20333805609075487
12_1204,0.2142894954759941
12_1205,0.22662429062988784
12_1207,0.20707772030940153
12_1208,0.25348880788272854
12_1209,0.2487987889156156
12_1210,0.2296759600597974
12_1211,0.29252864282475477
12_1212,0.3014258849550918
12_1213,0.3130999325590305
12_1214,0.3230660561045528
12_1215,0.332516350340848
12_1216,0.3462826521070817
12_1217,0.2750645517837263
12_1218,0.27602625889184385
12_1219,0.2752507329593366
12_1220,0.202393968709296
12_1221,0.1974322592364395
12_1222,0.2619296675150099
12_1223,0.24033933039924363
12_1224,0.22052671107595723
12_1225,0.2174110897168994
12_1226,0.20285657358303613
12_1227,0.19407263710062067
12_1228,0.19613067978791848
12_1229,0.1990779223416593
12_1231,0.20329545978305077
12_1232,0.13001323440051535
12_1233,0.1331388722143571
12_1234,0.1508227871171891
12_1235,0.16587750471890614
12_1236,0.16876128706855006
12_1237,0.17046737004791462
12_1238,0.15791797362456395
12_1239,0.14358644306610446
12_1240,0.21722275733138752
12_1241,0.21901588115004583
12_1243,0.21784135507121594
12_1244,0.21729405509222688
12_1245,0.2286534847679439
12_1246,0.24188675075828492
12_1248,0.24375499268783002
12_1249,0.24951738408668628
12_1250,0.2649960238944713
12_1251,0.21875818124695964
12_1252,0.2911003178551096
12_1254,0.2930026080760859
12_1255,0.2946788702760627
12_1256,0.29478090232347004
12_1257,0.3570588439497067
12_1258,0.4115529306619563
12_1259,0.397380929332696
12_1260,0.4067288739531649
12_1261,0.40386275646068703
12_1262,0.3325438369908061
12_1263,0.3326866927920681
12_1264,0.3304340378035311
12_1265,0.3285723951004123
12_1266,0.32912202779352107
12_1267,0.2730521718322253
12_1268,0.279316619724241
12_1269,0.2920451187997
12_1270,0.3113564527492444
13_0,0.34755133118752896
13_1,0.3241256046291759
13_2,0.3106836246006358
13_3,0.29833674473066074
13_4,0.2910045085971546
13_5,0.22332903321155012
13_6,0.22623407790191757
13_7,0.22690198663600625
13_8,0.2302069865886462
13_9,0.2269290384177392
13_10,0.22910178286411106
13_11,0.22425218404640263
13_12,0.21537071848208847
13_13,0.21510465372401286
13_14,0.2881663719315642
13_15,0.36515411140172943
13_16,0.3665194042462816
13_17,0.3649610280521488
13_18,0.36782700011914665
13_19,0.36666352650898115
13_20,0.36548413708346994
13_21,0.36377508203069525
13_22,0.3630199260248239
13_23,0.2836886084463372
13_24,0.20553998874462862
13_25,0.20505376084638702
13_26,0.2067534415592441
13_27,0.21478341004794177
13_28,0.2249731806955009
13_29,0.21462291406246822
13_30,0.20954469651765664
13_31,0.2006583307072731
13_32,0.20448357859649222
13_33,0.28199783502208126
13_34,0.28068147392932125
13_35,0.28005034433900766
13_36,0.2799649162197321
13_37,0.27972675160544247
13_38,0.27772819169136514
13_39,0.27879379639793767
13_40,0.27827753001829936
13_41,0.2740195179963933
13_42,0.19592694772356584
13_43,0.1960168399729214
13_44,0.1952515273359666
13_45,0.19524887834226973
13_46,0.20742605024267613
13_47,0.22292159446508553
13_48,0.20873739999666197
13_49,0.19884427030841836
13_50,0.20163821516300245
13_51,0.20357297443502734
13_52,0.28161259206759537
13_53,0.2819258707514507
13_54,0.28256535038401537
13_55,0.2799922156370691
13_56,0.27707258293099507
13_57,0.2771720658653744
13_58,0.27560044890903207
13_59,0.27155910052918253
13_60,0.2700993312628916
13_61,0.19366217400447489
13_62,0.1927370467362294
13_63,0.19280994330352047
13_64,0.1939535007858927
13_65,0.19237281127438008
13_66,0.19356697133014167
13_67,0.18733542430048758
13_68,0.1829640655071453
13_69,0.18381613181923712
13_70,0.18374578276371803
13_71,0.18857388984570958
13_72,0.19009336017724998
13_73,0.19211531924122144
13_74,0.19500532294202486
13_75,0.19691186484682094
13_76,0.19764356317199744
13_77,0.19865035319946273
13_78,0.20211775771367083
13_79,0.20377751051930199
13_80,0.2013748070089944
13_81,0.20494344422378016
13_82,0.20951958034226673
13_83,0.2109551824933146
13_84,0.21751007585734455
13_85,0.22082173752147982
13_86,0.23051009160632166
13_87,0.2404312907590847
13_88,0.31137484208985755
13_89,0.38634231067795
13_90,0.384405609670404
13_91,0.39630308388051916
13_92,0.4797962705420129
13_93,0.4799939303489979
13_94,0.4744838709200496
13_95,0.4727189888819339
13_96,0.46780372969067846
13_97,0.46776222996930195
13_98,0.39118133694890234
13_99,0.3880579178335656
13_100,0.3935389078865621
13_101,0.33865953728421017
13_102,0.33786783716800534
13_103,0.32292247348767233
13_104,0.3182063755338769
13_105,0.3058653549105011
13_106,0.3038687077690486
13_107,0.29288087213114933
13_108,0.2842650552633873
13_109,0.283850081244315
13_110,0.28548373005003497
13_111,0.2866961714389055
13_112,0.2777842705295256
13_113,0.2705525519915706
13_114,0.27004736698856124
13_115,0.20654916606371992
13_116,0.2109305777051236
13_117,0.22597738966760963
13_118,0.22628649040071114
13_119,0.22715902469325494
13_120,0.22694469301847195
13_121,0.29165588238838674
13_122,0.36326097652316935
13_123,0.3619775733546589
13_124,0.3591762603831284
13_125,0.3597484645408369
13_126,0.36310509482277525
13_127,0.3701112718892623
13_128,0.3711917273123201
13_129,0.37346925637544265
13_130,0.2977673180450921
13_131,0.2284238201305026
13_132,0.2983331575298084
13_133,0.2984875803849981
13_134,0.29983626334096114
13_135,0.3000549475329267
13_136,0.29098775536913724
13_137,0.28901057625830984
13_138,0.2779695958375188
13_139,0.2801479315428825
13_140,0.28122820915771446
13_141,0.2062569230832776
13_142,0.20498999249790362
13_143,0.20727532112904826
13_144,0.20720616974407338
13_145,0.20436455374440182
13_146,0.20137933449809528
13_147,0.1897565554282002
13_148,0.18112539263764482
13_149,0.1862330532848646
13_150,0.19734335188660693
13_151,0.19994251540376617
13_152,0.1983091921285326
13_153,0.19957354337271174
13_154,0.20337530942623416
13_155,0.2794160791731065
13_156,0.2817600023145437
13_157,0.28454783492164987
13_158,0.28614999116769585
13_159,0.2845506544627768
13_160,0.2875727317105291
13_161,0.28811143955086643
13_162,0.2874127736184739
13_163,0.28538676723979534
13_164,0.20989017989943473
13_165,0.20782485884882632
13_166,0.20688691687720867
13_167,0.20173031331838073
13_168,0.20275860563622533
13_169,0.20010903846728229
13_170,0.19133649173896672
13_171,0.18401924802442537
13_172,0.18391098757170618
13_173,0.1842241975520937
13_174,0.18283217663788243
13_175,0.18220456942390031
13_176,0.18568148296593823
13_177,0.18358864345094048
13_178,0.18303748179804724
13_179,0.1831785021015459
13_180,0.18283892557804055
13_181,0.17958959770810104
13_182,0.17776722430079728
13_183,0.17989678718369514
13_184,0.17973800011993796
13_185,0.1814713309189957
13_186,0.19109747296704968
13_187,0.1999702676571184
13_188,0.19986208706598013
13_189,0.20077325176937882
13_190,0.20377412115164936
13_191,0.20505851714787054
13_192,0.2826459594430236
13_193,0.2822591489694905
13_194,0.2802506996765858
13_195,0.27899535824973376
13_196,0.2774577127101855
13_197,0.278074825153731
13_198,0.2776891210598295
13_199,0.27698462985916633
13_200,0.2766596187005622
13_201,0.1999878191466086
13_202,0.20053441516461082
13_203,0.20012791080591832
13_204,0.20910237530070486
13_205,0.22123878383676085
13_206,0.22181734059457112
13_207,0.21171260232233727
13_208,0.2031165629907018
13_209,0.20337547019873545
13_210,0.2801269140755753
13_211,0.28074508224076977
13_212,0.2811688256496908
13_213,0.2798709655739764
13_214,0.28037867662009186
13_215,0.2828185058552701
13_216,0.2827721908654856
13_217,0.2843371918417648
13_218,0.285762743141237
13_219,0.2103880668920764
13_220,0.21241604500780387
13_221,0.21503145239540797
13_222,0.2205363727232048
13_223,0.2218935338912566
13_224,0.2258107136137704
13_225,0.21970746688232523
13_226,0.21618826023270088
13_227,0.22044785826361
13_228,0.23006446430357652
13_229,0.23697668684362017
13_230,0.24304954470600448
13_231,0.25650403582393105
13_232,0.27375964346810494
13_233,0.27375125788428023
13_234,0.27606640816846967
13_235,0.2759266095066958
13_236,0.2904543980709881
13_237,0.3640352691249025
13_238,0.37511503782376665
13_239,0.3870715034353513
13_240,0.38616469576368184
13_241,0.379861950093687
13_242,0.44165681775522025
13_243,0.4364167242838249
13_244,0.5029035448269487
13_245,0.4963769979061621
13_246,0.42476144392977816
13_247,0.4198744843216914
13_248,0.4253460961460125
13_249,0.4302532085031277
13_250,0.4281905554793819
13_251,0.3695437543153267
13_252,0.3565425167898925
13_253,0.28880488532580406
13_254,0.34607989998147987
13_255,0.34776148093678144
13_256,0.3519543412326238
13_257,0.3453996838650977
13_258,0.33757612409460946
13_259,0.3302368413370792
13_260,0.32421971705301933
13_261,0.3260148630985071
13_262,0.3266281546392945
13_263,0.2593468508829423
13_264,0.272643938453985
13_265,0.2846401984275467
13_266,0.28564883035876165
13_267,0.2874889415290565
13_268,0.2882262102174107
13_269,0.277965576134682
13_270,0.3469241205205143
13_271,0.35701984336400827
13_272,0.3528814139991367
13_273,0.3481475735426783
13_274,0.34368122391064854
13_275,0.33847216722234724
13_276,0.40448063608266965
13_277,0.3985124007703494
13_278,0.40097059769266274
13_279,0.33526578909624755
13_280,0.3431202443305182
13_281,0.3377020596324854
13_282,0.33365838147599086
13_283,0.33069203501413924
13_284,0.40700318208381475
13_285,0.3985390076294795
13_286,0.4019143687462048
13_287,0.39879174676157814
13_288,0.39654317229027514
13_289,0.39698744976526706
13_290,0.4715671653608086
13_291,0.5394115354138607
13_292,0.528068634038253
13_293,0.4485350867755466
13_294,0.3705752338236711
13_295,0.3673271648652214
13_296,0.3682265773006746
13_297,0.3680535040731421
13_298,0.36520940990040585
13_299,0.28128956995989646
13_300,0.20587252324024594
13_301,0.19947967856682788
13_302,0.20346806611212997
13_303,0.21541820042815693
13_304,0.2278367125635257
13_305,0.21582163178396047
13_306,0.2124346531536192
13_307,0.19980706178364843
13_308,0.19838310051625316
13_309,0.2755735328676056
13_310,0.2742621117377205
13_311,0.27338439759698663
13_312,0.2726083408585669
13_313,0.2731357228972561
13_314,0.2738796164727113
13_316,0.27574124809857503
13_317,0.2772441521577593
13_318,0.2752734688569086
13_319,0.19474429550250058
13_320,0.19368743193681534
13_321,0.19076283541890965
13_323,0.188269262909924
13_324,0.18388410150323561
13_325,0.1783400568840771
13_327,0.16467611525646353
13_328,0.15318936005972872
13_329,0.1506902056115317
13_330,0.14956854227951197
13_331,0.14619561095606384
13_332,0.14523224679051125
13_333,0.14582577391769613
13_335,0.1546731010898005
13_336,0.16575277769530677
13_337,0.165148717404617
13_338,0.16548675509825816
13_339,0.1688629357596079
13_340,0.1685820419978729
13_341,0.24665526764738163
13_342,0.24632570656568809
13_343,0.25405507361759205
13_344,0.26436228548780355
13_345,0.2655028581884374
13_346,0.26575775194956924
13_348,0.26862923319975107
13_349,0.26543325739459156
13_350,0.3403151325021347
13_351,0.2674701819888273
13_352,0.27063939460735875
13_353,0.26993363242470403
13_354,0.2734161362929755
13_355,0.28539665490767224
13_356,0.299058104919173
13_357,0.2959304041491326
13_358,0.29472713578752446
13_359,0.23348068302931152
13_360,0.23203458794260967
13_361,0.29031369943505686
13_363,0.3057719806315591
13_364,0.3803331421704504
13_365,0.3828310579610754
13_367,0.3712355079567451
13_368,0.3599391905583431
13_369,0.36135488740778743
13_370,0.43677666232436196
13_371,0.43756936305496247
13_372,0.3605992955083573
13_374,0.36014134926871916
13_375,0.3055468061134959
13_376,0.31819300485057705
13_378,0.3208722535509723
13_379,0.32019363438770954
13_380,0.3051577502235772
13_381,0.2294008006514022
13_382,0.2879383428064189
13_383,0.2875186042309458
13_384,0.2878394488675009
13_385,0.2887693182085644
13_386,0.2900956371434068
13_387,0.2716070924348275
13_388,0.32778330876158346
13_389,0.32872303888678167
13_390,0.34332155637888245
13_391,0.2903337576957621
13_392,0.29398548281231457
13_393,0.3110850252308995
13_394,0.32021379553547485
13_395,0.335432949821893
13_396,0.4056573436288187
13_397,0.33807894555051393
13_398,0.33057247507631077
13_399,0.3955978824934121
13_400,0.46968182458975183
13_401,0.48032821196907044
13_402,0.4865849519135043
13_403,0.4836657469201252
13_404,0.4807666833428127
13_405,0.4147044128890334
13_407,0.42108274001146884
13_409,0.43503157412075605
13_410,0.385444781878611
13_411,0.33095342470003103
13_412,0.3295554635997939
13_413,0.31853348346458266
13_414,0.3041601569074502
13_415,0.372215459953684
13_416,0.3707507799826215
13_417,0.36958326572862576
13_418,0.36076182630296827
13_419,0.37241753983280645
13_421,0.3835584326416113
13_422,0.44285731004256845
13_423,0.45031565678120944
13_424,0.45476971564481466
13_425,0.3946010299699988
13_426,0.4582852120801902
13_427,0.46359868908497387
13_428,0.47989019614536177
13_429,0.49198619003322613
13_430,0.4935686963337282
13_432,0.42655635935417563
13_433,0.4129176956877959
13_435,0.41298046210509765
13_436,0.47264936435413263
13_437,0.41408079531856756
13_438,0.41940080419741027
13_439,0.41463680873188635
13_440,0.4115959972309741
13_441,0.417539391898775
13_443,0.4283087930467844
13_444,0.43143314677172384
13_445,0.4328018790431172
13_446,0.3872015924892472
13_447,0.3996502215287051
13_448,0.40929551182618923
13_449,0.4169486061617098
13_450,0.42319592394254585
13_451,0.4294568799970988
13_453,0.47536210790091116
13_454,0.4667217889054701
13_455,0.47336402864948723
13_456,0.4766106336182819
13_457,0.474534966488365
13_459,0.46750975503191555
13_460,0.45665606856807206
13_461,0.4474090567220223
13_462,0.4422108090149899
13_463,0.38748906291418167
13_464,0.3897091421406051
13_465,0.3901941853318066
13_466,0.39506793544832935
13_467,0.392228454836923
13_468,0.3874050668610868
13_469,0.3790458871016554
13_470,0.3733918776763695
13_471,0.42904381402713937
13_472,0.4371976968064859
13_473,0.4458833813286199
13_474,0.45825275578270325
13_475,0.47880241784259187
13_476,0.503424681162961
13_477,0.5271652036526208
13_478,0.554421879849889
13_479,0.5851678729320027
13_480,0.5531542279460607
13_481,0.5777560998697976
13_482,0.5906053373544297
13_483,0.5974012020162203
13_484,0.5923365168926024
13_485,0.5851620983087432
13_487,0.5711337622189732
13_488,0.5594523674066136
13_489,0.5568121575688342
13_491,0.5440251776018654
13_493,0.5255346042955006
13_494,0.5270154579179114
13_495,0.5306352967341383
13_496,0.563767151939315
13_497,0.5560264453935938
13_498,0.5490735754652551
13_499,0.5414346753093513
13_500,0.5810722918680099
13_501,0.5821363028877617
13_502,0.5795008835858119
13_503,0.5708104061568733
13_504,0.5589208286768221
13_505,0.5055959454174002
13_506,0.5017091273891702
13_507,0.49715207194308153
13_508,0.492241239125707
13_509,0.4403187364984836
13_510,0.4361630151407064
13_511,0.42808281427269385
13_512,0.41681710768014674
13_513,0.4080542186520359
13_514,0.3936953665943282
13_515,0.3658158453636475
13_516,0.34084642268753457
13_517,0.3354217011320497
13_518,0.32772047013250566
13_519,0.30436360223297043
13_520,0.28208009874127093
13_521,0.2658297720117929
13_522,0.25366298106388213
13_523,0.31272308982099234
13_524,0.3184647794112505
13_525,0.3265062049623476
13_526,0.3237773248746257
13_527,0.31784010924693795
13_528,0.3133686305816576
13_529,0.31136669106863946
13_530,0.3830922453855749
13_532,0.3723319131961122
13_533,0.2978382007498226
13_534,0.28867495134258975
13_535,0.28273017611270623
13_536,0.27974492099006737
13_537,0.28059299714421476
13_538,0.2827148351906995
13_539,0.2840441552243406
13_540,0.2218699927451217
13_541,0.22662261309518095
13_542,0.23220544172947286
13_543,0.23729150265159804
13_544,0.23813105335179405
13_545,0.23840563675351392
13_546,0.24027902825681893
13_547,0.24302399220724677
13_548,0.24738803643793852
14_0,0.19245329244744536
14_1,0.1907376730495252
14_2,0.18981665134232154
14_3,0.1891223564461535
14_4,0.18712956727751603
14_5,0.1864139038199086
14_6,0.18446374316566586
14_7,0.18072222903053947
14_8,0.1748162538012157
14_9,0.16851009767931083
14_10,0.16426812069122063
14_11,0.1603550387893384
14_12,0.1597793797340348
14_13,0.15992271235204247
14_14,0.1629069622535277
14_15,0.17627303931289165
14_16,0.19201381533086703
14_17,0.1957484284551379
14_18,0.19993810579587118
14_19,0.2151074016121589
14_20,0.22947993681686985
14_21,0.29842036671017214
14_22,0.29941797177628865
14_23,0.2968505606515883
14_24,0.29698427682976886
14_25,0.36811061421182406
14_26,0.3663810534844801
14_27,0.36875966331644067
14_28,0.37258057875430056
14_29,0.3747599640615826
14_30,0.3032180396318734
14_31,0.30568438821953003
14_32,0.3163750959831272
14_33,0.32523169828055426
14_34,0.2634229906828977
14_35,0.26199944815677617
14_36,0.2419144895984252
14_37,0.22176616197405044
14_38,0.28040863793344695
14_39,0.2774610039514873
14_40,0.2616428048839079
14_41,0.24884874585832048
14_42,0.248035236581335
14_43,0.24905900413584242
14_44,0.2484996245950298
14_45,0.24810312934148807
14_46,0.2459443648864202
14_47,0.17242568435597225
14_48,0.16860875942456277
14_49,0.1631048645405386
14_50,0.15679399559732174
14_51,0.1505872587109167
14_52,0.1441666361678286
14_53,0.12594735639528928
14_54,0.10699105351176032
14_55,0.10490943852153714
14_56,0.10237858470139402
14_57,0.10360014239295365
14_58,0.10598735603094707
14_59,0.10895443053175502
14_60,0.12662481915189971
14_61,0.1465592159177416
14_62,0.14589274344011866
14_63,0.14825962942728535
14_64,0.1493947489047229
14_65,0.16975031353292638
14_66,0.250176089064769
14_67,0.2538442088883251
14_68,0.25410111752493275
14_69,0.2535519553556168
14_70,0.24833584727135397
14_71,0.32414023331408337
14_72,0.3187658327357652
14_73,0.3141441941197198
14_74,0.30651068719752217
14_75,0.22999616681695192
14_76,0.2396506972106716
14_77,0.25181187820571693
14_78,0.24972564411421477
14_79,0.24838655160791634
14_80,0.18748724475806
14_81,0.17445642962480293
14_82,0.2250277079176636
14_83,0.22816830017066117
14_84,0.23293142916269483
14_85,0.2373888774026299
14_86,0.23965800954019711
14_87,0.2395411245634042
14_88,0.23974940386097238
14_89,0.24123678895756334
14_90,0.2420310365880197
14_91,0.17761475088182588
14_92,0.23898552024230874
14_93,0.23540425874021395
14_94,0.2460280981234734
14_95,0.25827102070208807
14_96,0.2570469844696746
14_97,0.2554083328118525
14_98,0.25750990133865437
14_99,0.2561702945390485
14_100,0.3243967769330823
14_101,0.27155237420777034
14_102,0.29050667478835035
14_103,0.3564850679400205
14_104,0.358564902840598
14_105,0.374114937109442
14_106,0.38916300035201523
14_107,0.4425112346135515
14_108,0.431729723593223
14_109,0.35707701350880033
14_110,0.35638835966148014
14_111,0.44310621801708266
14_112,0.3860684595475216
14_113,0.38302243553471044
14_114,0.38051849623244816
14_115,0.36470154152410805
14_116,0.2984226462357177
14_117,0.3782073985901143
14_118,0.3771236344632281
14_119,0.37441564091438545
14_120,0.3082455618662891
14_121,0.30577825064102393
14_122,0.35513414552594935
14_123,0.35282195818219847
14_124,0.438064729438694
14_125,0.45207958596233877
14_126,0.38520066858908025
14_127,0.3863718623747173
14_128,0.3969277628006385
14_129,0.48119858015058053
14_130,0.48555411159724066
14_131,0.4861639371264685
14_132,0.4761865022443558
14_133,0.4627402180221894
14_134,0.5404179570129457
14_135,0.5404150174459453
14_136,0.5418705983964184
14_137,0.5407040838528588
14_138,0.46389688185218286
14_139,0.4476303350600193
14_140,0.35763674796601896
14_141,0.3558046240398969
14_142,0.2865483781741241
14_143,0.2846183931284222
14_144,0.26687839876487196
14_145,0.24863812853056713
14_146,0.23131648984407666
14_147,0.21626194516052152
14_148,0.20464502170134474
14_149,0.20005855029891015
14_150,0.1915710404919239
14_151,0.19290799045460863
14_152,0.11683494756266637
14_153,0.11583475435397039
14_154,0.1184312617116302
14_155,0.11846964727619376
14_156,0.1184125935135244
14_157,0.11637106078845451
14_158,0.10072629492736923
14_159,0.0844446564423199
14_160,0.08136216345792704
14_161,0.08114105489608034
14_162,0.080350560403203
14_163,0.07675055203820569
14_164,0.07553352959060582
14_165,0.07476744911003064
14_166,0.07642075464194803
14_167,0.07581367309379862
14_168,0.07584105091456456
14_169,0.07469173651110753
14_170,0.07524753404437841
14_171,0.0736646718016725
14_172,0.07532988236151415
14_173,0.07313375335978632
14_174,0.07454350512746764
14_175,0.07366295016643412
14_176,0.07535525087696109
14_177,0.07435803413800678
14_178,0.08862846457436067
14_179,0.10490296289046269
14_180,0.12306139704453575
14_181,0.1392886332211778
14_182,0.1394685679723261
14_183,0.13870702826356623
14_184,0.20360537033668036
14_185,0.21846727929847426
14_186,0.3047995085454344
14_187,0.3048471803735586
14_188,0.3064159794115061
14_189,0.3060117811264215
14_190,0.30604940323979885
14_191,0.3835927802141352
14_192,0.3849869967488753
14_193,0.30439858892677635
14_194,0.30488588443416603
14_195,0.23372885434392462
14_196,0.23323771390166015
14_197,0.23344535415573103
14_198,0.24905115758743576
14_199,0.24984963501415863
14_200,0.1714645612975774
14_201,0.1552938718024642
14_202,0.1384339801578941
14_203,0.13980129977322373
14_204,0.20210210191210548
14_205,0.20174931924308284
14_206,0.18568264023410483
14_207,0.17187176231557766
14_208,0.17018894971938983
14_209,0.17098046524527807
14_210,0.17091277463427065
14_211,0.16962842317987412
14_212,0.166897680668298
14_213,0.09530766864566026
14_214,0.09500708635579676
14_215,0.09447185542658892
14_216,0.09285452950327083
14_217,0.09339798470927067
14_218,0.08943479844576661
14_219,0.07297132943653577
14_220,0.05878913463567948
14_221,0.059226998848008826
14_222,0.05772358034303247
14_223,0.05784811700272363
14_224,0.05539563023785218
14_225,0.0558150540134409
14_226,0.05575263426778829
14_227,0.05526686889477581
14_228,0.054175202296330126
14_229,0.057155247760851416
14_230,0.058651296194402396
14_231,0.060227854157313264
14_232,0.06393883535224852
14_233,0.0689347875778891
14_234,0.0724654436766989
14_235,0.0740906312491044
14_236,0.07893453757096608
14_237,0.08502382729509281
14_238,0.08803948219344246
14_239,0.10818006440195553
14_240,0.1272266230311474
14_241,0.1294365071949206
14_242,0.1314881283357081
14_243,0.13516620446152303
14_244,0.13552753544939414
14_245,0.20456481928381878
14_246,0.20495860472133487
14_247,0.20768580972191536
14_248,0.22047541382621955
14_249,0.2348887586750673
14_250,0.23488427604806694
14_251,0.23556539962067471
14_252,0.24987780471595894
14_253,0.26334769627745747
14_254,0.2765232279392814
14_255,0.2931451162003987
14_256,0.2957919475689442
14_257,0.2976354233744429
14_258,0.36587159644402106
14_259,0.3679060808543496
14_260,0.43425075778061734
14_261,0.4287123141135947
14_262,0.43052796361254353
14_263,0.35102309090990075
14_264,0.3497334426458514
14_265,0.35917247521329343
14_266,0.37045383319323505
14_267,0.300395871964875
14_268,0.2976945461646707
14_269,0.22045649351367053
14_270,0.20307285593904573
14_271,0.26425919726450026
14_272,0.26648707552852247
14_273,0.2525291738806617
14_274,0.2417901919181887
14_275,0.23365917825624744
14_276,0.22979175168015079
14_277,0.23785081794682533
14_278,0.24657507797162087
14_279,0.2620609317646109
14_280,0.20609048411122446
14_281,0.20940407602731193
14_282,0.23082051961501585
14_283,0.2562901396488781
14_284,0.26360271010117214
14_285,0.3306791262473356
14_286,0.3297555291376608
14_287,0.3291800708969114
14_288,0.4093445063628322
14_289,0.42349779040776275
14_290,0.43993517086080436
14_291,0.45700003414599377
14_292,0.4718717126188909
14_293,0.48135490824393334
14_294,0.4905358837228217
14_295,0.5060751756840138
14_296,0.5733511446671906
14_297,0.5274459774121855
14_298,0.593008832521924
14_299,0.6605815956639355
14_300,0.7184539448106805
14_301,0.7171001150505222
14_302,0.7289892171172655
14_303,0.6632460884326383
14_304,0.6639652142060006
14_305,0.6191539124625646
14_306,0.6294581083703366
14_307,0.5830303601578651
14_308,0.5332656230040206
14_309,0.4782017435860542
14_310,0.5157565349791573
14_311,0.515377797982974
14_312,0.5168786636869206
14_313,0.5098402098366686
14_314,0.5094294108149131
14_315,0.5080581142149201
14_316,0.5045767564539404
14_317,0.5522141040790393
14_318,0.5526021234624814
14_319,0.49708819564494616
14_320,0.5041858479465451
14_321,0.5122814871666754
14_322,0.5162262361226748
14_323,0.5173779035866036
14_324,0.5170402480493215
14_325,0.5104579721576467
14_326,0.5002044218463454
14_327,0.4961587538584059
14_328,0.49280099781913334
14_329,0.49673717512712173
14_330,0.5025456560183404
14_331,0.49966952352167343
14_332,0.5045631143293882
14_333,0.5050670524720773
14_334,0.5062272329361412
14_335,0.4596059740360039
14_336,0.450989844623297
14_337,0.45037154001235297
14_338,0.5088779655186655
14_339,0.4969370792739005
14_340,0.5512084144795724
14_341,0.5369682080098991
14_342,0.5236374210448014
14_343,0.5764916543515362
14_344,0.5682759757082625
14_345,0.5622971835296806
14_346,0.5570763446948505
14_347,0.4880249342288716
14_348,0.48495800125839733
14_349,0.41812030383771465
14_350,0.415446083877226
14_351,0.4085814468742301
14_352,0.34794406980988407
14_353,0.3380791437134996
14_354,0.3320231106027202
14_355,0.32531874451415554
14_356,0.32308700529051904
14_357,0.3294417054786303
14_358,0.34090777260490485
14_359,0.3512409503173963
14_360,0.3769855553858426
14_361,0.4072912156049493
14_362,0.42787299620285413
14_363,0.436357510603947
14_364,0.499236089379405
14_365,0.5011063007565139
14_366,0.5669480180739953
14_367,0.5686735324201755
14_368,0.6207228464166356
14_369,0.6069458704355204
14_370,0.5933637045791086
14_371,0.5906319529440062
14_372,0.6531732088282941
14_373,0.6044554175148574
14_374,0.6024206099765606
14_375,0.5477061025857798
14_376,0.6046340876534184
14_378,0.5451173761658454
14_379,0.600672618126565
14_380,0.5901165884279768
14_381,0.5797564239513894
14_382,0.5122894747932453
14_383,0.49587613302098754
14_384,0.4789097811755953
14_385,0.46628238047958176
14_386,0.4641694835776934
14_388,0.46541039242667825
14_389,0.4103761087031859
14_390,0.4147935001205768
14_391,0.4239891843298678
14_392,0.4345102598900861
14_393,0.4320859360715043
14_394,0.4261125869541315
14_395,0.4767932226160881
14_396,0.424880247526046
14_397,0.43131841762587037
14_398,0.44508086247901346
14_399,0.4632793992592092
14_400,0.47363606292256727
14_401,0.4801853302585464
14_402,0.5420371561146532
14_403,0.5974367694094885
14_404,0.5272610046391938
14_405,0.5860782979016245
14_407,0.6526499788362407
14_408,0.7151321903394707
14_409,0.6982294646338337
14_410,0.6877902019546294
14_411,0.6707780218508125
14_412,0.5962789880386407
14_413,0.5260606259878524
14_414,0.5297936169070533
14_415,0.46737432192258827
14_416,0.41376385509651936
14_417,0.36373474234574604
14_418,0.3770766335853799
14_419,0.39985906626082307
14_421,0.4117638869311839
14_422,0.4227266731108164
14_423,0.4360278360470577
14_424,0.44617273059057866
14_425,0.4572432749635338
14_426,0.474717042975696
14_427,0.49450655367121127
14_428,0.5065997539522739
14_430,0.5168288628013041
14_431,0.5316692122637892
14_432,0.5399066183163437
14_433,0.5478623487705098
14_434,0.5572250711721396
14_435,0.5377123958365619
14_436,0.5764399401541296
14_437,0.5513709217546032
14_438,0.527273547325537
14_440,0.509708193468812
14_441,0.49255106596916876
14_442,0.4657853320017513
14_443,0.4409200489702775
14_444,0.4128538671208237
14_445,0.4059823219097446
14_446,0.34894602234540595
14_447,0.3432788834202077
14_449,0.3297947789366156
14_450,0.31458104407568505
14_451,0.298700045660722
14_452,0.28469121508301287
14_453,0.26803576998668566
14_454,0.2533403888829304
14_455,0.24534857141763766
14_456,0.23239564285782488
14_457,0.22099279979249156
14_458,0.2156296072958259
14_459,0.2246814213876905
14_461,0.2311841107572378
14_462,0.22895276868984518
14_463,0.22728308564542443
14_464,0.24056099546460977
14_466,0.24636795499716727
14_467,0.31728613913451215
14_468,0.3209216838342562
14_469,0.32268600036618206
14_470,0.32581262309507375
14_471,0.39027146735247253
14_472,0.4614919715231805
14_473,0.46245605009406887
14_474,0.46654605704443813
14_475,0.4676127390613145
14_476,0.3983304944592772
14_477,0.40124657702101557
14_479,0.4044901990517226
14_480,0.40273240050097253
14_481,0.332629385667937
14_482,0.27393874355608877
14_483,0.2590540911734731
14_484,0.24370473984940938
14_485,0.2495942767930023
14_486,0.2676144805726173
14_487,0.2757624427700247
14_488,0.2744560308909491
14_489,0.2673774429480601
14_490,0.26951323823817847
14_491,0.27054285905505154
14_493,0.3410879145667654
14_494,0.337430088701904
14_495,0.3318455925098258
14_496,0.32871198091998965
14_497,0.3238252531310435
14_498,0.3211560188229354
14_499,0.3201565718868208
14_500,0.3201690350454633
14_501,0.31968742305663306
14_502,0.24991735481126082
14_503,0.25134335416352543
14_504,0.2515764619277278
14_505,0.24916689160631664
14_506,0.24570431356751932
15_251,0.31849378779157655
15_252,0.4136784798724521
15_253,0.4002372935447882
15_254,0.3909656970246996
15_255,0.4484118485264959
15_256,0.4506336948938963
15_257,0.44964911332410207
15_258,0.45047710694047266
15_259,0.5182403205157079
15_260,0.5197525464609483
15_261,0.4510493688278212
15_262,0.46355383731611705
15_263,0.4659180360210929
15_264,0.4040613154080179
15_265,0.46917109459468787
15_266,0.4756619374887579
15_267,0.5349053740072365
15_268,0.4652463494959804
15_269,0.4818797371102629
15_270,0.48966748676287253
15_271,0.49210496926546043
15_272,0.4973725056165332
15_273,0.5065859996340809
15_274,0.435936480132981
15_275,0.49618469424404804
15_276,0.4268178941727839
15_277,0.4257761726668971
15_278,0.4219354347298951
15_279,0.42096889873450477
15_280,0.40994674455978497
15_281,0.4025180106842068
15_282,0.39279264021261906
15_283,0.38494262009850166
15_284,0.31947075347228754
15_285,0.3201150576251102
15_286,0.31872359375659043
15_287,0.322048230152592
15_288,0.3257897907801519
15_289,0.3309641028202753
15_290,0.38669660805964734
15_291,0.37196153568447593
15_292,0.4394448806298627
15_293,0.4310138971602622
15_294,0.50220842518527
15_295,0.4955054240678857
15_296,0.48889222260503645
15_297,0.4805890526504166
15_298,0.4736788707249214
15_299,0.3952684466204842
15_300,0.39105586674412246
15_301,0.3212316624827387
15_302,0.31979908148494385
15_303,0.2558829089505016
15_304,0.2607201478239024
15_305,0.2532268542723646
15_306,0.2472116646234843
15_307,0.23943678302592886
15_308,0.23596857476460684
15_309,0.23240924295882454
15_310,0.22802994736480847
15_311,0.23025759158033923
15_312,0.23187396872064245
15_313,0.23545748655132945
15_314,0.24267159374718172
15_315,0.2520681086173388
15_316,0.2628893909912432
15_317,0.2745610260078623
15_318,0.2854208120256818
15_319,0.289121961766309
15_320,0.30057553026802947
15_321,0.3100179748681525
15_322,0.30469734530651454
15_323,0.37462419137729935
15_324,0.3679441830734
15_325,0.3611217512842883
15_326,0.42781638949387635
15_327,0.429226554466532
15_328,0.4331280678590831
15_329,0.43904634877641946
15_330,0.4475600592455425
15_331,0.45454361178151914
15_332,0.37925875780683355
15_333,0.37881861771343295
15_334,0.37950320084999717
15_335,0.3063670370355884
15_336,0.2996347219803434
15_337,0.29484515100280223
15_338,0.2816175711930561
15_339,0.27201810747374805
15_340,0.2748363359721066
15_341,0.2660538987274589
15_342,0.2616511837579807
15_343,0.26270951794282005
15_344,0.27074187192965177
15_345,0.35388608272283695
15_346,0.35659990788112683
15_347,0.35920563341504264
15_348,0.3552913495701079
15_349,0.3468722169424123
15_350,0.41713429344549074
15_351,0.4060282712520064
15_352,0.4743606502084037
15_353,0.4684370752839626
15_354,0.3941594358285372
15_355,0.4052751491314788
15_356,0.4171883658161822
15_357,0.419945286656507
15_358,0.42679068104983137
15_359,0.3582910598497963
15_360,0.35092458245590163
15_361,0.3504781627271294
15_362,0.3643325662017465
15_363,0.36544344915171684
15_364,0.36593905696402684
15_365,0.3576977763668019
15_366,0.34859250130677427
15_367,0.407547169611976
15_368,0.4088244116905247
15_369,0.4137611198081122
15_370,0.34681690270827314
15_371,0.3534479799977347
15_372,0.3570760340862324
15_373,0.36201284993649807
15_374,0.3589960956300218
15_375,0.3547307247125622
15_376,0.271262712127933
15_377,0.249469778767734
15_378,0.2379466425298529
15_379,0.22512207187295794
15_380,0.2156138519881375
15_381,0.20987445877641495
15_382,0.2019196817690753
15_383,0.19999778102642207
15_384,0.20778230053097158
15_385,0.22004580007710664
15_386,0.23794865431465823
15_387,0.2516072018886891
15_388,0.2655334565608625
15_389,0.2759463898517406
15_390,0.2796719235651028
15_391,0.27854903695943944
15_392,0.2764094385396959
15_393,0.26739264358582554
15_394,0.25698303427820574
15_395,0.2446495061394409
15_396,0.23457045122089656
15_397,0.3061643833611486
15_398,0.29925496187440104
15_399,0.2974356011131833
15_400,0.2986601124455133
15_401,0.29910040038011365
15_402,0.29762012505984853
15_403,0.2952528670709005
15_404,0.2955800207757348
15_405,0.30216673046232706
15_406,0.2323427038163033
15_407,0.2338932004495238
15_408,0.23535459376755608
15_409,0.2352233549964043
15_410,0.23710239971265426
15_411,0.3120424946048871
15_412,0.3077078101728447
15_413,0.3094349135706874
15_414,0.3147905449333824
15_415,0.3207544284643518
15_416,0.32070312249318944
15_417,0.3159044775989452
15_418,0.30907264846902366
15_419,0.30049336789536724
15_420,0.21838733524128898
15_421,0.21147463189171095
15_422,0.20208700776648486
15_423,0.19646673193836234
15_424,0.19332293680930882
15_425,0.19133006954478207
15_426,0.18213380869023474
15_427,0.17624001654805735
15_428,0.19443509919020277
15_429,0.21346950186267405
15_430,0.21747036794009067
15_431,0.2203839675551353
15_432,0.22282874879546583
15_433,0.22382724203004412
15_434,0.29105821024543493
15_435,0.2874540231378678
15_436,0.28661811038864227
15_437,0.28627059328275944
15_438,0.28732273729626556
15_439,0.2921132865590115
15_440,0.30057798257959006
15_441,0.3083319957507719
15_442,0.31214522957735813
15_443,0.2449951186513631
15_444,0.24883529721578296
15_445,0.2502595853889216
15_446,0.2519828056390563
15_447,0.2687693006630679
15_448,0.28723031090520923
15_449,0.27885792705061907
15_450,0.2707338026326119
15_451,0.2750931723655912
15_452,0.2782024004602109
15_453,0.34277844729085266
15_454,0.34659682873869296
15_455,0.3516810227010159
15_456,0.3522848693622984
15_457,0.35130309168565227
15_458,0.3477964855710126
15_459,0.3409901450079684
15_460,0.33706983750387703
15_461,0.33748015024744005
15_462,0.28199747398283315
15_463,0.2882192374111633
15_464,0.2966552986426552
15_465,0.29269214884492695
15_466,0.2901389782873484
15_467,0.3500490384765659
15_468,0.3377586154139905
15_469,0.3948811871520312
15_470,0.39638894431726074
15_471,0.39812680911080006
15_472,0.40383546195838477
15_473,0.4051727417725183
15_474,0.41050123878671685
15_475,0.41170870566559686
15_476,0.3401289967352375
15_477,0.3394863266394407
15_478,0.27353122260262813
15_479,0.27655923605656074
15_480,0.2744380365144248
15_481,0.2711321991743104
15_482,0.27205969957013365
15_483,0.27405163120127174
15_484,0.2678281607165717
15_485,0.27404317237020337
15_486,0.29117029193277066
15_487,0.29596861086949
15_488,0.36728627813482434
15_489,0.3761393218686974
15_490,0.3873455809736374
15_491,0.46195897407860587
15_492,0.4648489291834769
15_493,0.46460854892668507
15_494,0.46503132241035344
15_495,0.46475239725398443
15_496,0.467934410794932
15_497,0.40113754444501126
15_498,0.4128624475240754
15_499,0.42317531172710027
15_500,0.35541939816888773
15_501,0.35530858734721826
15_502,0.354585984521864
15_503,0.3453024116987629
15_504,0.40386439433017896
15_505,0.4062229104763714
15_506,0.40199123736550957
15_507,0.3975365801348001
15_508,0.40180417789785255
15_509,0.41339587837119857
15_510,0.42623746426247516
15_511,0.4305374256233989
15_512,0.43387535562717267
15_513,0.38019926290363587
15_514,0.3864643783424208
15_515,0.4576080001194885
15_516,0.45803472759572383
15_517,0.45934871550722833
15_518,0.45921508197525696
15_519,0.5202134366960887
15_520,0.5852804710803925
15_521,0.5900357132710622
15_522,0.5948186757917998
15_523,0.6010826253073007
15_524,0.5387031376457189
15_525,0.603885323593366
15_526,0.6098793030603268
15_527,0.616984673040849
15_528,0.5561571118443948
15_529,0.48947730096140085
15_530,0.4815117458490853
15_531,0.47689226922727307
15_532,0.47705091154762763
15_533,0.48117569082630435
15_534,0.4256755660505032
15_535,0.4335070362933496
15_536,0.43110791074109545
15_537,0.43759797431663794
15_538,0.4446274211099653
15_539,0.44826491913354805
15_540,0.5018240204952644
15_541,0.49471663471141747
15_542,0.49844685741510425
15_543,0.498268864106465
15_544,0.4906726502825187
15_545,0.4835016566296703
15_546,0.48590210976869047
15_547,0.48844247305055327
15_548,0.5422342537697179
15_549,0.4874190466269181
15_550,0.49374201109478716
15_551,0.5006731737727038
15_552,0.5589163007432633
15_553,0.5716345272797885
15_554,0.584828990082737
15_555,0.581723131650153
15_556,0.57400194735093
15_557,0.5161842995773903
15_558,0.5205869227264288
15_559,0.5768645549504243
15_560,0.5752038090172287
15_561,0.5197804299629725
15_562,0.5220555478772921
15_563,0.5161691483339045
15_564,0.5115722723946283
15_565,0.5173098079059751
15_566,0.5125475309312808
15_567,0.49310913185207644
15_568,0.49499990099508073
15_569,0.492538988109631
15_570,0.5397801397583271
15_571,0.523139672863576
15_572,0.5109287704051265
15_573,0.4993109040527568
15_574,0.5503843313221994
15_575,0.5343765476819778
15_576,0.5283304736479726
15_577,0.45479116775033335
15_578,0.45068827325724226
15_579,0.3712625240182836
15_580,0.36108398469414643
15_581,0.35109232365150794
15_582,0.34462486453039926
15_583,0.2638949353672199
15_584,0.2616702523314351
15_585,0.25966821074658486
15_586,0.24756563704723694
15_587,0.24457940925596433
15_588,0.24432024280196477
15_589,0.23398174619439768
15_590,0.3004411772048409
15_591,0.2990394668797096
15_592,0.2970119862118189
15_593,0.3039361929200509
15_594,0.3114644392012957
15_595,0.30690334738877184
15_596,0.30306819628965187
15_597,0.30009301612955114
15_598,0.29560134197992427
15_599,0.2921558926922716
15_600,0.2905235307268702
15_601,0.28710142276191997
15_602,0.2839661977781702
15_603,0.2807086434564085
15_604,0.2791035636974914
15_605,0.26875019751620527
15_606,0.26785355320628734
15_607,0.27180255657280844
15_608,0.20830923096284004
15_609,0.20959416351935525
15_610,0.21395979940350107
15_611,0.2203972309022438
15_612,0.29645320893730015
15_613,0.3797928723095175
15_614,0.37866778290087716
15_615,0.3801631300516193
15_616,0.3823506874623136
15_617,0.3801197781501472
15_618,0.37280329138885626
15_619,0.3652090780286542
15_620,0.3587635747206547
15_621,0.27394947718486395
15_622,0.19407589399716532
15_623,0.19121001671050902
15_624,0.18567955781820242
15_625,0.1823920774529288
15_626,0.18350403981824534
15_627,0.18233663272317802
15_628,0.18918667576896786
15_629,0.19413200153439059
15_630,0.20228494372181957
15_631,0.20551127426058582
15_632,0.21009149882508554
15_633,0.21423658257020659
15_634,0.21454750159038752
15_635,0.2984948313610523
15_636,0.2959939388070311
15_637,0.2913338562911736
15_638,0.2899424815293427
15_639,0.2891817802834258
15_640,0.28679883767980396
15_642,0.2813082815649099
15_643,0.2774821092738526
15_644,0.27707539599850733
15_645,0.193212727704516
15_646,0.20121978819879816
15_647,0.21086024085767757
15_648,0.21067189515581233
15_649,0.21125557473087136
15_650,0.21186061622309568
15_651,0.20430985547267785
15_652,0.2831571520281991
15_653,0.2817364507120674
15_654,0.281710980596394
15_655,0.28119981793556986
15_656,0.28066786073886935
15_657,0.28225483850072675
15_658,0.2860774718283323
15_659,0.2887473220241118
15_660,0.29288936314190184
15_661,0.2160169259845563
15_662,0.22375190827195351
15_663,0.22638099171787102
15_664,0.22809205809686925
15_665,0.22764862858834786
15_666,0.2262178898143278
15_667,0.22087502724696745
15_668,0.21489996654924443
15_669,0.21301170979747558
15_670,0.20844569377460181
15_671,0.20500766867375775
15_672,0.2050304835184315
15_673,0.20600826330658362
15_674,0.20827699827290086
15_675,0.20880016740250323
15_676,0.20890072005719043
15_677,0.20948557707933504
15_678,0.20852055708307293
15_679,0.20784295750609522
15_680,0.20451741556238073
15_681,0.20218248195189872
15_682,0.19853490646238098
15_683,0.19803611305950444
15_684,0.27842623725618404
15_685,0.2785429101553268
15_686,0.27937569948956964
15_687,0.2799095079013438
15_688,0.28471618764363066
15_689,0.28629769406873873
15_690,0.2882943583949217
15_691,0.2920853361750503
15_692,0.2927896086518724
15_693,0.21383593469455428
15_694,0.21327728816603647
15_695,0.21257188733444057
15_696,0.22074173057535545
15_697,0.2291846233527502
15_698,0.22811017405383727
15_699,0.2276301493428066
15_700,0.2264979143404172
15_701,0.22786809244533007
15_702,0.30359932697087166
15_703,0.30688631501056607
15_704,0.3088827818012828
15_705,0.3889546440943804
15_706,0.39217898856726036
15_707,0.39839857365526926
15_708,0.40635951629174155
15_709,0.41096767807705775
15_710,0.41470745516209173
15_711,0.34004408880105197
15_712,0.3425875194834811
15_714,0.417319523982758
15_715,0.3417883649131663
15_716,0.34300111860552945
15_717,0.34370649290732797
15_718,0.3358093481104784
15_719,0.3263712054667176
15_720,0.31995390638514754
15_721,0.3104666270184574
15_722,0.29991553925191017
15_723,0.2226270844238024
15_724,0.22241854787127333
15_725,0.22560303445429902
15_726,0.23014354340438362
15_727,0.23664437648578074
15_728,0.2386113592386472
15_729,0.24118654276206133
15_730,0.24412338961021493
15_731,0.2500325356767794
15_732,0.255096615164587
15_733,0.25940340277805274
15_734,0.26149539411517264
15_735,0.26158031234785845
15_736,0.2596696536920552
15_737,0.2613013916644136
15_738,0.26041840254664067
15_739,0.2563170820100896
15_740,0.25040086745504175
15_741,0.24314921442863752
15_742,0.23329800712099094
15_743,0.22525382543415323
15_744,0.21728085449706278
15_745,0.2103735502033459
15_746,0.20452468883775818
15_747,0.19887790161610766
15_748,0.19511084829884287
15_749,0.19675661080565882
15_750,0.19901475576092753
15_751,0.19732106879272307
15_752,0.19551561677928203
15_753,0.19097961148633155
15_754,0.18786081645008076
15_755,0.2663277669143922
15_756,0.2665504637905496
15_757,0.2655634924560129
15_758,0.2679152835440057
15_759,0.27166377853997
15_760,0.2757708277645851
15_761,0.280879498662375
15_762,0.2907679645673069
15_763,0.29628369137092947
15_764,0.21810599755436175
15_765,0.2238346328721513
15_766,0.23361603176798978
15_767,0.2400752332497828
15_768,0.2443311403874189
15_769,0.24882981804079055
15_770,0.24837857921775058
15_771,0.24425545743405103
15_772,0.24312135643752686
15_773,0.24041843505035845
15_774,0.23896308105171346
15_775,0.23448899401216536
15_776,0.2312414259947875
15_777,0.23002155888891715
15_778,0.23091673646201402
15_779,0.23843475767332473
15_780,0.2478810405502198
15_781,0.2545783433662469
15_782,0.26014409019306867
15_783,0.26302446097217674
15_784,0.26387843056245175
15_785,0.3397666879351997
15_786,0.33918609580252357
15_787,0.33585977676218276
15_788,0.3337015657980154
15_789,0.3328357941304841
15_790,0.3357204398882194
15_792,0.32885577499024776
15_793,0.32101446618029356
15_794,0.39422192295470015
15_795,0.31887136960199164
15_796,0.39086669323306605
15_797,0.39260531936128923
15_798,0.3930238447964995
15_799,0.3945895609887019
15_800,0.39345726334028547
15_802,0.3857151219894296
15_803,0.38173023732869377
15_804,0.3001513918175308
15_805,0.2992062487011987
15_807,0.22130787933754217
15_808,0.2186567752886059
15_809,0.22728080972737763
15_810,0.23556809394552863
15_811,0.22070297980737325
15_812,0.2084682493941865
15_813,0.19998995597952032
15_814,0.19389730329013988
15_815,0.2804321516966836
15_816,0.28922563685170416
15_817,0.28950361711574263
15_818,0.29997140998852595
15_819,0.3106763743860294
15_820,0.31454012858577596
15_821,0.390136932352293
15_822,0.391078491850208
15_823,0.3933524524619618
15_824,0.39274776046903925
15_825,0.39423901153630914
15_826,0.39621081270424735
15_827,0.39906529323336554
15_828,0.4024438976089272
15_830,0.4041242133412598
15_831,0.32287391039660035
15_832,0.31838958761282654
15_833,0.31973656907656367
15_834,0.24299890615090458
15_835,0.24963104313538304
15_836,0.2597420469051454
15_837,0.2457701279161317
15_838,0.24389253080711368
15_839,0.2555044077636872
15_840,0.24379859728657785
15_842,0.3052422354137105
15_843,0.30529331170176244
15_844,0.30694949733060617
15_845,0.3840518701230503
15_846,0.3849967808966621
15_847,0.38603012067331754
15_848,0.38460052997197575
15_849,0.38163536259826225
15_850,0.37763097677394764
15_851,0.2999225790706404
15_852,0.2957801811091788
15_853,0.29338550978866035
15_854,0.2193948223840822
15_855,0.21739543223679417
15_856,0.2196547444029111
15_858,0.21257291498731287
15_859,0.21400478555083918
15_861,0.22672742935744364
15_862,0.21869426655254084
15_863,0.21265455409751446
15_864,0.2135832097459572
15_865,0.213376092424469
15_866,0.2923345135623202
15_867,0.29173505619341683
15_868,0.2930042148299625
15_870,0.29013511564251276
15_871,0.28728915336005695
15_872,0.2882381313678053
15_873,0.2854492970884229
15_874,0.28076600966077686
15_875,0.2776001140469477
15_877,0.19739062430715967
15_878,0.19239446066486993
15_879,0.1892184009695446
15_880,0.18972405267647177
15_881,0.19215731456410753
15_882,0.19171328778590127
15_883,0.18875084240496595
15_884,0.18981400202365473
15_886,0.1971523112389338
15_887,0.2007044236307639
15_889,0.20598572910187393
15_890,0.21031623760438573
15_891,0.21345310406241907
15_892,0.21401034692988002
15_893,0.21555937349338505
15_894,0.21691561462998687
15_895,0.21795840037729125
15_896,0.21595361480299474
15_897,0.21475693692805178
15_898,0.21357980035260854
15_899,0.2150604953449238
15_900,0.21877332015896112
15_901,0.2158761526132618
15_902,0.21521632865289417
15_903,0.21244262910343054
15_904,0.2105368499023932
15_906,0.28851025331991015
15_907,0.2867883306180606
15_908,0.2840045984906315
15_909,0.28108654613805073
15_910,0.2875287710630478
15_911,0.29633301408774726
15_912,0.29397559346008356
15_913,0.2951798659706825
15_914,0.2909627795399846
15_915,0.21759058632885786
15_916,0.2918735417438512
15_917,0.29082018517169694
15_918,0.2895163794544118
15_919,0.2871820177416591
15_920,0.2960742255583929
15_921,0.2961739143895898
15_922,0.28470389424288467
15_923,0.28849222682953835
15_924,0.28883338123477353
15_925,0.2085387804822267
15_926,0.2857553752435012
15_927,0.2816713061293414
15_928,0.2790724349205164
15_929,0.28605839741852757
15_930,0.2941172578296039
15_931,0.2804657480220982
15_932,0.2670888976660192
15_934,0.2636330720491053
15_935,0.26132377563560794
15_936,0.2602701598457908
15_937,0.25924048071745975
15_938,0.2660832365147278
15_939,0.2736630260550587
15_940,0.2730285772531991
15_941,0.2701210449510988
15_942,0.25556476560541974
15_943,0.24260609956425144
15_944,0.3338446482338772
15_945,0.2541085618419718
15_946,0.26527038439826583
15_947,0.2636543349494454
15_948,0.2745741265930831
15_949,0.28722274999126934
15_950,0.36242522438274566
15_951,0.4337196585347236
15_952,0.4204008604912886
15_953,0.33218834249926216
15_955,0.41716462031426227
15_956,0.4206193820819322
15_957,0.428487738074174
15_958,0.42795076694078327
15_959,0.4274624586355509
15_960,0.33339857729416245
15_961,0.24414028570916216
15_962,0.3202820440492939
15_963,0.3201229625384372
15_965,0.24862981025217426
15_966,0.2632166413416017
15_967,0.26332681574301364
15_968,0.25932933733303365
15_969,0.24552435890788138
15_970,0.24857969530898597
15_971,0.23597554196901385
15_972,0.22157536046172416
15_973,0.2193225277112473
15_974,0.215927952366347
15_975,0.21325523361858792
15_977,0.21214548982108275
15_978,0.2092631194029895
15_979,0.2077582596865599
15_980,0.2066914939462122
15_981,0.20332399384967495
15_982,0.13654996729809454
15_983,0.13935154839325972
15_984,0.1410213343201705
15_985,0.22503550043651135
15_986,0.24246341889385503
15_987,0.24127094080861838
15_988,0.22738328393533064
15_989,0.21571841798377447
15_990,0.21538752338448716
15_991,0.3000037032804454
15_992,0.2982618855378094
15_993,0.29646699629809165
15_994,0.21118451817665596
15_995,0.20992834051924822
15_996,0.20892115706961598
15_997,0.21852847030720052
15_998,0.22986091133783465
15_999,0.2470073393605607
15_1000,0.1384633056771651
16_0,0.11045499813921972
16_1,0.23430837563495766
16_2,0.21608243710082298
16_3,0.20057305687582078
16_4,0.18921113550027133
16_5,0.18987120179301667
16_6,0.18900334568482857
16_7,0.18989663832950401
16_8,0.18854801515788613
16_9,0.18566742692185867
16_10,0.11001083648273423
16_11,0.10993452960642486
16_12,0.11116786625637388
16_13,0.11367687195977096
16_14,0.11590672348466331
16_15,0.11996545439938548
16_16,0.11139653169345655
16_17,0.10704014779575732
16_18,0.11569282383648727
16_19,0.1251367306228027
16_20,0.1301610768874207
16_21,0.13177077856152702
16_22,0.12985650381636332
16_23,0.12744517837207797
16_24,0.1272641352187905
16_25,0.1295614427354236
16_26,0.14352862777651967
16_27,0.15846459921411185
16_28,0.1573672422217498
16_29,0.15969379797783653
16_30,0.16220535952890566
16_31,0.18039671351738842
16_32,0.26568342511699145
16_33,0.2692111758753696
16_34,0.26926158612033735
16_35,0.2689071871694047
16_36,0.2675368467893901
16_37,0.34651196172132354
16_38,0.34638312808916666
16_39,0.34575854699260844
16_40,0.3426577162204663
16_41,0.2611869761002009
16_42,0.2572532563626727
16_43,0.2654542107850528
16_44,0.273567403519514
16_45,0.2734541750001386
16_46,0.2012711614147242
16_47,0.18656702118269863
16_48,0.17329936947144603
16_49,0.25979760193333734
16_50,0.2737772518380649
16_51,0.2789244872213412
16_52,0.2726622929469183
16_53,0.2675946932879668
16_54,0.26859855218790124
16_55,0.35290952595962977
16_56,0.35704680834333025
16_57,0.36557635199444316
16_58,0.2930144272375404
16_59,0.30009617580660175
16_60,0.30788501179017014
16_61,0.3149505067457249
16_62,0.3975798958277648
16_63,0.4116349353419186
16_64,0.3470301348739967
16_65,0.3563315505575433
16_66,0.36247833050001066
16_67,0.3655947230652815
16_68,0.4324518125454302
16_69,0.43177055177584617
16_70,0.4891555193695668
16_71,0.4079392404275898
16_72,0.4082399331097978
16_73,0.4039035802562505
16_74,0.39734042605306874
16_75,0.38972737320141715
16_76,0.38570095431445706
16_77,0.3157314632057985
16_78,0.31270347718932234
16_79,0.24470523304981898
16_80,0.23767192018044642
16_81,0.23479303851313693
16_82,0.23799496688659774
16_83,0.2874440536925618
16_84,0.29131603699351355
16_85,0.2901799237545938
16_86,0.2961141775726144
16_87,0.2984501752705476
16_88,0.3100770360229814
16_89,0.3170972944226908
16_90,0.3868259257070649
16_91,0.4602690550982281
16_92,0.37656309498027013
16_93,0.3685365958748583
16_94,0.44433891723154373
16_95,0.4366311994752536
16_96,0.42590938111524856
16_97,0.42442726492693944
16_98,0.4169728378632711
16_99,0.32620809307629284
16_100,0.25200958706919135
16_101,0.24957367265642158
16_102,0.2446825365607819
16_103,0.24327855519614738
16_104,0.2428606844620753
16_105,0.2273508015853365
16_106,0.22240031212229985
16_107,0.2075335397939548
16_108,0.2073332324102534
16_109,0.19643093477070128
16_110,0.19893118791140005
16_111,0.2140571846713372
16_112,0.14468909648671185
16_113,0.14409878267369428
16_114,0.16064707692252278
16_115,0.16839097673630313
16_116,0.24927504248008484
16_117,0.25178108787849546
16_118,0.23876577753161862
16_119,0.24093545336235786
16_120,0.32786947497896113
16_121,0.40720643243154975
16_122,0.4049344560236137
16_123,0.41296163920715706
16_124,0.42233139536624875
16_125,0.4235424951777041
16_126,0.43400028596474305
16_127,0.4446855895181683
16_128,0.4417572889019605
16_129,0.4447287497644582
16_130,0.367357898721015
16_131,0.3508278372060338
16_132,0.41629863681401524
16_133,0.4118929392114501
16_134,0.3304596241888315
16_135,0.3136370464133883
16_136,0.3066422918797018
16_137,0.2931391519095419
16_138,0.2283998125667609
16_139,0.2436026798535697
16_140,0.22887619057960618
16_141,0.1458339312647079
16_142,0.14798845685559567
16_143,0.14955306866639298
16_144,0.20228644913703353
16_145,0.20585001167930644
16_146,0.2249520983258878
16_147,0.21724619579719584
16_148,0.20948038355056056
16_149,0.2260212483111893
16_150,0.24007367201687532
16_151,0.32099606532773806
16_152,0.31932539632543244
16_153,0.25142757459330134
16_154,0.2625763865496326
16_155,0.33311361518062943
16_156,0.32947497505078055
16_157,0.3278233804183163
16_158,0.32407257538412915
16_159,0.38883229952880954
16_160,0.29438108924971595
16_161,0.29322408698145125
16_162,0.2916649475175124
16_163,0.2887448326672302
16_164,0.21446207660793445
16_165,0.21342870556776392
16_166,0.19666623082797102
16_167,0.1815293062071125
16_168,0.11712561206633801
16_169,0.11945596372535106
16_170,0.10496088279889228
16_171,0.09113528496017347
16_172,0.09560012067796368
16_173,0.09975433624769625
16_174,0.08923023663118354
16_175,0.08199189658786553
16_176,0.08480476130441522
16_177,0.08631362426138378
16_178,0.08720048728024096
16_179,0.08676398182630483
16_180,0.0858647214470338
16_181,0.08574517937752045
16_182,0.08176325049058804
16_183,0.07739692881714737
16_184,0.07475964551190989
16_185,0.0700914603524672
16_186,0.06597002150822595
16_187,0.06340768278533504
16_188,0.061960086492772126
16_189,0.0598647086286224
16_190,0.05678821978214502
16_191,0.05496775122589736
16_192,0.05507865738662936
16_193,0.054250699307757666
16_194,0.056703666191045624
16_195,0.0592026253765465
16_196,0.06101002031579901
16_197,0.06079175106664578
16_198,0.05954937086116757
16_199,0.0584360460749794
16_200,0.05981215816086628
16_201,0.06835835666315554
16_202,0.08055184855737872
16_203,0.07874650918455796
16_204,0.0772849079682468
16_205,0.07679965183760129
16_206,0.07655868182108731
16_207,0.15319936317239052
16_208,0.1512690007615558
16_209,0.15044588542635953
16_210,0.15082395769007792
16_211,0.1523493769926075
16_212,0.15387646902486657
16_213,0.1539531080980108
16_214,0.15282198202303893
16_215,0.1506320381477956
16_216,0.08646239054885946
16_217,0.10412523096654394
16_218,0.10455992649384042
16_219,0.10490690068061231
16_220,0.10630841574878573
16_221,0.12144975676529511
16_222,0.19200627402382328
16_223,0.18136822727639126
16_224,0.18440560831701386
16_225,0.18513344873001228
16_226,0.18350665283553697
16_227,0.26783247869390064
16_228,0.26579249913141895
16_229,0.2644663396608739
16_230,0.26074989862632014
16_231,0.17633219155865354
16_232,0.17236717975853866
16_233,0.18389755893963783
16_234,0.1978202123289906
16_235,0.19616075067369554
16_236,0.12857199090068033
16_237,0.11138777770728744
16_238,0.1096875828375722
16_239,0.19155409589194447
16_240,0.19094439269177743
16_241,0.18959212420988464
16_242,0.17492054188892767
16_243,0.1620035753508559
16_244,0.25285017637128515
16_245,0.2685422264634992
16_246,0.2710048835977013
16_247,0.2747196942432716
16_248,0.20548577206332272
16_249,0.20851623776238554
16_250,0.2869670677206969
16_251,0.29097550419734514
16_252,0.29708916156062326
16_253,0.22343043943493837
16_254,0.2082465104749949
16_255,0.19306622325692466
16_256,0.19166505607105558
16_257,0.18800234915613012
16_258,0.18518666429312378
16_259,0.09794843547478657
16_260,0.0806343409123039
16_261,0.09481576736316441
16_262,0.11031420524208267
16_263,0.10864528091043484
16_264,0.10540054701013526
16_265,0.08947422288536412
16_266,0.0740278751482469
16_267,0.1486460463164867
16_268,0.1538145215340646
16_269,0.15673904317255974
16_270,0.16200775040799317
16_271,0.17645161194985362
16_272,0.1859460518677997
16_273,0.1982071549566211
16_274,0.19959081636367149
16_275,0.2006570651694194
16_276,0.12647540894936388
16_277,0.2139094570427664
16_278,0.3081469805171549
16_279,0.30382611641057355
16_280,0.3020624492594078
16_281,0.30940071623376236
16_282,0.30660400206015753
16_283,0.3804033172758402
16_284,0.3771600573016949
16_285,0.37763499281028556
16_286,0.3035379501775098
16_287,0.3173609003423222
16_288,0.31899328947158695
16_289,0.32164377645012837
16_290,0.3256078125531224
16_291,0.3276621352916059
16_292,0.31535134925428565
16_293,0.31075521858755295
16_294,0.298374506261509
16_295,0.2962176235535254
16_296,0.21767257407668086
16_297,0.21697183679120688
16_298,0.20094630740731115
16_299,0.18541459883021347
16_300,0.18552946127620984
16_301,0.11652856759489652
16_302,0.10075003803531384
16_303,0.08527899309024858
16_304,0.08660238619475473
16_305,0.08783033992827614
16_306,0.10299818900544315
16_307,0.10443387807707707
16_308,0.10453525665086565
16_309,0.12171362822866912
16_310,0.12166393002177503
16_311,0.1203915034368673
16_312,0.1889295998444906
16_313,0.18863720518509894
16_314,0.2718235778338904
16_315,0.28157289371017563
16_316,0.2907363185677205
16_317,0.2902307995681387
16_318,0.290937127437539
16_319,0.29138204051938305
16_320,0.2906172848594947
16_321,0.2915406994920627
16_322,0.2913998986989733
16_323,0.21345349185141033
16_324,0.2288093509502363
16_325,0.24370528693535298
16_326,0.24571417769013526
16_327,0.23326562833950365
16_328,0.2186650882816871
16_329,0.20816064864001427
16_330,0.19656579227150825
16_331,0.20210932447880003
16_332,0.20668561873908295
16_333,0.20768121739175419
16_334,0.22274197413624283
16_335,0.2367507164713902
16_336,0.22572551567783855
16_337,0.21311056974074785
16_338,0.21134919679263064
16_339,0.14049736547472588
16_340,0.209595524635107
16_341,0.20889588222745414
16_342,0.20820627979850995
16_343,0.20846497229621874
16_344,0.20643906889395883
16_345,0.18983931277131277
16_346,0.17662773395790052
16_347,0.1771838977846938
16_348,0.17487742806842016
16_349,0.11347701982171439
16_350,0.13008236682203764
16_351,0.1305916900480624
16_352,0.12899110415944634
16_353,0.12581222259214428
16_354,0.12680376494290838
16_355,0.18720382850715092
16_356,0.17620373277355394
16_357,0.18596707505550927
16_358,0.19904468311762774
16_359,0.19609508762108888
16_360,0.19366275051886145
16_361,0.19043059400556903
16_362,0.1902185459838198
16_363,0.2806197762169037
16_364,0.2156860292906029
16_365,0.21303655736346008
16_366,0.2126333359901088
16_367,0.21321041001222768
16_368,0.2150035953442154
16_369,0.2909363896255446
16_370,0.2824135545777052
16_371,0.2754490529053067
16_372,0.19511453409040005
16_373,0.198569581115123
16_374,0.2019187777870462
16_375,0.20127814876832278
16_376,0.21398705629225728
16_377,0.22604516978657915
16_378,0.14268875469765174
16_379,0.14157585639760753
16_380,0.148936032580257
16_381,0.16466466393673418
16_382,0.23032625554345854
16_383,0.22759306145124436
16_384,0.21077260265352876
16_385,0.2710759837511474
16_386,0.35681115473480524
16_387,0.3541074899018533
16_388,0.3512563977698488
16_389,0.3575926106209738
16_390,0.3677096124029565
16_391,0.2852414185091021
16_392,0.2863581388761542
16_393,0.2880090656003869
16_394,0.21523043097952946
16_395,0.21435688983233792
16_396,0.21542295977335588
16_397,0.20142669487987938
16_398,0.18790481746742244
16_399,0.18952213584425845
16_400,0.17477903371718345
16_401,0.1697046073144892
16_402,0.15609809126548363
16_403,0.15358403488517755
16_404,0.09880248200967075
16_405,0.10624733424081927
16_406,0.12022194890721163
16_407,0.11802194506292596
16_408,0.11611130468845797
16_409,0.11564485019445922
16_410,0.16386941471259744
16_411,0.2411382885516601
16_412,0.2545492689691692
16_413,0.2553633377437672
16_414,0.2565739241269947
16_415,0.2587413933167551
16_416,0.2623971929204024
16_417,0.3532211752264838
16_418,0.3538406111884812
16_419,0.2654022310342935
16_420,0.18709457026715046
16_421,0.18539511836341108
16_422,0.18440840938579406
16_423,0.1831323125679709
16_424,0.1840740572725781
16_425,0.16985262484628671
16_426,0.09634353739285925
16_427,0.08181033945589854
16_428,0.08254459564330192
16_429,0.0841337183091352
16_430,0.10328485655630443
16_431,0.12361201890357308
16_432,0.11133587251134228
16_433,0.10023528121394991
16_434,0.10579927667039127
16_435,0.11120135887325135
16_436,0.19238836682850458
16_437,0.19680054199849115
16_438,0.211315000070722
16_439,0.22427649756715662
16_440,0.22759729488064054
16_441,0.2324324001514275
16_442,0.23807190812853243
16_443,0.24278010727739485
16_444,0.32224026479129425
16_445,0.2549159942323229
16_446,0.26912356221317857
16_447,0.2815576915328181
16_448,0.29557113452608036
16_449,0.29718269671052994
16_450,0.2976719027230809
16_451,0.3523029576242201
16_452,0.34038954595486703
16_453,0.3414226446229079
16_454,0.3381613749210796
16_455,0.3382647491972895
16_456,0.3403526986787563
16_457,0.34312653516803426
16_458,0.3546408655909681
16_459,0.35561152185227646
16_460,0.27769515413350154
16_461,0.27913852809894263
16_462,0.21657694304262978
16_463,0.21529173923492353
16_464,0.2933589587383648
16_465,0.304290834295043
16_466,0.28794906551242055
16_467,0.28525311782057466
16_468,0.2847298919568743
16_469,0.2697337331721841
16_470,0.3370651774403168
16_471,0.3356115560695362
16_472,0.3346935531564545
16_473,0.33259560925645265
16_474,0.34068344531403477
16_475,0.3498314594876066
16_476,0.35982929988807677
16_477,0.37872530924190506
16_478,0.39344146780054934
16_479,0.31288253295787755
16_480,0.3025286843205988
16_481,0.30250109347592846
16_482,0.23054010634245903
16_483,0.29806351836501127
16_484,0.2870611545298712
16_485,0.264752933321417
16_486,0.24207692289879387
16_487,0.2333339172993088
16_488,0.21477555286052685
16_489,0.19792309525743773
16_490,0.19425666320598953
16_491,0.1936530200933645
16_492,0.13088571777958868
16_493,0.13749956407468542
16_494,0.14590233540613196
16_495,0.15622461923456146
16_496,0.1683916659692086
16_497,0.18195398751051584
16_498,0.1791062565457645
16_499,0.18228376438057828
16_500,0.1944710486275715
16_501,0.19656199975010033
16_502,0.1932017768443194
16_503,0.18466933692881524
16_504,0.17347519651623183
16_505,0.15974234232061751
16_506,0.14563740430517388
16_507,0.1326246351660252
16_508,0.1188919269405878
16_509,0.10599320961545512
16_510,0.09712929217634479
16_511,0.09236592237848973
16_512,0.09076996684642964
16_513,0.10296755919818812
16_514,0.11571064875862024
16_515,0.11724282677488874
16_516,0.1159247811147449
16_517,0.11485143241312235
16_518,0.11319918120718296
16_519,0.18721702275794824
16_520,0.18881878161865664
16_521,0.19001333696897285
16_522,0.20561207426055408
16_523,0.22439438099055162
16_524,0.2285407161498703
16_525,0.2330510124332871
16_526,0.23660408933637686
16_527,0.2404876213975068
16_528,0.2402897565065294
16_529,0.24620603729138488
16_530,0.24966370814228211
16_531,0.2639267283169829
16_532,0.2748661159201699
16_533,0.2731313136952054
16_534,0.2571705652086677
16_535,0.25695747030423244
16_536,0.26769621082677186
16_537,0.2666370646413287
16_538,0.2823278175074171
16_539,0.29929178449389443
16_540,0.2990989099068167
16_541,0.367390406549506
16_542,0.3659712683270075
16_543,0.35324671305936184
16_544,0.4227186243887295
16_545,0.4194678601176141
16_546,0.3373776600729829
16_547,0.3335882369731131
16_548,0.33252794743442743
16_549,0.33221316890567615
16_550,0.2518676736287521
16_551,0.251157838297739
16_552,0.23788849828549147
16_553,0.15297666726435147
16_554,0.15353080498720426
16_555,0.15361018540411397
16_556,0.13762858297348202
16_557,0.12262627580741621
16_558,0.12436319754414629
16_559,0.11256093245691524
16_560,0.10012525883788219
16_561,0.11793308481167598
16_562,0.13667864577765232
16_563,0.1385179984152279
16_564,0.15569443390830953
16_565,0.16493722164560073
16_566,0.18065840033770486
16_567,0.2483137328039377
16_568,0.24446474604145924
16_569,0.24090378028337792
16_570,0.31949738755717777
16_571,0.4034751570991505
16_572,0.4108448729250961
16_573,0.418798779990894
16_574,0.41531502775769946
16_575,0.41679217599317225
16_576,0.33973253087106753
16_577,0.34459146466849205
16_578,0.4251164328331766
16_579,0.3487273353928942
16_580,0.27677744992541337
16_581,0.29285338155078133
16_582,0.2922987949331135
16_583,0.2770532063449106
16_584,0.2784494398421537
16_585,0.26529683775574786
16_586,0.2728520935039346
16_587,0.2740084336473941
16_588,0.27211403491673275
16_589,0.28518894922040783
16_590,0.2978659571318569
16_591,0.29617638148866204
16_592,0.36856190959183827
16_593,0.3495201359850345
16_594,0.3318407597320804
16_595,0.40946923865218837
16_596,0.32250519803885946
16_597,0.3282498828818441
16_598,0.3344700411073649
16_599,0.3282350180259835
16_600,0.3229369499451766
16_601,0.24892562243851174
16_602,0.23111399751958944
16_603,0.28987498096281106
16_604,0.21572204934341124
16_605,0.2161516209630599
16_606,0.21602968881854862
16_607,0.2012761781541736
16_608,0.18807670513777205
16_609,0.18735049722884092
16_610,0.1752134803051227
16_611,0.1686311660062925
16_612,0.08954288884053437
16_613,0.09141786168723906
16_614,0.09202605229107108
16_615,0.09125030429834809
16_616,0.09042960225833394
16_617,0.08925197379623982
16_618,0.07334861347563625
16_619,0.06137965352807465
16_620,0.05661692965348722
16_621,0.05330967003394103
16_622,0.04978945748563013
16_623,0.04826898271237114
16_624,0.06235393949004039
16_625,0.0782161231476901
16_626,0.07894812880364636
16_627,0.07959795763993588
16_628,0.0812532838051533
16_629,0.08206767732069706
16_630,0.15275117737875069
16_631,0.15327188197121244
16_632,0.1540017206639666
16_633,0.15747821669192802
16_634,0.15905634497031995
16_635,0.15954986798481
16_636,0.15963813487711093
16_637,0.1602298364768237
16_638,0.16036035784103314
16_639,0.09135164694768044
16_640,0.08856723810930597
16_641,0.08597756095761185
16_642,0.08258500128615368
16_643,0.07901549859663835
16_644,0.07642888084908023
16_645,0.057613488571349576
16_646,0.040118302557324764
16_647,0.04073742681440098
16_648,0.04269923240399047
16_649,0.04533162907986616
16_650,0.04502027611613098
16_651,0.043909270231041415
16_652,0.045650134134713874
16_653,0.04996917432637768
16_654,0.050981518862436674
16_655,0.05143424027774276
16_656,0.05008575951644263
16_657,0.04786769219032685
16_658,0.045079315109906044
16_659,0.04136636489015039
16_660,0.039069917516706965
16_661,0.05181340318613997
16_662,0.0664997337259189
16_663,0.0661471401767753
16_664,0.06780936771146633
16_665,0.0685343370570932
16_666,0.0703820811216295
16_667,0.13988929038202066
16_668,0.14519628244609512
16_669,0.14680318096215278
16_670,0.1484033769854966
16_671,0.1527916011484772
16_672,0.1574005152336259
16_673,0.16106613810019557
16_674,0.1642930873335553
16_675,0.17072154119518604
16_676,0.1156217417012427
16_677,0.13290009284497786
16_678,0.13343436780827936
16_679,0.1343602786743963
16_680,0.13500641161994048
16_681,0.1356190994718701
16_682,0.19519357367603338
16_683,0.18426370764143904
16_684,0.1941306087690329
16_685,0.20474101172619824
16_686,0.2057790247327186
16_687,0.20738023253015186
16_688,0.20963271510864687
16_689,0.20876946705793709
16_690,0.2904380092836265
16_691,0.20870761581617953
16_692,0.21271441063452573
16_693,0.2162378771757291
16_694,0.21768583143554096
16_695,0.21573223558292495
16_696,0.2118306581804791
16_697,0.19731718786389688
16_698,0.18481478654126007
16_699,0.10833987560404107
16_700,0.10829442593672702
16_701,0.10827414869104807
16_702,0.10787339226202881
16_703,0.12137036557102264
16_704,0.1380513363557403
16_705,0.12264290691321623
16_706,0.10718901891463632
16_707,0.10622989946432058
16_708,0.10715507346188677
16_709,0.17820583556882535
16_710,0.17745602633959626
16_711,0.17677470872353546
16_712,0.1766469776003824
16_713,0.17219074994961106
16_714,0.17119595629981824
16_715,0.1711037193159971
16_716,0.1754641300766928
16_717,0.18098520245509422
16_718,0.12701445086302615
16_719,0.14422960202808152
16_720,0.15683344407349362
16_721,0.1687453994829625
16_722,0.17801552448975258
16_723,0.19329330718584797
16_724,0.2560338095403272
16_725,0.2843903048621688
16_726,0.331437434235397
16_727,0.3881060152195587
16_728,0.45357790840763373
16_729,0.5225696777802514
16_730,0.5837301602616679
16_731,0.6518345131051814
16_732,0.7146301656238091
16_733,0.7017849745510122
16_734,0.7451811224491611
16_735,0.7783749071782906
16_736,0.7949303138267138
16_737,0.802426282856335
16_738,0.8102336052832663
16_739,0.8208969134354617
17_0,0.7548430210387378
17_1,0.7403874964701124
17_2,0.7295905852759457
17_3,0.7219381885877144
17_4,0.7182349679849316
17_5,0.7184865456804188
17_6,0.7165132146966311
17_7,0.6899902982665355
17_8,0.7212355554623918
17_9,0.7537293854140266
17_10,0.7640460304434827
17_11,0.7802761020635194
17_12,0.7944567490056439
17_13,0.7999474429751178
17_14,0.7968606856462134
17_15,0.8018528896911427
17_16,0.8300546483977711
17_17,0.7995414208976391
17_18,0.7976243986817035
17_19,0.790587762602214
17_20,0.7759870736860287
17_21,0.7636948158006363
17_22,0.7499375140844122
17_23,0.7271980166761067
17_24,0.705040922755438
17_25,0.6579487492414812
17_26,0.6468008265695722
17_27,0.6096663658608595
17_28,0.5999099898139912
17_29,0.5964310189107918
17_30,0.5998110946933946
17_31,0.6028182436103621
17_32,0.6063377212227276
17_33,0.6081041698370292
17_34,0.6106125252380697
17_35,0.6177022993316497
17_36,0.6580678916229001
17_37,0.6603052874337128
17_38,0.664066525961791
17_40,0.6659736112131287
17_41,0.6660315678677012
17_42,0.7021858670033283
17_43,0.6977818343107063
17_44,0.6974780666493426
17_45,0.6984389783845314
17_46,0.6656681500945268
17_47,0.6675499256523303
17_48,0.6668072819707513
17_49,0.669019655929394
17_50,0.6729072278861865
17_51,0.6400392783770092
17_52,0.6448031767372829
17_53,0.6466415066425708
17_54,0.6525292780525614
17_55,0.6618339513399392
17_56,0.6639530974141477
17_57,0.6667634075027484
17_58,0.6689861258494378
17_59,0.7113670666273723
17_60,0.748260445214036
17_61,0.7505209222843351
17_62,0.7519558854647155
17_63,0.7503515311001205
17_64,0.7844518037431345
17_65,0.7865618762387272
17_66,0.7849225625522903
17_67,0.7902982052540856
17_68,0.7608493864641283
17_69,0.7263046437557762
17_70,0.7309756423681815
17_71,0.7365979397883028
17_72,0.7386962698746258
17_73,0.7436481163911252
17_74,0.7446797667354392
17_75,0.7456131564518658
17_76,0.7732602330123495
17_77,0.7783890290848594
17_78,0.7835005474108764
17_79,0.8136021095161694
17_80,0.8143291551911452
17_81,0.8162756309652264
17_82,0.784530030040948
17_83,0.784506000622564
17_84,0.7865349105922532
17_85,0.7553918227477989
17_87,0.7441535583939536
17_89,0.7362880385093243
17_90,0.6946272711947176
17_91,0.6809633969623329
17_92,0.708902903865941
17_93,0.7064343480085604
17_94,0.7025059844357586
17_95,0.703954108144451
17_97,0.700533543224503
17_98,0.7004873925593958
17_99,0.7021442244970875
17_100,0.7028678787808453
17_101,0.7074827277032975
17_102,0.6737164401853319
17_103,0.6636713072882797
17_104,0.6569607782168122
17_105,0.655609826027078
17_106,0.656874005611495
17_107,0.6574480163723257
17_108,0.6495932945123208
17_109,0.648569278579792
17_110,0.652345748229196
17_111,0.6585668754047592
17_112,0.6710276340551676
17_113,0.6812731882296643
17_114,0.6928150317205222
17_115,0.70468020244774
17_116,0.7170313575170145
17_117,0.7534148872949102
17_118,0.756229748191284
17_119,0.7495849276036767
17_121,0.7412078842064128
17_122,0.7670301181914908
17_123,0.7576561619240442
17_124,0.7436825885390606
17_125,0.7325367047107061
17_126,0.7219802137789572
17_127,0.6828265584171891
17_128,0.6748450474743252
17_129,0.6801596495251829
17_130,0.6906903810460018
17_131,0.6688306035138253
17_132,0.6832279337425434
17_133,0.6919415374796699
17_134,0.7038511697010709
17_136,0.7166715835677385
17_137,0.7337850633802062
17_138,0.7416669866814524
17_139,0.7666424921680979
17_140,0.792340359433911
17_141,0.7806054049199874
17_142,0.7666505153871214
17_143,0.7898440259935604
17_145,0.7770333008313339
17_146,0.7665103799414333
17_147,0.7601499138837355
17_148,0.7576118270950793
17_149,0.7339467727871135
17_150,0.7120369829725687
17_151,0.7258933587835315
17_152,0.7443340986664383
17_153,0.7224722059542604
17_154,0.7327740585234418
17_156,0.7321765026573607
17_157,0.7356387701212533
17_158,0.7292322934118851
17_159,0.7502090260154012
17_160,0.7249457754041706
17_161,0.6938810556768568
17_162,0.6736233491699792
17_163,0.7020027419983865
17_164,0.6991928316213282
17_165,0.6989911295636309
17_166,0.705954273000557
17_167,0.7146852933666119
17_169,0.6820990105491425
17_170,0.6894051589401771
17_171,0.7042185082593516
17_172,0.7161328432748137
17_173,0.711732389035609
17_174,0.7142223193013357
17_175,0.710464393812086
17_176,0.6998925638339438
17_177,0.7001987968152967
17_178,0.7014381063790326
17_179,0.7046978558602396
17_180,0.7321072318275167
17_181,0.7339232552900248
17_182,0.7065669477758462
17_183,0.7139135836481009
17_184,0.7255064481182101
17_185,0.7332548328059688
17_186,0.7354888301137661
17_187,0.7399653269178315
17_188,0.7333690395152178
17_189,0.7298457881929298
17_190,0.7590525340215099
17_191,0.7634613730853262
17_192,0.756483758371541
17_193,0.7463910184460354
17_194,0.7334510565727079
17_195,0.7188643056466485
17_196,0.7004423740169343
17_197,0.6925423995295111
17_198,0.6514620807451789
17_199,0.6122454333849486
17_200,0.5979239452922868
17_201,0.5979712354564151
17_202,0.6024598608196745
17_203,0.6166856726821615
17_204,0.6227660838375715
17_205,0.6403992585398411
17_206,0.6475503161700387
17_207,0.6565761800528626
17_208,0.6666616766734345
17_209,0.6820782429903095
17_210,0.6911887787272916
17_211,0.7227263789499022
17_212,0.7219400519039083
17_213,0.7227036847497031
17_214,0.7181754903789388
17_215,0.714920525774933
17_216,0.7085021089991933
17_217,0.705518512133494
17_218,0.699948722943695
17_219,0.6964974073793018
17_220,0.6666541652525143
17_221,0.6682119690954429
17_222,0.6685872661161255
17_223,0.6976570916917395
17_224,0.7092568641754003
17_225,0.7191419399558359
17_226,0.7166576440089341
17_227,0.7142219535535258
17_228,0.7073296328800461
17_229,0.7040159240800534
17_230,0.7290199097568165
17_231,0.7204627458544668
17_232,0.6847419012447272
17_233,0.6733300599634271
17_234,0.6682004584190988
17_235,0.6703419338165599
17_236,0.6698075706971924
17_237,0.6788587072733039
17_238,0.6793445055108881
17_239,0.6462452560411027
17_240,0.6772580583356883
17_241,0.6788488920550091
17_242,0.6865883472111065
17_243,0.7000733899916862
17_244,0.7117363575541539
17_245,0.7165744647918383
17_246,0.7134078158993454
17_247,0.7107558596846159
17_248,0.7106128499717759
17_249,0.6838366877792047
17_250,0.6950685141367293
17_251,0.7007532222977568
17_252,0.7058638264694789
17_253,0.7128888574852009
17_254,0.717269498688378
17_255,0.7156946275765184
17_256,0.7176485085619904
17_257,0.7241425912917047
17_258,0.7548315531898929
17_259,0.7518227098072854
17_260,0.7542737288113688
17_261,0.7592857773856808
17_262,0.7558261583474392
17_263,0.7854958566332277
17_264,0.7729607811100053
17_265,0.7529905384875578
17_266,0.7775089387885683
17_267,0.7439648239903098
17_268,0.772502994207333
17_269,0.759453026925283
17_270,0.7522468753565925
17_271,0.7491777452682798
17_272,0.7202481563713312
17_273,0.7306135231455612
17_274,0.744368809929895
17_275,0.7144570157658022
17_276,0.7257172397577334
17_277,0.7007365382218894
17_278,0.7117313549602368
17_279,0.7151293710941545
17_280,0.7177904818626314
17_281,0.7143351429912677
17_282,0.7084180781253298
17_283,0.6993208502603594
17_284,0.6834699795698311
17_285,0.6686112767491003
17_286,0.6517206901265267
17_287,0.6383569837082673
17_288,0.6679985449250316
17_289,0.6656313145652254
17_290,0.671366886550381
17_291,0.6773240378659927
17_292,0.6768523617157499
17_293,0.7149215925371952
17_294,0.7295497916678481
17_295,0.7495958379685949
17_296,0.7928743537287597
17_297,0.7658473093126567
17_298,0.7694130304515843
17_299,0.7654586684899478
17_300,0.7891794753013887
17_301,0.7898290969802668
17_302,0.7562796073783769
17_303,0.7413230480070591
17_304,0.7261340427930961
17_305,0.6927192233866931
17_306,0.6909140016468448
17_307,0.6891971712717478
17_308,0.6824104692269175
17_309,0.647864765221763
17_310,0.6479914737539951
17_311,0.650055689056063
17_312,0.6583881214299956
17_313,0.6672652781414093
17_314,0.6751646682980029
17_315,0.6735770806201323
17_316,0.6721736161778537
17_317,0.6698630140915451
17_318,0.6680049971093529
17_319,0.6673169449789882
17_320,0.6694585237427821
17_321,0.6727409008839753
17_322,0.6722973969106226
17_323,0.6692467135744243
17_324,0.6658647874091721
17_325,0.6631615525799605
17_326,0.6971720257271512
17_327,0.6974430684580788
17_328,0.6964225908279427
17_329,0.6957365753963488
17_330,0.6906618898764268
17_331,0.6871632879040404
17_332,0.6793062491318536
17_333,0.6746241666261353
17_334,0.6691385335969737
17_335,0.6325046907462135
17_336,0.6299998682357275
17_337,0.625961141670266
17_338,0.6203853070134119
17_339,0.6202929841071282
17_340,0.6159335978369008
17_341,0.6534341131294712
17_342,0.6493124863017106
17_343,0.6514203600918184
17_344,0.6494096079295686
17_345,0.6503383352070725
17_346,0.6495471001070662
17_347,0.6521695356010604
17_348,0.6554544768279731
17_349,0.6582405801938052
17_350,0.6197110992157321
17_351,0.6238090410375728
17_352,0.6309052803410509
17_353,0.670953836254709
17_354,0.6817355624259336
17_355,0.6954642363497193
17_356,0.7030606223729992
17_357,0.7061454774617179
17_358,0.7119205813167835
17_359,0.7135800215933866
17_360,0.7055826397856247
17_361,0.6959395009527845
17_362,0.6556075626972611
17_363,0.6342207443675838
17_364,0.614739762136068
17_365,0.601908500894801
17_366,0.5919988650712983
17_367,0.6240663645430105
17_368,0.6133161925719667
17_369,0.6056332638684567
17_370,0.6008781625094198
17_371,0.5990068775269721
17_372,0.5996783849779153
17_373,0.5959118662271277
17_374,0.5917041603860813
17_375,0.5871932317139038
17_376,0.5434065336458375
17_377,0.5433262662673112
17_378,0.5462833540320068
17_379,0.5484501477445964
17_380,0.5457930936218497
17_381,0.5460761814369737
17_382,0.5398115141147789
17_383,0.5340797740513865
17_384,0.532000453331468
17_385,0.5261869450976003
17_386,0.5241636586716655
17_387,0.5208639179246499
17_388,0.5171348136460798
17_389,0.5227297461463147
17_390,0.5291736410510989
17_391,0.5386051095917086
17_392,0.5467964286385938
17_393,0.5502850446046017
17_394,0.5544880189334102
17_395,0.5995904156635207
17_396,0.5980766618469588
17_397,0.647982133032536
17_398,0.6419803143489751
17_399,0.633603201994712
17_400,0.6265083760387612
17_401,0.6220372678569774
17_402,0.620469183961504
17_403,0.6227756621614444
17_404,0.5788319979886192
17_405,0.5853414158568592
17_406,0.5373866493475595
17_407,0.5413888710411368
17_408,0.5914689487310995
17_409,0.6013421394331931
17_410,0.6426677073216267
17_411,0.6433985242592102
17_412,0.641781307087916
17_413,0.6389471580640017
17_414,0.6411168915417972
17_415,0.6454623126191077
17_416,0.6508193832435971
17_417,0.6106930464603127
17_418,0.6122581362668236
17_419,0.5776421785043657
17_420,0.5925424268069998
17_421,0.606957893537128
17_422,0.6194147299005988
17_423,0.6311701199000523
17_424,0.6437110143360267
17_425,0.651859738980051
18_0,0.6694465471032939
18_1,0.665851175999738
18_2,0.6519290317275436
18_3,0.6494515249503402
18_4,0.6470704888024759
18_5,0.642049317089248
18_6,0.6347881430920244
18_7,0.6288912478381006
18_8,0.6242155797407515
18_9,0.6181726437993609
18_10,0.6099791767352998
18_11,0.6115342838267745
18_12,0.6098033607071341
18_13,0.6100664158634516
18_14,0.6161576940147444
18_15,0.6189924180965795
18_16,0.619080485727269
18_17,0.6224889691305148
18_18,0.6305397536019532
18_19,0.644496736954677
18_20,0.6608975798254797
18_21,0.6709293013797508
18_22,0.6826265145756748
18_23,0.6919312965921344
18_24,0.700027272666587
18_25,0.7284189826128382
18_26,0.725095393441012
18_27,0.7541891881967281
18_28,0.7514694444621577
18_29,0.7415397551156571
18_30,0.7327190905214999
18_31,0.7187875491110024
18_32,0.700624548505349
18_33,0.6891661608094946
18_34,0.6578306096219461
18_35,0.6558222543397398
18_36,0.6236016087997505
18_37,0.6200246925487554
18_38,0.6254554510856762
18_39,0.6344623205336861
18_40,0.6418117253187701
18_41,0.6457064490892809
18_42,0.6434875142134013
18_43,0.6426760043025338
18_44,0.6467128047662339
18_45,0.6755494991555485
18_46,0.6698913313138496
18_47,0.6584167958391511
18_48,0.6492496931995382
18_49,0.6383579438234795
18_50,0.6312261010434351
18_51,0.622386880542258
18_52,0.6151401710524041
18_53,0.608335674050444
18_54,0.5812475031205862
18_55,0.5903841021135544
18_56,0.5971531285665032
18_57,0.6032746188008951
18_58,0.6133408022137323
18_59,0.6197593260456967
18_60,0.6603742873617982
18_61,0.66793492217374
18_62,0.6699200977488762
18_63,0.6700653539131883
18_64,0.6703588941145091
18_65,0.6654030497580261
18_66,0.694935121497367
18_67,0.691453589759757
18_68,0.6894085596875548
18_69,0.6628956941727576
18_70,0.6674151937155124
18_71,0.6798056961817461
18_72,0.6878239433799341
18_73,0.6911158168492832
18_74,0.6941821098771119
18_75,0.6891176049762503
18_76,0.6891308679270512
18_77,0.7217166404259419
18_78,0.734193633956498
18_79,0.7463576369299875
18_80,0.7545990189195132
18_81,0.7621780049563555
18_82,0.7677545493164254
18_84,0.7702629431352152
18_85,0.7702977540839443
18_86,0.7717300147216742
18_87,0.7511447232972132
18_88,0.7807025953591024
18_89,0.7729944177586712
18_90,0.7653183151028181
18_91,0.7506460993125261
18_92,0.7352581171555816
18_93,0.7518757575189702
18_94,0.7166884999503472
18_95,0.7097290056636246
18_96,0.7046931619514912
18_97,0.6691739536406155
18_98,0.6590344796386671
18_99,0.6469447010738316
18_100,0.6312471720602907
18_101,0.6113653820405726
18_102,0.5698186154748182
18_103,0.554045245557721
18_104,0.5412576899510204
18_105,0.5346189614064972
18_106,0.5338276629827198
18_107,0.5364859324470066
18_108,0.5339408843915048
18_109,0.5337559589410514
18_110,0.5504498175616743
18_111,0.5661990365054512
18_112,0.5721357272903305
18_113,0.5720559082783871
18_114,0.5766831541391991
18_115,0.5867515201665933
18_116,0.6294278752330884
18_117,0.6397855306311329
18_118,0.645153252559824
18_119,0.6476243860955407
18_120,0.6518630171364792
18_121,0.6563888376176696
18_123,0.6619324449755435
18_124,0.6615899057205997
18_125,0.6554441840192616
18_126,0.6185712588452925
18_128,0.645814801676314
18_129,0.6421291379826808
18_130,0.6389384506198373
18_131,0.6383047913685935
18_132,0.6369159476803302
18_133,0.6319028272223752
18_135,0.6277458424146451
18_136,0.6266421842102556
18_137,0.6269946324165427
18_138,0.5917784052942244
18_139,0.5990006759507475
18_140,0.6044810994339405
18_142,0.6091903438112668
18_143,0.6135250728256116
18_144,0.6148877321979057
18_145,0.605424953573486
18_146,0.6328837198650679
18_147,0.6295509730965082
18_148,0.6682825707096129
18_149,0.6597605263253333
18_150,0.6503709063587535
18_151,0.6438424707008569
18_153,0.6406525108101266
18_154,0.6410929714390465
18_155,0.6463445475715062
18_156,0.6186175560936887
18_157,0.6313389236009158
18_159,0.602697024061488
18_160,0.6062105942197171
18_161,0.6100666317765523
18_162,0.6140503464083863
18_163,0.6115880549475105
18_165,0.6397332031204989
18_166,0.630138450388027
18_167,0.6186431893383776
18_168,0.6115750534956195
18_169,0.6126975755778451
18_171,0.6234943871255775
18_172,0.63591962239111
18_173,0.6436637081479523
18_174,0.6516057225966237
18_175,0.6185346361720359
18_176,0.6220573803150362
18_177,0.6572539611922144
18_178,0.656805064204819
18_179,0.6535187943431904
18_180,0.6528001158343358
18_181,0.6448981889634354
18_182,0.6332395590824696
18_183,0.6275255666712426
18_184,0.6208774421474428
18_185,0.6174768618066387
18_186,0.6204996970253217
18_187,0.617154210722594
18_188,0.6194568817914623
18_189,0.6169113141881414
18_190,0.6244404298540358
18_191,0.6338380623445453
18_192,0.6334520367279588
18_193,0.6388979796853884
18_194,0.6518254349548216
18_195,0.6215487959475356
18_196,0.6632387379458109
18_197,0.6646163208093956
18_199,0.6672384169800659
18_200,0.6694304243733665
18_201,0.6688731626546645
18_202,0.6611561287418054
18_203,0.6536272320634147
18_204,0.6481081239745569
18_206,0.6392643064992836
18_207,0.6023349784271534
18_208,0.5983868815334461
18_209,0.5982407798327376
18_210,0.6324708623264288
18_211,0.6316973927329975
18_212,0.6347044807560303
18_213,0.6330706182189865
18_214,0.632767488255785
18_215,0.6339160724626519
18_216,0.6368236606007718
18_217,0.63746347608403
18_218,0.6374051471819582
18_219,0.6012603624325925
18_220,0.6018702374554443
18_221,0.6036458323812499
18_223,0.6104526385018557
18_224,0.6164577821600161
18_225,0.6233156861165219
18_226,0.6243549628096694
18_227,0.635051524383254
18_228,0.676623747150518
18_231,0.6819514370984786
18_232,0.6953483588535981
18_233,0.7082231939104677
18_234,0.7223597767024423
18_235,0.7611242010425397
18_237,0.766651018428358
18_239,0.771813652750047
18_240,0.7767073685926924
18_241,0.754772110942732
18_242,0.7618522372077672
18_243,0.7548656832084547
18_244,0.7515248173504191
18_245,0.740793474287859
18_246,0.7074269165998038
18_247,0.7009490074167241
18_249,0.6935055435779189
18_250,0.6898518193588703
18_251,0.6891509605056579
18_252,0.6880909198107562
18_253,0.6941900568878944
18_255,0.6945357658768124
18_256,0.7042029970581895
18_257,0.7061794017255637
18_258,0.7130570698951331
18_259,0.7202143440711133
18_260,0.7242093484792367
18_261,0.7270625888364216
18_262,0.7301608560653656
18_263,0.7296103345333689
18_264,0.7280965426887246
18_265,0.7261703524872
18_266,0.7229032055548933
18_267,0.7150736510252353
18_268,0.7116615352144092
18_269,0.7107175487199213
18_270,0.7080991441259263
18_271,0.7063762113240576
18_272,0.7067650509619177
18_273,0.7108645918309109
18_274,0.7109860848879531
18_275,0.7128002908228386
18_276,0.7200167473178272
18_277,0.7230124557201577
18_278,0.7231721906110213
18_279,0.7283493978244855
18_280,0.7350925947291059
18_281,0.7384912896750443
18_282,0.7679078758887231
18_283,0.7677020165329229
18_284,0.766776919282742
18_285,0.7914653553461558
18_286,0.7883340246306433
18_287,0.8110750238888692
18_288,0.8054952554164085
18_289,0.8129002814136764
18_291,0.8227425279243599
18_292,0.798319314898893
18_293,0.8098500484674989
19_0,0.5367995414343785
19_1,0.4948735756112594
19_2,0.4657934191012902
19_3,0.4438301853951705
19_4,0.4242198750270266
19_5,0.42716727304068797
19_6,0.35490183593917934
19_7,0.42497023926383193
19_8,0.42328876373249646
19_9,0.4214469779467083
19_10,0.42018583611941196
19_11,0.41928003331051744
19_12,0.4140137337898686
19_13,0.41082419542746734
19_14,0.34100407302914243
19_15,0.3451173183454231
19_16,0.27930100935890384
19_17,0.2809568141236989
19_18,0.2807911255957619
19_19,0.28184246559363574
19_20,0.26829310364821884
19_21,0.2645727011579432
19_22,0.25837871052100075
19_23,0.2525806672327014
19_24,0.2575273924713986
19_25,0.2612387747300168
19_26,0.27991423617731337
19_27,0.30872919260114756
19_28,0.3395216925172067
19_29,0.3661929605018725
19_30,0.39264260525399075
19_32,0.4179502184044335
19_33,0.48872762650456525
19_34,0.5014625145182897
19_35,0.5733773524417832
19_36,0.5863838409360402
19_37,0.583140769565569
19_38,0.5823242832644542
19_39,0.585744717835367
19_40,0.5948513226284938
19_41,0.648183784567518
19_42,0.6013633357196636
19_43,0.6066670886711036
19_45,0.5686689097105047
19_46,0.5783593345213212
19_47,0.6273094784489641
19_48,0.6313705483979934
19_50,0.627129344674602
19_51,0.6199773236574052
19_52,0.5638071019508557
19_53,0.5506664775575331
19_54,0.5357294525198264
19_55,0.5167289073538208
19_56,0.502904518630194
19_57,0.4513352902663961
19_58,0.43401199135249696
19_59,0.4227187568354361
19_60,0.4253064213643086
19_61,0.4286543877602108
19_62,0.422387703226707
19_64,0.4087042535907102
19_65,0.3957373990358182
19_66,0.3864240548751142
19_67,0.4409754297693372
19_68,0.4393657535567145
19_69,0.4438382572688373
19_71,0.4425567502300145
19_72,0.438909231908933
19_73,0.4332126061013496
19_74,0.42704579529791437
19_75,0.4340553500371333
19_76,0.44941527924753627
19_77,0.39879517507176315
19_78,0.4125083728498743
19_80,0.42434331534332603
19_81,0.44197761227258664
19_82,0.45927637836265733
19_83,0.46920056160097134
19_84,0.4748281740601904
19_85,0.4661227758843538
19_86,0.46622231957457794
19_87,0.46248209299298604
19_88,0.4542339036048704
19_90,0.4460959670169188
19_91,0.4391947713235275
19_92,0.4312935053033139
19_93,0.42253957847443124
19_95,0.42119515138346325
19_96,0.417657201185746
19_97,0.4144312993956606
19_99,0.40871239951924715
19_100,0.40662931092585614
19_101,0.4166812221484454
19_102,0.41916715361729917
19_103,0.41841129369194385
19_104,0.41681424439103865
19_105,0.41144381072149383
19_107,0.41940310082855037
19_108,0.47799001237666106
19_109,0.489892388395417
19_110,0.49923201054225896
19_111,0.5045921140230363
19_112,0.5059079470108223
19_113,0.5608281724436726
19_114,0.5608558388686498
19_115,0.5603578596486661
19_116,0.56480203640825
19_117,0.5283633671046927
19_118,0.5300117787967799
19_119,0.5404788291968476
19_120,0.5387326508076735
19_122,0.5393798950176649
19_123,0.5445373277254415
19_124,0.5393373450545207
19_125,0.5299708812650046
19_126,0.5360253021924862
19_127,0.5355050795500158
19_128,0.5384484096740629
19_129,0.5267713553272402
19_131,0.5193485946269105
19_132,0.5225241787304321
19_133,0.47301736178808307
19_134,0.4716007480909241
19_135,0.4747178152504469
19_136,0.46900709499824283
19_137,0.47183817445523024
19_138,0.47419844910873427
19_139,0.47865993436410426
19_140,0.4799747178384573
19_141,0.48509514381292973
19_142,0.4809971249305744
19_143,0.4810310049871563
19_144,0.4783504619712964
19_145,0.5284521614004438
19_146,0.5079415584081346
19_147,0.4883493900753001
19_148,0.47147905868164197
19_150,0.46619330947624055
19_151,0.4605015969305861
19_152,0.45743403011222045
19_153,0.4559712162819105
19_154,0.46089286679380187
19_155,0.4203098732082672
19_157,0.4792695313311026
19_158,0.48618781756109747
19_159,0.49919385513136544
19_160,0.5101947176391753
19_161,0.5648203565491465
19_162,0.5699635720296895
19_163,0.5689237655741992
19_164,0.5737169573551572
19_165,0.5748633408803868
19_167,0.5204448444010965
19_168,0.5164188883541374
19_169,0.5085178043945873
19_170,0.5055506075071831
19_171,0.4519690062562502
19_172,0.44074143256618853
19_173,0.42444277965953103
19_174,0.4084743279279977
19_175,0.4059655292547657
19_176,0.4059206884424507
19_177,0.39543255772969615
19_178,0.3902812560765113
19_179,0.38757311657597754
19_180,0.3933658727608143
19_181,0.3980322662635548
19_182,0.39461736581957796
19_183,0.4019708289283602
19_184,0.3985770252178725
19_185,0.39708373893951604
19_186,0.4549865726923508
19_187,0.45917277736375284
19_188,0.4714448723049231
19_189,0.48175974094422064
19_190,0.4804567510840703
19_191,0.4780913105669252
19_192,0.5318059449021607
19_193,0.5339976422365761
19_194,0.5922883156199875
19_196,0.5429044417231611
19_197,0.5585936852045379
19_198,0.5722428890238911
19_199,0.5825441805934242
19_200,0.5856764279364166
19_201,0.583671860376813
19_202,0.5240076412860829
19_203,0.5728684142147507
19_204,0.5143959734636895
19_205,0.5077248776601471
19_206,0.5006745001653637
19_207,0.5006353322328585
19_208,0.49334439922633583
19_209,0.48408251595654406
19_210,0.4762498046044529
19_211,0.4652453811560629
19_212,0.41181547806561636
19_213,0.42259420312768275
19_214,0.4301237924675766
19_215,0.4326240649683768
19_216,0.43776825164711036
19_218,0.4427651605154676
19_220,0.4441369690402675
19_221,0.44697087747664077
19_222,0.4505631511348144
19_223,0.4566107281995385
19_224,0.46348535567772864
19_226,0.4729166243310105
19_227,0.5242234000518816
19_228,0.5301515748317539
19_229,0.5311179919830102
19_230,0.531716816098003
19_231,0.5371118921542015
19_232,0.5433706357943507
19_233,0.5468682490542116
19_234,0.554394682933568
19_235,0.55759518402926
19_236,0.5177967432424946
19_237,0.5581373657396999
19_238,0.5613968405269829
19_239,0.5652218227866049
19_240,0.5674523889493296
19_241,0.5727798609118673
19_242,0.5802785710574502
19_243,0.5880424712516158
19_244,0.6006773259707243
19_245,0.6112956965209855
19_246,0.5590469240816498
19_247,0.56197481133948
20_0,0.15573115543715768
20_1,0.15334175118249282
20_2,0.14785679706853783
20_3,0.14487073867606085
20_4,0.14434893156473705
20_5,0.13737184333515087
20_6,0.13411109834258716
20_7,0.13456393050887028
20_8,0.13435933734802885
20_9,0.1328470100260655
20_10,0.13114527023724512
20_11,0.13290998797458464
20_12,0.13513625226221954
20_13,0.13702104336546386
20_14,0.13906680085332082
20_15,0.15607319353782603
20_16,0.17100102867568318
20_17,0.17206824262707543
20_18,0.18931886279635515
20_19,0.20906511096980374
20_20,0.22920929739185103
20_21,0.3025325781348812
20_22,0.3230549403139264
20_23,0.33403804185615155
20_24,0.4102344148136755
20_25,0.41731133805238035
20_26,0.49000508967940054
20_27,0.49412909553445705
20_28,0.5781888098296083
20_29,0.6580442597683257
20_30,0.5752423655365029
20_31,0.5639097671372648
20_32,0.5533436421358348
20_33,0.48004671199776144
20_34,0.5475008623275646
20_35,0.4869798653702631
20_36,0.4835950970671148
20_37,0.40172779773577544
20_38,0.3379919683542573
20_39,0.32227714910229854
20_40,0.30594741590344554
20_41,0.36339173911838624
20_42,0.3483436159827446
20_43,0.2603457981267094
20_44,0.2563572549994307
20_45,0.24403665804772467
20_46,0.2458364366756738
20_47,0.2505517358429284
20_48,0.25626584882579734
20_49,0.2509488959194062
20_50,0.1654309505215688
20_51,0.17013492632257818
20_52,0.18741413876667615
20_53,0.20409217315379805
20_54,0.21132128109045817
20_55,0.21634471667826172
20_56,0.22032915065208175
20_57,0.22636870854640176
20_58,0.31394301495560606
20_59,0.33281650044557703
20_60,0.3514637901399118
20_61,0.36965918045604723
20_62,0.44721753477123316
20_63,0.45695451709406826
20_64,0.5376780539765359
20_65,0.5552672240294577
20_66,0.6233776282494686
20_67,0.5869579516228238
20_68,0.6240808037820273
20_69,0.6508513606851899
20_70,0.7232123214144365
20_71,0.6738790987797711
20_72,0.6870517068670312
20_73,0.6784542019876809
20_74,0.6649374478932688
20_75,0.5920826199335636
20_76,0.5712102756320088
20_77,0.5420622860031713
20_78,0.5159142495259298
20_79,0.44784013196297295
20_80,0.4298178255386563
20_81,0.42071179869275693
20_82,0.36153783253197475
20_83,0.37300270487537246
20_84,0.3828431504162984
20_85,0.3965097382653887
20_86,0.4182573936570815
20_87,0.4905228943927632
20_88,0.5583101918334519
20_89,0.5897284986280803
20_90,0.6321552671096631
20_91,0.6642046902162324
20_92,0.6914138149071563
20_93,0.7539770952241379
20_94,0.7622685968981253
20_95,0.7547251992179047
20_96,0.7247880923905764
20_97,0.7005978508693922
20_98,0.703499324718036
20_99,0.6955128191179742
20_100,0.724501105295351
20_101,0.703583888127686
20_102,0.6447882387025938
20_103,0.6821620344023128
20_104,0.6699978108457466
20_105,0.6528161282921978
20_106,0.6402570583689333
20_107,0.6317286864580637
20_108,0.6174872683319211
20_109,0.5647248364798244
20_110,0.5650444132442213
20_111,0.5592458131180627
20_112,0.4957353441205486
20_113,0.48619253353080194
20_114,0.4708035763394336
20_115,0.4922450393778722
20_116,0.45749319011393597
20_117,0.43074821491212895
20_118,0.40913969951788004
20_119,0.38982631863236034
20_120,0.3745568938283119
20_121,0.3621437084264527
20_122,0.3485534120779025
20_123,0.33702056759545196
20_124,0.2746266395714281
20_125,0.2646574296920217
20_126,0.2582494315537175
20_127,0.2558549410107658
20_128,0.2576328503470535
20_129,0.26428413048232324
20_130,0.258108525120873
20_131,0.24802127325228704
20_132,0.2588384722577913
20_133,0.27074656109522227
20_134,0.26999929125541067
20_135,0.26760314084638953
20_136,0.2653149387457388
20_137,0.2739744832958816
20_138,0.34853941323365945
20_139,0.34384475319812263
20_140,0.3414318941222955
20_141,0.3481830259718324
20_142,0.356910694294302
20_143,0.42006993782796037
20_144,0.4207183755079402
20_145,0.4259790256480652
20_146,0.43556544583402174
20_147,0.4372395643839231
20_148,0.4446479543746937
20_149,0.4450490980784657
20_150,0.4465234372050755
20_151,0.44746185956650747
20_152,0.37352236031270214
20_153,0.35733916325103104
20_154,0.33702801770251156
20_155,0.32863167803579246
20_156,0.27881612813235424
20_157,0.29352122371452727
20_158,0.2802472333084341
20_159,0.28203371068164246
20_160,0.29640183241728985
20_161,0.3101789441571026
20_162,0.36733970817864925
20_163,0.3495744445109305
20_164,0.3451462798512608
20_165,0.40748911632764345
20_166,0.3993670509581808
20_167,0.46957903388696176
20_168,0.4598295836964944
20_169,0.45903268903974437
20_170,0.46239854416366666
20_171,0.3995126988320153
20_172,0.4066348547366439
20_173,0.3987808818567958
20_174,0.32986618591032774
20_175,0.39249738631065273
20_176,0.3248405094077323
20_177,0.3886523376778311
20_178,0.3843896326368563
20_179,0.3805515044999299
20_180,0.3629114212884778
20_181,0.3473198182416205
20_182,0.3359012077129459
20_183,0.40594151376273513
20_184,0.32560552660874337
20_185,0.3263323469175315
20_186,0.2522080443898097
20_187,0.25426560561954326
20_188,0.256510930413587
20_189,0.25993980890033963
20_190,0.24661573904820128
20_191,0.23239552082334153
20_192,0.1467440133017042
20_193,0.1315372844126563
20_194,0.13216788045974065
20_195,0.13641850967294772
20_196,0.14214823727375636
20_197,0.14497694627315144
20_198,0.1347790146512929
20_199,0.12700644027212102
20_200,0.13343037935244692
20_201,0.1389578845550284
20_202,0.14574146858464576
20_203,0.15118982166748207
20_204,0.15534267404566843
20_205,0.15747335418628014
20_206,0.17274483422125306
20_207,0.1919514614300718
20_208,0.20950554557712503
20_209,0.2228944442722313
20_210,0.24557006521474214
20_211,0.26060912619384635
20_212,0.26321567780215305
20_213,0.26355590599689177
20_214,0.26590663727102726
20_215,0.2683416757771249
20_216,0.26940312563117935
20_217,0.2652779629561399
20_218,0.25695805602790606
20_219,0.2467205864610178
20_220,0.24335789120612605
20_221,0.2443777577963207
20_222,0.24086326991874019
20_223,0.23235001614345857
20_224,0.2244532055955236
20_225,0.216588652225812
20_226,0.21123713250579426
20_227,0.19909379210173778
20_228,0.18712755927064778
20_229,0.1779098207423048
20_230,0.17391149587465837
20_231,0.172238770448528
20_232,0.17353419492659364
20_233,0.17113013474581937
20_234,0.17335161215450737
20_235,0.19024516469165684
20_236,0.2105927176095513
20_237,0.282321258670202
20_238,0.2897418878574255
20_239,0.294486848722001
20_240,0.3059351237340306
20_241,0.3923199465671641
20_242,0.40642197568478866
20_243,0.4086842270793771
20_244,0.4040845611957913
20_245,0.40468462149394163
20_246,0.34186661888441255
20_247,0.34847903214933024
20_248,0.35353504408714403
20_249,0.348557327934624
20_250,0.2923938011581818
20_251,0.3601948651561951
20_252,0.3507668452465516
20_253,0.3319296012850816
20_254,0.33211193674721146
20_255,0.3310768184839502
20_256,0.31311381068388916
20_257,0.3688228637639948
20_258,0.36828450493350323
20_259,0.3684575884358178
20_260,0.2928387485309863
20_261,0.29780623228767805
20_262,0.31522873278832797
20_263,0.31848327560887746
20_264,0.32174505827961636
20_265,0.32774061504225643
20_266,0.2720665645796927
20_267,0.27535889695707066
20_268,0.337875360707273
20_269,0.3518857157877916
20_270,0.36727814799386815
20_271,0.384670510900739
20_272,0.4070699781310002
21_0,0.3088279450596479
21_1,0.30725978851973135
21_2,0.30703655289177345
21_3,0.31197020153428756
21_4,0.313328611569779
21_5,0.3122803952827859
21_6,0.3149947315888845
21_7,0.37963739894340903
21_8,0.38159021858555253
21_9,0.37934518253243127
21_10,0.379844027095547
21_11,0.383417906362273
21_12,0.3848153996512081
21_13,0.39181378706603653
21_14,0.4034041196018804
21_15,0.4128937160621573
21_16,0.3677751057743593
21_17,0.37852481367588275
21_18,0.3956112558399472
21_19,0.4116758500323104
21_20,0.423223246585126
21_21,0.4403757446428886
21_22,0.4368322044087868
21_23,0.4367517087958747
21_24,0.4357428478818437
21_25,0.4281357956894238
21_26,0.4283527798152879
21_27,0.47810121950218515
21_28,0.5279923287161228
21_29,0.5320265723911959
21_30,0.5393072028553542
21_31,0.5411305435651289
21_32,0.5400589068088241
21_33,0.5382272335587277
21_34,0.541377299599788
21_35,0.5447417353388903
21_36,0.49074429238657846
21_37,0.4335902365251412
21_38,0.43383594482024485
21_39,0.42762596008187537
21_40,0.4221114413030544
21_41,0.42031235144470025
21_42,0.41943516726748836
21_43,0.4206576324926872
21_44,0.41417306936185594
21_45,0.4139148118857636
21_46,0.418770601500013
21_47,0.41503023923811844
21_48,0.41079939391652087
21_49,0.4045139999909786
21_50,0.4026767812677241
21_51,0.39855432982984196
21_52,0.45049000238073394
21_53,0.45013418316523424
21_54,0.4441586167399371
21_55,0.43916653720563126
21_56,0.4415599482641544
21_57,0.4370470149757933
21_58,0.4358314267496518
21_59,0.424275882111724
21_60,0.4135698136378058
21_61,0.36255017427391745
21_62,0.3555467433196468
21_63,0.3279270490208987
21_64,0.3075920887238605
21_65,0.2826137769211567
21_66,0.26877001558366903
21_67,0.3184945647974627
21_68,0.3047478008928847
21_69,0.29090804849417695
21_70,0.2804953264926341
21_71,0.2743891124020858
21_72,0.28239682617824263
21_73,0.2905903286108828
21_74,0.30558250734842307
21_75,0.3260295038112117
