Id,Predicted
1_939,0.9683853666719880
1_940,0.9896998843259310
1_941,0.9856080525954320
1_942,0.988843524604586
1_943,0.9775431414633470
1_944,0.981801891721935
1_945,0.9828934636634150
1_946,0.9913547932544620
1_947,0.9833282845850860
1_948,0.9879197649513480
1_949,0.9770244154374580
1_950,0.9866958044220050
1_951,0.9855294544674540
1_952,0.9950113772200320
1_953,0.9999999678378900
1_954,0.9781279522623230
1_955,0.9597432097410260
1_956,0.9502751637468880
1_957,0.9395373871122350
1_958,0.9333353647021720
1_959,0.9286632031209740
1_960,0.9421445345431070
1_961,0.9375098329428470
1_962,0.9269305096792540
1_963,0.9390532907170320
1_964,0.9470901348138150
1_965,0.9502651065599830
1_966,0.9439374213599940
1_967,0.9248628013486730
1_968,0.8977198577908240
1_969,0.8557276419241920
1_970,0.832369821115401
1_971,0.8126972616321440
1_972,0.794525140888089
1_973,0.7811654046902260
1_974,0.7678466595426980
1_975,0.7586158432816930
1_976,0.7565797207770440
1_977,0.7556756349536920
1_978,0.7546220988042710
1_979,0.7542221176405690
1_980,0.7436557974514850
1_981,0.7288052392270550
1_982,0.7057600725341480
1_983,0.6888473963885780
1_984,0.6697986145137870
1_985,0.6567568210397190
1_986,0.6501406578361410
1_987,0.641491401213393
1_988,0.6302060877496680
1_989,0.673504938665969
1_990,0.7152351303628200
1_991,0.7175417529905050
1_992,0.7179914385427890
1_993,0.7650474579705640
1_994,0.7559611516696450
1_995,0.7327025720908030
1_996,0.7166650584111710
1_997,0.7063785294043740
1_998,0.6488158540274190
1_999,0.5944667746011120
1_1000,0.5872164007087250
1_1001,0.5735497988304110
1_1002,0.5093700364158270
1_1003,0.4959238891884740
1_1004,0.4925561974432020
1_1005,0.49150980468774000
1_1006,0.49605759190719500
1_1007,0.5026375873950050
1_1008,0.5087958370889580
1_1009,0.5130037108174830
1_1010,0.5178109507410650
1_1011,0.5856554657359130
1_1012,0.591645950077922
1_1013,0.5943903895392710
1_1014,0.5876410752320970
1_1015,0.573966674220543
1_1016,0.5521102106834500
1_1017,0.5358050405198490
1_1018,0.5176862799115400
1_1019,0.502786298028119
1_1020,0.42774723017952600
1_1021,0.416333675913699
1_1022,0.40243638016716600
1_1023,0.3899558715128470
1_1024,0.37407490659437700
1_1025,0.4527018862546500
1_1026,0.4322190488210760
1_1027,0.5120110264433640
1_1028,0.4992113169679300
1_1029,0.48944881190885200
1_1030,0.4805495919356760
1_1031,0.4766217472930710
1_1032,0.47431482666760400
1_1033,0.4744481088840970
1_1034,0.47675554803963200
1_1035,0.4822700020135330
1_1036,0.3919315946162730
1_1037,0.39605069935991100
1_1038,0.39610046380061000
1_1039,0.3874640451596500
1_1040,0.3801790579014080
1_1041,0.37275353151534400
1_1042,0.3689689722328220
1_1043,0.27449403009718200
1_1044,0.2722354823996710
1_1045,0.2692331210696900
1_1046,0.3583241185522640
1_1047,0.3588089591855930
1_1048,0.3656598670614960
1_1049,0.36907201368199900
1_1050,0.3724356487452060
1_1051,0.3697304914613560
1_1052,0.36868663866526300
1_1053,0.3693020856739030
1_1054,0.46392945003460100
1_1055,0.3758537853986870
1_1056,0.38244039971536000
1_1057,0.3927625266971430
1_1058,0.40369295966576200
1_1059,0.4181044520641990
1_1060,0.4329012708095780
1_1061,0.44331549894890600
1_1062,0.44705709864804800
1_1063,0.35530739985189700
1_1064,0.3529715661796290
1_1065,0.3496368810768140
1_1066,0.34100681773226000
1_1067,0.33081938702668200
1_1068,0.3185793985611420
1_1069,0.3983830239392880
1_1070,0.390517272752825
1_1071,0.38509966826408600
1_1072,0.3811313377109290
1_1073,0.38113962678895900
1_1074,0.3740115710864350
1_1075,0.37006141972532700
1_1076,0.36887970204751000
1_1077,0.36797831734443500
1_1078,0.27721221403732000
1_1079,0.2797113749548220
1_1080,0.2812594628394680
1_1081,0.2838503531947570
1_1082,0.281714521138356
1_1083,0.2881859221783020
1_1084,0.2940004861736550
1_1085,0.2972788661731550
1_1086,0.2976537998076360
1_1087,0.2998196490519630
1_1088,0.29674731444072700
1_1089,0.2954892377898290
1_1090,0.2992153773899510
1_1091,0.3081585598383590
1_1092,0.30683857851851400
1_1093,0.30285460221701800
1_1094,0.29951473642956500
1_1095,0.297593707410532
1_1096,0.2938156217042690
1_1097,0.2939713415074030
1_1098,0.29409335470894900
1_1099,0.28748598090987200
1_1100,0.37025986073091400
1_1101,0.36645662599756100
1_1102,0.36299855810930500
1_1103,0.36144535622127900
1_1104,0.3613967448485120
1_1105,0.36225588318219600
1_1106,0.3656301129754550
1_1107,0.3697787041272980
1_1108,0.37359393738637300
1_1109,0.28182798439555400
1_1110,0.37320930398864100
1_1111,0.3805694251707810
1_1112,0.37936544733062700
1_1113,0.3808869222008670
1_1114,0.3811647591891280
1_1115,0.3743287150226350
1_1116,0.4635919523296880
1_1117,0.457552229518409
1_1118,0.451098679253694
1_1119,0.34974645589075800
1_1120,0.335375533569099
1_1121,0.328801187116338
1_1122,0.32044716212715100
1_1123,0.3119170769402040
1_1124,0.40820403775725400
1_1125,0.3089573038271660
1_1126,0.3077404962445540
1_1127,0.30782891669313800
1_1128,0.3140270213979180
1_1129,0.32161880722586800
1_1130,0.32736294709648700
1_1131,0.33019277644461300
1_1132,0.3334441693912450
1_1133,0.23555328627671800
1_1134,0.2370727184039390
1_1135,0.23625226043808200
1_1136,0.23859821013561000
1_1137,0.24264336507452200
1_1138,0.34014021109319600
1_1139,0.3400470667316570
1_1140,0.3418738392573020
1_1141,0.3421614494462930
1_1142,0.3421346310149550
1_1143,0.34240280927018500
1_1144,0.3437221889801010
1_1145,0.346203107519372
1_1146,0.3480682810533190
1_1147,0.254174752226457
1_1148,0.25697082049678400
1_1149,0.2573871753296350
1_1150,0.2536849217644110
1_1151,0.2514230648217670
1_1152,0.34805551943807000
1_1153,0.3419409902907000
1_1154,0.3322205921285820
1_1155,0.3219166310954950
1_1156,0.3138179396749560
1_1157,0.3108290112833740
1_1158,0.308694195252314
1_1159,0.3136684018252570
1_1160,0.313949921709934
1_1161,0.2149296716680600
1_1162,0.22058830439004500
1_1163,0.22495033050528000
1_1164,0.22596794712139800
1_1165,0.2216348716076580
1_1166,0.21239062584275200
1_1167,0.20542123901766400
1_1168,0.19897408563556300
1_1169,0.19272034852361200
1_1170,0.18782433040769400
1_1171,0.18288106066820200
1_1172,0.18339704951009200
1_1173,0.18499726983020100
1_1174,0.18968773059886800
1_1175,0.29253916330225700
1_1176,0.2967343934926810
1_1177,0.3038559520239800
1_1178,0.31075386510762300
1_1179,0.31995319444900600
1_1180,0.3239039459296770
1_1181,0.3272123007145410
1_1182,0.33106579826260400
1_1183,0.3367535861409060
1_1184,0.24649354200619900
1_1185,0.25485461746768600
1_1186,0.2574527650412430
1_1187,0.2616463272794660
1_1188,0.26319624037236800
1_1189,0.2702664851087530
1_1190,0.2725563714126360
1_1191,0.27511733468002200
1_1192,0.36750209985230200
1_1193,0.36812654869907100
1_1194,0.362088330352001
1_1195,0.35843788910685100
1_1196,0.3532527106387970
1_1197,0.3446707932083700
1_1198,0.3334962584418480
1_1199,0.4265096686691220
1_1200,0.41828674047364800
1_1201,0.3180989336880670
1_1202,0.41010290906279500
1_1203,0.4082249801665840
1_1204,0.40469305039092700
1_1205,0.401835651977809
1_1206,0.5036630812561350
1_1207,0.497925833239668
1_1208,0.39306124516693000
1_1209,0.3893918150585800
1_1210,0.3857556637835650
1_1211,0.28166179771268000
1_1212,0.2802820975365800
1_1213,0.2789075324738780
1_1214,0.27973756598304000
1_1215,0.1812297763904340
1_1216,0.19347347752436400
1_1217,0.19993998419233000
1_1218,0.20819992691058300
1_1219,0.21260944427900200
1_1220,0.21798588860762000
1_1221,0.31779198297805000
1_1222,0.3200504072443780
1_1223,0.31930266988807600
1_1224,0.3162503177812960
1_1225,0.30853669434907900
1_1226,0.3044440947945360
1_1227,0.2985916203396670
1_1228,0.2952240533927850
1_1229,0.2930999479478020
1_1230,0.1926716417421650
1_1231,0.2939862363572960
1_1232,0.2947052529696310
1_1233,0.39594020368234800
1_1234,0.39351065367477400
1_1235,0.39256966222850500
1_1236,0.39200906457466200
1_1237,0.3944383643387190
1_1238,0.3963385932472540
1_1239,0.3949833648029060
1_1240,0.292288938756335
1_1241,0.39345469547445400
1_1242,0.2885775370229600
1_1243,0.29086290738545500
1_1244,0.2935120450150110
1_1245,0.39649823007255000
1_1246,0.5007306803854940
1_1247,0.5007810786829410
1_1248,0.5033799985443740
1_1249,0.5065677789513450
1_1250,0.4064936136758510
1_1251,0.41456669355284700
1_1252,0.42153112550815900
1_1253,0.42402177378533500
1_1254,0.32615492894386
1_1255,0.2238738300135970
1_1256,0.22192810028488200
1_1257,0.21916363714687900
1_1258,0.21646424117340700
1_1259,0.21768759326564700
1_1260,0.21226508704719500
1_1261,0.20613910221800700
1_1262,0.2011416201167390
1_1263,0.1966104581134890
1_1264,0.19364105386233400
1_1265,0.19513339737164800
1_1266,0.19904998437280500
1_1267,0.19859367092669800
1_1268,0.1961847735331800
1_1269,0.1980735589085540
1_1270,0.19842638494784900
1_1271,0.20151791386408200
1_1272,0.20315963173681700
1_1273,0.20274777523784000
1_1274,0.30130555461168000
1_1275,0.3022076029808930
1_1276,0.3063117649119910
1_1277,0.4097794035515550
1_1278,0.4120299538549500
1_1279,0.41046986832114400
1_1280,0.41251371767292800
1_1281,0.4131784279512710
1_1282,0.41924244250829500
1_1283,0.3177158971143800
1_1284,0.3181836598382910
1_1285,0.3199450710985090
1_1286,0.22431657802219700
1_1287,0.22890351244683200
1_1288,0.33178617133655300
1_1289,0.42861107866475300
1_1290,0.4372329865803410
1_1291,0.4442428572042430
1_1292,0.4532762477003020
1_1293,0.4634135713727580
1_1294,0.5607752490622870
1_1295,0.5670573154997880
1_1296,0.571844544337582
1_1297,0.4839999271299000
1_1298,0.39437879544785500
1_1299,0.3956430276607620
1_1300,0.3989836120154260
1_1301,0.4082660595022440
1_1302,0.40822111102439300
1_1303,0.31845657133575500
1_1304,0.31986322753575300
1_1305,0.32127193254366900
1_1306,0.3229153301640380
1_1307,0.32584297055952100
1_1308,0.41955099019537700
1_1309,0.4220845582024660
1_1310,0.4205975712491520
1_1311,0.4169198679041650
1_1312,0.41039152570328000
1_1313,0.40321765068261400
1_1314,0.3963831261633600
1_1315,0.3917732311919660
1_1316,0.3855037498786540
1_1317,0.28366096819893400
1_1318,0.2685727603335590
1_1319,0.25372197977579100
1_1320,0.2478390057875530
1_1321,0.24297281517623300
1_1322,0.3401807502075700
1_1323,0.33864027657029400
1_1324,0.3300943291013080
1_1325,0.3281352187009710
1_1326,0.3262750827671670
1_1327,0.32382279936322800
1_1328,0.32473868681377200
1_1329,0.32069738507892400
1_1330,0.3191280080206060
1_1331,0.21189202040878000
1_1332,0.2077251534552760
1_1333,0.30988291791574400
1_1334,0.30434296759959000
1_1335,0.2990144822250770
1_1336,0.2948811772815590
1_1337,0.29237719807395800
1_1338,0.3954541572604450
1_1339,0.39129054499237000
1_1340,0.3909695901318950
1_1341,0.38830121072336000
1_1342,0.3872224037353380
1_1343,0.389625086855812
1_1344,0.3990383922863400
1_1345,0.4084855830538970
1_1346,0.41521897609887300
1_1347,0.3169845876513370
1_1348,0.3227160910611260
1_1349,0.32753748641865600
1_1350,0.33608565121535100
1_1351,0.23889432774278500
1_1352,0.24243480717523200
1_1353,0.24646483374458300
1_1354,0.24768857820272100
1_1355,0.24693290744889100
1_1356,0.24941409130535700
1_1357,0.25361268726931
1_1358,0.25990078257231000
1_1359,0.25853938343111900
1_1360,0.35431993813629800
1_1361,0.35527490528817700
1_1362,0.35304758644114500
1_1363,0.3512855291765630
1_1364,0.3537425580739550
1_1365,0.35211924467358000
1_1366,0.3531817911041860
1_1367,0.3507860186386310
1_1368,0.3542080770201940
1_1369,0.25848834927342600
1_1370,0.2587933280258240
1_1371,0.25949847782409900
1_1372,0.2615493626537620
1_1373,0.2612910480644480
1_1374,0.25980916222253700
1_1375,0.25712017951565100
1_1376,0.2526486349488720
1_1377,0.2471643674318000
1_1378,0.24412296858773600
1_1379,0.23704442255133800
1_1380,0.22799744597408600
1_1381,0.22424246969490700
1_1382,0.21916856135454100
1_1383,0.21136240187589800
1_1384,0.2040372738786100
1_1385,0.20152673859998700
1_1386,0.19967143861310000
1_1387,0.19874550745913100
1_1388,0.20035912112024900
1_1389,0.202736751376627
1_1390,0.20173493300142900
1_1391,0.20189252477503000
1_1392,0.20630811877469000
1_1393,0.21360783609665200
1_1394,0.31891893038384100
1_1395,0.3172783173552840
1_1396,0.31823651439525500
1_1397,0.3191963317808030
1_1398,0.3219810243386820
1_1399,0.31917969468730000
1_1400,0.31863667843958800
1_1401,0.3167511837648660
1_1402,0.3132265596521540
1_1403,0.21173325521816800
1_1404,0.2129515229595020
1_1405,0.2121734485269690
1_1406,0.2110868277339460
1_1407,0.21230586419297800
1_1408,0.21592058020712600
1_1409,0.21538034422286500
1_1410,0.3196636329450400
1_1411,0.3198704443398690
1_1412,0.3195775193292310
1_1413,0.3186845644658050
1_1414,0.31628018799554900
1_1415,0.3169274224261900
1_1416,0.30830930378434300
1_1417,0.3049715625748470
1_1418,0.3004162177277240
1_1419,0.19415978554305000
1_1420,0.19272191255075200
1_1421,0.18616429614202600
1_1422,0.183762746042737
1_1423,0.18226246120176100
1_1424,0.1800382938586970
1_1425,0.1853526201946480
1_1426,0.1859237952348100
1_1427,0.18912660352634900
1_1428,0.19510886788427400
1_1429,0.19699018588086800
1_1430,0.20522565950975000
1_1431,0.2086354587936620
1_1432,0.20973395976099100
1_1433,0.20816823480216100
1_1434,0.2070043665498180
1_1435,0.20791876848061400
1_1437,0.20950653747943200
1_1438,0.20643860041763600
2_0,0.3387089111481390
2_1,0.3276641652147950
2_2,0.31879356851326200
2_3,0.3122406258426430
2_4,0.3051359076374970
2_5,0.28639586305078800
2_6,0.2728330651803950
2_7,0.27527998292728
2_8,0.27301398637092200
2_9,0.26894132060369300
2_10,0.3672431159056060
2_11,0.3666623451865530
2_12,0.46539357545203000
2_13,0.4682856630537430
2_14,0.4642969917986210
2_15,0.46636449957824700
2_16,0.4621003922313840
2_17,0.46010608090078600
2_18,0.46456344983940600
2_19,0.4613288912197530
2_20,0.4644899501455730
2_21,0.36975869460398200
2_22,0.37012771668295400
2_23,0.3766679547128820
2_24,0.37547961749820700
2_25,0.3806706874404970
2_26,0.47723047073799800
2_27,0.4762605380336410
2_28,0.4753836503357680
2_29,0.4774571925110000
2_30,0.4723613172940170
2_31,0.4721841150248930
2_32,0.46949665098162100
2_33,0.5642202315860450
2_34,0.5598356630226460
2_35,0.4645869972960140
2_36,0.4640035359082360
2_37,0.3667933246734240
2_38,0.3626235921183870
2_39,0.3638959593376520
2_40,0.364892229781844
2_41,0.3683460401105330
2_42,0.2695495136381680
2_43,0.2744795124965100
2_44,0.2809415926919330
2_45,0.28484977344283200
2_46,0.292105778014971
2_47,0.2972513202226220
2_48,0.2988619085536890
2_49,0.29698981086233200
2_50,0.3900285740591580
2_51,0.3894024777040270
2_52,0.37986387440859
2_53,0.3679405065399670
2_54,0.35342335143235300
2_55,0.34605458889551900
2_56,0.33711416375501300
2_57,0.3302580537670190
2_58,0.32880037570156700
2_59,0.23173801302405000
2_60,0.2351573433160240
2_61,0.23957955727619200
2_62,0.24286836563096900
2_63,0.248044878165
2_64,0.34509458698096500
2_65,0.4437638292792880
2_66,0.5437841375108960
2_67,0.5321667897884490
2_68,0.627892029789735
2_69,0.6142717910078640
2_70,0.6065045894137410
2_71,0.5984616923750070
2_72,0.5953472563313810
2_73,0.49196827991841300
2_74,0.49022049345660100
2_75,0.3861546919025630
2_76,0.391761119551792
2_77,0.2900140786624660
2_78,0.2998865784885720
2_79,0.40124761851514500
2_80,0.4051006819581350
2_81,0.40586091848254800
2_82,0.4055454690379050
2_83,0.30571389903255600
2_84,0.3059995146756490
2_85,0.30481713372408200
2_86,0.3014441763049030
2_87,0.2962696854511360
2_88,0.19542845899675400
2_89,0.1938175084703940
2_90,0.19394531235968000
2_91,0.1976278510136270
2_92,0.200246724092201
2_93,0.20277659112153300
2_94,0.20458540290436700
2_95,0.20950376636032100
2_96,0.31230899816030300
2_97,0.31868586640635100
2_98,0.3256783667067580
2_99,0.32972637247800600
2_100,0.33155654254465000
2_101,0.3339288238910750
2_102,0.43483392013153200
2_103,0.43677727040627300
2_104,0.43776635963122700
2_105,0.3384437603214160
2_106,0.3347630165350700
2_107,0.3318392702799590
2_108,0.32666834117960100
2_109,0.32712391752074800
2_110,0.32441809509546000
2_111,0.2246800883567790
2_112,0.22262035270000100
2_113,0.21782349037956100
2_114,0.2119091484760580
2_115,0.20784003194368900
2_116,0.19981416019796800
2_117,0.197375687310031
2_118,0.19306471919030300
2_119,0.1897644086440190
2_120,0.18473015854249800
2_121,0.18112849356944000
2_122,0.17846266296520500
2_123,0.1797570097665210
2_124,0.2815679790142870
2_125,0.28337753705950200
2_126,0.3874577373433340
2_127,0.49001118004228100
2_128,0.488200662565657
2_129,0.48960143530085800
2_130,0.5946316237926180
2_131,0.5946530552114680
2_132,0.5933179319462560
2_133,0.5960128245812540
2_134,0.6017982076783890
2_135,0.5018002536415950
2_136,0.40366941873959500
2_137,0.4133797291142770
2_138,0.42120756811898400
2_139,0.32903555196541700
2_140,0.34418468515992000
2_141,0.35943313546240900
2_142,0.26856383165536700
2_143,0.27629696542032000
2_144,0.28602649688783900
2_145,0.28937618168910500
2_146,0.28546570841464700
2_147,0.2804620576436380
2_148,0.272835683309506
2_149,0.26262897930889300
2_150,0.2507708974179260
2_151,0.23979615485354800
2_152,0.23201482393456000
2_153,0.22420953248560500
2_154,0.21973286329182200
2_155,0.21834002180450800
2_156,0.21901737158834900
2_157,0.22101943008940400
2_158,0.22450980441475800
2_159,0.22972032644910600
2_160,0.23320337287367500
2_161,0.2349082064218620
2_162,0.24244740064107600
2_163,0.24969393493081900
2_164,0.2546367251854990
2_165,0.3549946754536080
2_166,0.3615586195197800
2_167,0.3689318628779140
2_168,0.3732145783191790
2_169,0.37838910903580900
2_170,0.37983090048937700
2_171,0.3759944000597920
2_172,0.36786932944732700
2_173,0.36247522894082700
2_174,0.262437462215325
2_175,0.3560627061832170
2_176,0.3468149446789380
2_177,0.33889573216067900
2_178,0.32992110800996800
2_179,0.3237657418419300
2_180,0.3175064121524900
2_181,0.31770034554595800
2_182,0.41933964668965100
2_183,0.41692099812050700
2_184,0.3155996222972180
2_185,0.31560026466659000
2_186,0.3147820973122700
2_187,0.4182118032051330
2_188,0.4195083432945400
2_189,0.41975354764562300
2_190,0.4186961602553000
2_191,0.31243577872622300
2_192,0.3099478117197520
2_193,0.30777548289486900
2_194,0.40995822507505200
2_195,0.41131048648134000
2_196,0.3074229835526230
2_197,0.3024477256162250
2_198,0.30123812855461100
2_199,0.29965682063580600
2_200,0.30408262541743700
2_201,0.408318550556995
2_202,0.40753713371524
2_203,0.3037687261917190
2_204,0.30549542389707500
2_205,0.309306615861958
2_206,0.3194034731868700
2_207,0.3260653041096990
2_208,0.33179326863470000
2_209,0.3366306302565190
2_210,0.24316511439481700
2_211,0.25236238831361800
2_212,0.2612084810646470
2_213,0.26802882460365400
2_214,0.3691916419986230
2_215,0.37181786245300100
2_216,0.37570281515924400
2_217,0.37896165260066600
2_218,0.4781033857529460
2_219,0.47963334874305800
2_220,0.47577753517519700
2_221,0.47632649754305900
2_222,0.5701206150430100
2_223,0.4733830370441420
2_224,0.4707935712890600
2_225,0.46170583255563400
2_226,0.45114184112210200
2_227,0.3436975218905230
2_228,0.3334272150153260
2_229,0.3276064109678860
2_230,0.3176624994264900
2_231,0.21397238011221100
2_232,0.2055533043586740
2_233,0.1977760855418480
2_234,0.19277120820961600
2_235,0.18954299385449600
2_236,0.29555554978418900
2_237,0.28712220880543800
2_238,0.27983696140575600
2_239,0.273861747634584
2_240,0.27235252376454700
2_241,0.277885903060713
2_242,0.2834383570217950
2_243,0.38925089627842800
2_244,0.4050657567940360
2_245,0.3092474318992690
2_246,0.4213163239889860
2_247,0.4346697953198880
2_248,0.446015399698019
2_249,0.451384611643215
2_250,0.4450407463519030
2_251,0.4445801009796400
2_252,0.34623848713440900
2_253,0.33969170416466900
2_254,0.3373877914016760
2_255,0.2465619975987410
2_256,0.25126965972298600
2_257,0.2568789249755820
2_258,0.26019753059940200
2_259,0.26947795525887300
2_260,0.3670398731449630
2_261,0.3631312265277130
2_262,0.358006082109876
2_263,0.3534518849846130
2_264,0.3386035944921680
2_265,0.32842814533215500
2_266,0.31628322857423600
2_267,0.30578547645894100
2_268,0.2952904675762700
2_269,0.19483226339281000
2_270,0.19617661983033400
2_271,0.1949894044122740
2_272,0.1940632853689070
2_273,0.20625930528085000
2_274,0.21236216715083300
2_275,0.22103216053847800
2_276,0.22968650395422400
2_277,0.3285273230522190
2_278,0.3257966775867870
2_279,0.3282568500103560
2_280,0.33337890371726600
2_281,0.3383181475543340
2_282,0.3305421293948180
2_283,0.327680648430358
2_284,0.3295143347135490
2_285,0.33276963440397100
2_286,0.23984461827133200
2_287,0.2454410789708270
2_288,0.2509391325234220
2_289,0.25484131488490500
2_290,0.26046928747063000
2_291,0.27038797574866300
2_292,0.27401180244547200
2_293,0.27045607493128600
2_294,0.26728058127957100
2_295,0.270860588378248
2_296,0.2747929521459240
2_297,0.27863028529028
2_298,0.28614730454490400
2_299,0.3787528860728110
2_300,0.3787986735766660
2_301,0.38641207726726500
2_302,0.3968610297374410
2_303,0.49064003706144600
2_304,0.4991156322884490
2_305,0.5100780879861000
2_306,0.5128177914178750
2_307,0.5133830051355250
2_308,0.4225110575071400
2_309,0.4203201192763320
2_310,0.4129800673050340
2_311,0.40287507217443600
2_312,0.30756811408296000
2_313,0.29410356899442500
2_314,0.2862969443354110
2_315,0.28113103293879900
2_316,0.27857891658097600
2_317,0.27435559566731400
2_318,0.270298512802675
2_319,0.27247707159841200
2_320,0.27526389194111500
2_321,0.280413770018284
2_322,0.28877966567571600
2_323,0.2878667937071280
2_324,0.2830449930429010
2_325,0.28206110301899400
2_326,0.29143243701455000
2_327,0.38839214001618300
2_328,0.39932391613004900
2_329,0.41057556168544
2_330,0.42305145789832400
2_331,0.4360141393549420
2_332,0.5294052651837360
2_333,0.5530409628577590
2_334,0.5732482399121230
2_335,0.657776034264993
2_336,0.5830745069854140
2_337,0.5964390197336880
2_338,0.6013520094973650
2_339,0.6016193912488860
2_340,0.6010082290585780
2_341,0.5181064172509260
2_342,0.5061717776526950
2_343,0.49429025269553500
2_344,0.4077274336866090
2_345,0.39646155867342900
2_346,0.37813650054373700
2_347,0.36641751371000500
2_348,0.3544495287982720
2_349,0.3419792160282750
2_350,0.3304208550332100
2_351,0.3230750477057850
2_352,0.31743187309485800
2_353,0.3175620929361390
2_354,0.31339298124601800
2_355,0.3066888518046970
2_356,0.39659471148400500
2_357,0.39628958242885400
2_358,0.39453884431433200
2_359,0.39523395998634600
2_360,0.39390276769389000
2_361,0.38705552269948300
2_362,0.38312962195677000
2_363,0.38106353796999500
2_364,0.3850487493154060
2_365,0.2963298306500020
2_366,0.30578363417542400
2_367,0.31653225256436400
2_368,0.33020215816734000
2_369,0.3433045432765890
2_370,0.4360009098250700
2_371,0.44284028046899000
2_372,0.4530168450347660
2_373,0.4600077119344820
2_374,0.4656466014896400
2_375,0.4667022572563860
2_376,0.4679343671582580
2_377,0.4615457106839620
2_378,0.4559617784191330
2_379,0.371802007901119
2_380,0.36946733126910200
2_381,0.3649888940220560
2_382,0.363150892347655
2_383,0.36072786924420400
2_384,0.3519630477704770
2_385,0.3372844236635610
2_386,0.4237892136686080
2_387,0.41406354258795600
2_388,0.4049873165092970
2_389,0.3940759191605020
2_390,0.3869805243393970
2_391,0.3741545731607640
2_392,0.3662625447086220
2_393,0.3665397424782210
2_394,0.3709918517109320
2_395,0.28127766734929000
2_396,0.2903108434078650
2_397,0.29836070801030500
2_398,0.3061418757072560
2_399,0.40066536235290100
2_400,0.4087407517392210
2_401,0.41129222516710000
2_402,0.41103982299348400
2_403,0.41036327371736800
2_404,0.41093755891753200
2_405,0.41471668150666900
2_406,0.42158247506241100
2_407,0.42986363349448500
2_408,0.34468224551834800
2_409,0.43472614848444200
2_410,0.44221873357584300
2_411,0.4501435443057230
2_412,0.46467321646423400
2_413,0.4755403272586390
2_414,0.4795493168373790
2_415,0.4855574608691290
2_416,0.4874763812392680
2_417,0.48941509995529300
2_418,0.409609055409809
2_419,0.4046693911763330
2_420,0.3987625982562720
2_421,0.38886624570475400
2_422,0.3771469443771320
2_423,0.45612763012342100
2_424,0.4343762480154370
2_425,0.4219001754975510
2_426,0.412702227743384
2_427,0.40128094163952000
2_428,0.398850740856385
2_429,0.3951080418912230
2_430,0.39818252212691900
2_431,0.39847624333441300
2_432,0.3116529207799890
2_433,0.31660135057357000
2_434,0.3121824814493940
2_435,0.308025030270056
2_436,0.2964900473419390
2_437,0.28597446029844500
2_438,0.3758718418172270
2_439,0.3614052111189590
2_440,0.3519989054183000
2_441,0.3411652755769510
2_442,0.334922287760964
2_443,0.4299572045183480
2_444,0.4345819045058840
2_445,0.4485374062240700
2_446,0.5490483920791160
2_447,0.4535982214956190
2_448,0.45737717054581900
2_449,0.4546775800830050
2_450,0.5507074526707870
2_451,0.5488090944645930
2_452,0.44598715777004300
2_453,0.4379879566908410
2_454,0.5235804820468840
2_455,0.4333065769006050
2_456,0.43918376806777700
2_457,0.445047134635981
2_458,0.45407188294880400
2_459,0.3612983811153350
2_460,0.36390189243339700
2_461,0.3721601467095700
2_462,0.37432480642523300
2_463,0.2824334221962340
2_464,0.27849282543404600
2_465,0.2727303866857900
2_466,0.2676102824065090
2_467,0.25858611647093100
2_468,0.24903444884535800
2_469,0.24157113565798700
2_470,0.22906971999321000
2_471,0.22036716241533800
2_472,0.20811101559966600
2_473,0.19083435332220300
2_474,0.1829271477326520
2_475,0.17021821317762600
2_476,0.1641038828252410
2_477,0.16222033413883700
2_478,0.16414022575264100
2_479,0.16775233298308500
2_480,0.16800508288277200
2_481,0.16925297084998900
2_482,0.17508657042387900
2_483,0.17587507283577400
2_484,0.17834839076841700
2_485,0.18208352232211200
2_486,0.1837930044953140
2_487,0.18550628374348100
2_488,0.19029442970066200
2_489,0.19634926828302600
2_490,0.2023724875206370
2_491,0.20948198325719000
2_492,0.2149574092660730
2_493,0.3203559587885890
2_494,0.32062041225308300
2_495,0.3237714207766860
2_496,0.32355727628080900
2_497,0.3221005302726130
2_498,0.3219594217195430
2_499,0.4220767735655450
2_500,0.42179220683755400
2_501,0.42266171378182100
2_502,0.32299931415883800
2_503,0.42505496333985200
2_504,0.429350208878966
2_505,0.43361397599222500
2_506,0.4371676099757060
2_507,0.4414415490921530
2_508,0.4403280749449530
2_509,0.44502731153237000
2_510,0.44985466343315800
2_511,0.45161218220556400
2_512,0.4526550134967410
2_513,0.45152339179492100
2_514,0.5478150166394020
2_515,0.5540344602265000
2_516,0.5525086248944970
2_517,0.5519095875614410
2_518,0.5486629034781200
2_519,0.554338627329516
2_520,0.5650859622440130
2_521,0.47752353714266200
2_522,0.48540972223161000
2_523,0.4856088690959280
2_524,0.4828397912288750
2_525,0.4859255282599980
2_526,0.3970763446080010
2_527,0.4004709827500670
2_528,0.48709924372345400
2_529,0.4794151946238700
2_530,0.4706370632608560
2_531,0.46513471213657700
2_532,0.3721347579355320
2_533,0.37358520485353100
2_534,0.37751270915911400
2_535,0.37691162673256000
2_536,0.3772108949001760
2_537,0.37674154192607900
2_538,0.37644297676805100
2_539,0.47067753063115500
2_540,0.4764905198616880
2_541,0.5699478312672860
2_542,0.569892904722683
2_543,0.5657010144077370
2_544,0.5678552801277440
2_545,0.5725487152547810
2_546,0.48421538955785500
2_547,0.4910191398531090
2_548,0.40309453171590800
2_549,0.40311244103114400
2_550,0.3118914638046790
2_551,0.31620220364015400
2_552,0.3169478986411760
2_553,0.3114571518821070
2_554,0.309694932019983
2_555,0.30741873049971400
2_556,0.30479246487719400
2_557,0.3036214751740330
2_558,0.3057146004931520
2_559,0.3112150922014610
2_560,0.31030980406595900
2_561,0.3125792256940390
2_562,0.3168527114039450
2_563,0.31627281209293500
2_564,0.40749451763629400
2_565,0.4080590439517900
2_566,0.4053748541807360
2_567,0.39685841410213900
2_568,0.38608058146133800
2_569,0.3788584343639160
2_570,0.4665346433057310
2_571,0.46460393720878800
2_572,0.46624924578856800
2_573,0.378660436155326
2_574,0.37816495673196500
2_575,0.38340458659073400
2_576,0.3895405794800030
2_577,0.39812140241152900
2_578,0.40293267701804400
2_579,0.3143144771873640
2_580,0.3151677166774810
2_581,0.3082653650158720
2_582,0.3041331454354760
2_583,0.29609846624725000
2_584,0.28460767965040300
2_585,0.271366119673371
2_586,0.25808267374607100
2_587,0.24693953722767300
2_588,0.23302648958637400
2_589,0.21710474141807400
2_590,0.2080667714668340
2_591,0.19892723170584900
2_592,0.19582222671216700
2_593,0.1966377625811940
2_594,0.20567386742842000
2_595,0.3085785117214550
2_596,0.31902360399953200
2_597,0.4249404607114290
2_598,0.44574843986700800
2_599,0.46494382561837700
2_600,0.5666154409493110
2_601,0.5741350457782760
2_602,0.577207298432658
2_603,0.5709405384178110
2_604,0.466773266646637
2_605,0.4546469828877330
2_606,0.3501829849139420
2_607,0.33148364952146000
2_608,0.3134911087995410
2_609,0.2086129591971290
2_610,0.19661302723711700
2_611,0.18591381712951300
2_612,0.2866953604045040
2_613,0.39017138994471800
2_614,0.39493946048547500
2_615,0.3998870235260760
2_616,0.40710602326506700
2_617,0.5127761514789930
2_618,0.518849607372281
2_619,0.5267491612490090
2_620,0.6332142727911790
2_621,0.5339055023571720
2_622,0.43320898245833200
2_623,0.4290362441779270
2_624,0.42400568370408100
2_625,0.5222461827170490
2_626,0.41953298787026500
2_627,0.4243361347064030
2_628,0.4240131576218900
2_629,0.3250024955211650
2_630,0.3262269069247210
2_631,0.32879186040149600
2_632,0.3335716478350060
2_633,0.3405875978790050
2_634,0.24012962214098600
2_635,0.24255437449159500
2_636,0.2357103481871410
2_637,0.22730227236699400
2_638,0.22024550311209000
2_639,0.2172039102411400
2_640,0.21129473586297500
2_641,0.20333672212323800
2_642,0.19404043732317400
2_643,0.1859668723649320
2_644,0.17805346820380900
2_645,0.2778575333268120
2_646,0.2764184480625520
2_647,0.27781700690572500
2_648,0.2752147454011850
2_649,0.27446169298470400
2_650,0.27868860968436300
2_651,0.28216949252026200
2_652,0.38955968153254000
2_653,0.49586071263057200
2_654,0.39507437580661300
2_655,0.402050927329214
2_656,0.40751134658990300
2_657,0.409654590859613
2_658,0.4113295281905130
2_659,0.4141705394871850
2_660,0.41643026331439500
2_661,0.31190059696809000
2_662,0.21025042309066900
2_663,0.20904369083474300
2_664,0.3096910721004560
2_665,0.3063920915774050
2_666,0.4070368274810420
2_667,0.40732619766093800
2_668,0.40327360847915000
2_669,0.4021203291611640
2_670,0.4023715765086740
2_671,0.5036838874246540
2_672,0.5026742200919540
2_673,0.39947455669328600
2_674,0.39843732947686400
2_675,0.2951102557483110
2_676,0.29313430827479500
2_677,0.2956967167523710
2_678,0.29560947530598700
2_679,0.2978264504711170
2_680,0.1977748563101090
2_681,0.20079304736429600
2_682,0.20438877165296700
2_683,0.20766750003592900
2_684,0.20985531085597500
2_685,0.3131211239131920
2_686,0.31291192547373500
2_687,0.315317658749355
2_688,0.4164411034023670
2_689,0.41952463741297200
2_690,0.4241057356982060
2_691,0.4290448617169650
2_692,0.43344797413318900
2_693,0.4391586509524070
2_694,0.3413898218918490
2_695,0.33957634260024300
2_696,0.3400285618222010
2_697,0.23888374554886500
2_698,0.23421612689917300
2_699,0.22801882060959700
2_700,0.32297743114669200
2_701,0.3162745830192900
2_702,0.31023266989339700
2_703,0.30435958710396100
2_704,0.3048148767717000
2_705,0.3009387296415560
2_706,0.30060019181105800
2_707,0.3009538471498170
2_708,0.3010900709363850
2_709,0.19790944221561600
2_710,0.19674493550500500
2_711,0.19356477898274300
2_712,0.1924719003844430
2_713,0.19230042235297100
2_714,0.1913469932436200
2_715,0.19324030193106200
2_716,0.19820275281229800
2_717,0.2042228907001760
2_718,0.21311857740257300
2_719,0.21809971177233900
2_720,0.23455856237716200
2_721,0.25073412914696700
2_722,0.26407186635273900
2_723,0.27829941046886600
2_724,0.2947038667786230
2_725,0.3057394102432230
2_726,0.30994587379375700
2_727,0.3160233405458660
2_728,0.33764582369064800
2_729,0.34556588693154300
2_730,0.35076653442842900
2_731,0.3512336793502760
2_732,0.3524810197438420
2_733,0.347912955165476
2_734,0.34087879949716700
2_735,0.3363770077891730
2_736,0.33034228741905400
2_737,0.4072550297955300
2_738,0.39766747699815700
2_739,0.38086779242127200
2_740,0.3696409301040630
2_741,0.35349887557009000
2_742,0.4433421948321740
2_743,0.43456689065156500
2_744,0.4331479839807600
2_745,0.4265420130749300
2_746,0.4259782721949790
2_747,0.4149641446823160
2_748,0.41542175726166100
2_749,0.4124395261264640
2_750,0.4177940105377280
2_751,0.31892237992291300
2_752,0.32468308535286600
2_753,0.42377771664118700
2_754,0.42757183318080300
2_755,0.3295474265849400
2_756,0.3376180680202510
2_757,0.341419743422014
2_758,0.34821969696359500
2_759,0.35168593513101400
2_760,0.3526577675646990
2_761,0.3520291107377610
2_762,0.254953037341414
2_763,0.25756190299213600
2_764,0.2606410477327320
2_765,0.2573129990195020
2_766,0.2559813654446250
2_767,0.35431563703414400
2_768,0.3529316147800840
2_769,0.4513065733088590
2_770,0.45390046843991000
2_771,0.45612548552814100
2_772,0.45379701480950100
2_773,0.45215422060507800
2_774,0.4504036134431410
2_775,0.45078850302210800
2_776,0.34978706074419300
2_777,0.35208959516833900
2_778,0.25596396320208000
2_779,0.2515246931834210
2_780,0.2492298491908630
2_781,0.2524482091797610
2_782,0.35270285022888400
2_783,0.35897659996341800
2_784,0.3643946386784370
2_785,0.3706496965852060
2_786,0.37393484053127500
2_787,0.3773872073457940
2_788,0.38460984010970300
2_789,0.390253319082604
2_790,0.392050675223891
2_791,0.29996315959913700
2_792,0.2995265150945520
2_793,0.394000916619561
2_794,0.3897003801621040
2_795,0.3869399772101640
2_796,0.38546353301624800
2_797,0.38154385106738700
2_798,0.3772158677493040
2_799,0.37697787505784600
2_800,0.37225735333127500
2_801,0.36776105441452400
2_802,0.3690027997670000
2_803,0.3678852842466690
2_804,0.3622431442959610
2_805,0.354619518399492
2_806,0.35023133068530000
2_807,0.3442012171041900
2_808,0.3334595672222140
2_809,0.3237489538174070
2_810,0.31701038954225600
2_811,0.2089722683987850
2_812,0.20436459209867100
2_813,0.20055366152059600
2_814,0.19949642568506500
2_815,0.1976140821181090
2_816,0.1959001655781470
2_817,0.19602639854715900
2_818,0.19733553452343700
2_819,0.20060959606513600
2_820,0.2031355171059570
2_821,0.30633488736666100
2_822,0.31104506744718600
2_823,0.3119872929799770
2_824,0.31494844981067200
2_825,0.3183130097055760
2_826,0.3182948550633430
2_827,0.32063041084685800
2_828,0.4190220663216230
2_829,0.4206986089353080
2_830,0.41953608018253
2_831,0.4201941628587710
2_832,0.4198947544682450
2_833,0.41768446921275600
2_834,0.418876780677919
2_835,0.4184930600491220
2_836,0.41859346918092800
2_837,0.3157351709541580
2_838,0.3107523966078530
2_839,0.20796916883991600
2_840,0.20257674549154400
2_841,0.19841533400923300
2_842,0.19516554681695300
2_843,0.18982812686182000
2_844,0.1904873817774570
2_845,0.1879678844546660
2_846,0.18889353778450300
2_847,0.19246791185843400
2_848,0.19230360491709100
2_849,0.295434094405551
2_850,0.29465547587571800
2_851,0.29403940567338000
2_852,0.2930246288670250
2_853,0.29059916487397600
2_854,0.28857224464154400
2_855,0.2875838719158010
2_856,0.282210274493233
2_857,0.2823084336976540
2_858,0.17874315601770300
2_859,0.18107992863933300
2_860,0.18074327396995000
2_861,0.18136971608548600
2_862,0.18368658780938200
2_863,0.18441063097788500
2_864,0.18528464279408700
2_865,0.2926771624314910
2_866,0.2926267262106180
2_867,0.39713048622772100
2_868,0.3998891515223310
2_869,0.4029077836038500
2_870,0.40779395725585400
2_871,0.41033865146312100
2_872,0.41425256937519800
2_873,0.4147923976879100
2_874,0.3110554571855550
2_875,0.30967173561861500
2_876,0.20342077149248200
2_877,0.19625921050637600
2_878,0.19067414634169900
2_879,0.18291810685003800
2_880,0.17494982982351300
2_881,0.1654042353957420
2_882,0.15945929319292300
2_883,0.26158623195333300
2_884,0.26108736662001800
2_885,0.2627523448877330
2_886,0.2630128485127120
2_887,0.2675198880167020
2_888,0.27255701821928500
2_889,0.38038795995945100
2_890,0.38721369868730900
2_891,0.4974373458767660
2_892,0.39631199315859700
2_893,0.39724223291652000
2_894,0.3996660240671430
2_895,0.40672442292959500
2_896,0.4094092813049840
2_897,0.4089041300716250
2_898,0.31044388677037700
2_899,0.31440771818280700
2_900,0.21702098879013300
2_901,0.22095374018825900
2_902,0.22219390511117900
2_903,0.2237012393890280
2_904,0.2227252977343830
2_905,0.22281462359243700
2_906,0.22639867771071500
2_907,0.2285353691749000
2_908,0.23252226099506800
2_909,0.33202227558767100
2_910,0.3285618113545440
2_911,0.3348612587162060
2_912,0.3386225587205830
2_913,0.3436829057730270
2_914,0.3461745747811520
2_915,0.34778319781103700
2_916,0.44795699611151000
2_917,0.44332530623858900
2_918,0.33732337116148500
2_919,0.4423918672668800
2_920,0.4363890272703290
2_921,0.431309477699865
2_922,0.424142823366842
2_923,0.41759449239357600
2_924,0.41012551870349200
2_925,0.3009152113820040
2_926,0.2962801208744590
2_927,0.2945174524813530
2_928,0.1855218145202630
2_929,0.18628736779697000
2_930,0.18692379088117700
2_931,0.18805725039490200
2_932,0.19162871700777200
2_933,0.19650707872797700
2_934,0.2039810696673180
2_935,0.20509569411658600
2_936,0.2093670040447050
2_937,0.31627752753150400
2_938,0.3172126053442440
2_939,0.31677985679640500
2_940,0.3178155600249710
2_941,0.32049040507867500
2_942,0.32433750671727800
2_943,0.3228351495287220
2_944,0.33107768684964200
2_945,0.33158351146049400
2_946,0.23615859420587000
2_947,0.24431215481643600
2_948,0.2537566030577470
2_949,0.26176702961132500
2_950,0.2647252682865190
2_951,0.2680487917900830
2_952,0.3669487173673820
2_953,0.35888095392796900
2_954,0.357986070811188
2_955,0.34714424736757600
2_956,0.43886747263254600
2_957,0.42569078822858800
2_958,0.5179051389510910
2_959,0.5174486740793880
2_960,0.5147192362008220
2_961,0.41872076830456900
2_962,0.42974277906217200
2_963,0.4353614610646940
2_964,0.44809921822348300
2_965,0.35611410504090800
2_966,0.3681525761003840
2_967,0.27805715634205
2_968,0.27834408735819400
2_969,0.27728734672715300
2_970,0.27495613284252600
2_971,0.265992869971854
2_972,0.26061935861136900
2_973,0.2527760018677280
2_974,0.24549742078487400
2_975,0.24128333856844300
2_976,0.22941584613517600
2_977,0.22231430350879600
2_978,0.21329977098598600
2_979,0.20725309278000200
2_980,0.20080125442914100
2_981,0.1970905573432140
2_982,0.1957159397721060
2_983,0.19741680120923100
2_984,0.19695248585115200
2_985,0.19812553893801900
2_986,0.20095365664528000
2_987,0.20758889182333600
2_988,0.2069227281608940
2_989,0.20985121221785500
2_990,0.2080912354601050
2_991,0.20983041175868800
2_992,0.2083689901159410
2_993,0.2038439848484290
2_994,0.20755476176759100
2_995,0.2061399679454310
2_996,0.2037442781996560
2_997,0.2101022741280620
2_998,0.21253701612421800
2_999,0.3203216208220930
2_1000,0.3215194484519140
2_1001,0.3278362738378700
2_1002,0.33481700638451300
2_1003,0.33810174467676000
2_1004,0.3498365994047160
2_1005,0.36395828702761100
2_1006,0.37279066581916500
2_1007,0.38784815076756100
2_1008,0.3000112769750580
2_1009,0.31196528252125900
2_1010,0.3182323399850960
2_1011,0.3215366903104050
2_1012,0.32088990309877700
2_1013,0.31033739091831400
2_1014,0.2973084691169980
2_1015,0.2839056670931270
2_1016,0.26693054538735200
2_1017,0.24812253263968800
2_1018,0.2297261273052860
2_1019,0.3172512488662800
2_1020,0.30461034810325500
2_1021,0.2998922496782880
2_1022,0.39820450920736500
2_1023,0.39824644308641400
2_1024,0.5010524638089870
2_1025,0.5082452110105670
2_1026,0.5188259325283340
2_1027,0.5272465949048410
2_1028,0.4274768078543610
2_1029,0.42910091410796900
2_1030,0.42526670366958
2_1031,0.32472970080162100
2_1032,0.321998524095098
2_1033,0.21953500805052000
2_1034,0.21126622619767600
2_1035,0.30709929341080800
2_1036,0.29897242130238200
2_1037,0.29403703718811000
2_1038,0.29460518542511500
2_1039,0.2952733269221520
2_1040,0.29568841352577900
2_1041,0.298400772114784
2_1042,0.3020331226995750
2_1043,0.4057408406706140
2_1044,0.3036943597778980
2_1045,0.309369248791994
2_1046,0.31276630439747800
2_1047,0.3134247128202840
2_1048,0.31677335313166900
2_1049,0.41685639784621300
2_1050,0.41581319064111800
2_1051,0.41344902605862000
2_1052,0.3131310383070570
2_1053,0.4121567379203030
2_1054,0.40847324483667300
2_1055,0.4159826906711740
2_1056,0.4254610445859220
2_1057,0.43345909389640500
2_1058,0.34314798630628500
2_1059,0.3516975746608560
2_1060,0.35863063092930000
2_1061,0.36869653205036400
2_1062,0.37062817394755
2_1063,0.3841158378384980
2_1064,0.3881042376917760
2_1065,0.38862232460035500
2_1066,0.4811920408335870
2_1067,0.47813940412219300
2_1068,0.4791579445314470
2_1069,0.48401682690132300
2_1070,0.5758282759343680
2_1071,0.4869219275611130
2_1072,0.5776672072934090
2_1073,0.6694632432710770
2_1074,0.6691520615070660
2_1075,0.5833152083109230
2_1076,0.6012338851549460
2_1077,0.6082530887907690
2_1078,0.620994622199343
2_1079,0.5323858355647360
2_1080,0.5397717653275480
2_1081,0.45623522837759300
2_1082,0.3731054217304300
2_1083,0.38259380292399100
2_1084,0.3838600569690430
2_1085,0.37243858676051900
2_1086,0.36960079519489100
2_1087,0.35431645310712400
2_1088,0.3481003981184120
2_1089,0.33408194819074700
2_1090,0.32001413834851500
2_1091,0.30487137566858100
2_1092,0.2889654881126530
2_1093,0.27280986476543200
2_1094,0.26281209145186600
2_1095,0.25083751569668200
2_1096,0.24615529861971100
2_1097,0.24082446865615000
2_1098,0.2329618198484740
2_1099,0.22701743959516800
2_1100,0.22358981844143800
2_1101,0.2219988718654220
2_1102,0.2213545579835640
2_1103,0.2162142802731730
2_1104,0.2136044887365590
2_1105,0.21070392496975200
2_1106,0.21131368484381200
2_1107,0.211621012122493
2_1108,0.20894662564725900
2_1109,0.30678788882941900
2_1110,0.30025803894580500
2_1111,0.29883380403469500
2_1112,0.30146418240703600
2_1113,0.30311585695613700
2_1114,0.30437375848805100
2_1115,0.30259901783854400
2_1116,0.3055097399341810
2_1117,0.31066931553807900
2_1118,0.21076094167752800
2_1119,0.22240552789933400
2_1120,0.23096852755274700
2_1121,0.23101303799486300
2_1122,0.23011789061677600
2_1123,0.2271914357021860
2_1124,0.22206429909381600
2_1125,0.21721372720783100
2_1126,0.21237523681068200
2_1127,0.20894529052345700
2_1128,0.19878404765729600
2_1129,0.18981700009006800
2_1130,0.1873101408666270
2_1131,0.1849767063253480
2_1132,0.18457251431818400
2_1133,0.28981204246730900
2_1134,0.2938435387796390
2_1135,0.30067106895278100
2_1136,0.40944872200764100
2_1137,0.42201543968944300
2_1138,0.4317398010277970
2_1139,0.44069924646852800
2_1140,0.44861887694702500
2_1141,0.4574103552634460
2_1142,0.45742981098176300
2_1143,0.46479909673474100
2_1144,0.4687594073772350
2_1145,0.37405057313887200
2_1146,0.376973630782763
2_1147,0.38049254765549100
2_1148,0.38762460232015900
2_1149,0.398349142942806
2_1150,0.41167364462905300
2_1151,0.3325410265567280
2_1152,0.34645275743261400
2_1153,0.360049288077803
2_1154,0.3694182249696350
2_1155,0.4623867878306510
2_1156,0.4642339235789430
2_1157,0.46439891359470300
2_1158,0.45627095939571000
2_1159,0.44431291674998000
2_1160,0.4320794870483020
2_1161,0.41778989651430100
2_1162,0.5021081382529760
2_1163,0.48710429580577400
2_1164,0.38583501752045500
2_1165,0.376509272221367
2_1166,0.4657701168782670
2_1167,0.46075730481745900
2_1168,0.4536813488635240
2_1169,0.4440248540658530
2_1170,0.43577356195774800
2_1171,0.33080044882861300
2_1172,0.43084147250929900
2_1173,0.5309625081752670
2_1174,0.5306935588058090
2_1175,0.43253667350508300
2_1176,0.4324487450387320
2_1177,0.4346311793494320
2_1178,0.44235186015972400
2_1179,0.45067080838371800
2_1180,0.4570495260553380
2_1181,0.3585976314387260
2_1182,0.2624172391645530
2_1183,0.2659999895070350
2_1184,0.2688193334167370
2_1185,0.2750007698245120
2_1186,0.2754091373004730
2_1187,0.27090407297493100
2_1188,0.2658176452325170
2_1189,0.26006549617253500
2_1190,0.36012855999599000
2_1191,0.3555245458243500
2_1192,0.3508924573464550
2_1193,0.34568352452057800
2_1194,0.3393447017831810
2_1195,0.3365863861636070
2_1196,0.3364400967147350
2_1197,0.3379145816267580
2_1198,0.44150224303400300
2_1199,0.34251686920264900
2_1200,0.34163283960599900
2_1201,0.3432125623144270
2_1202,0.344911968166991
2_1203,0.44657588822214900
2_1204,0.44941201219699
2_1205,0.45016834872100000
2_1206,0.45111522844643300
2_1207,0.3629932812515250
2_1208,0.3757197963042300
2_1209,0.40076488746052300
2_1210,0.4301010739084290
3_173,0.304588790158405
3_174,0.27165745772362200
3_175,0.24979092712476200
3_176,0.23287334618398500
3_177,0.21951849058010100
3_178,0.21891991076889400
3_179,0.11182008223719300
3_180,0.11467130434207100
3_181,0.11514002229173800
3_182,0.11536074565894300
3_183,0.11845145899020400
3_184,0.12553232121169600
3_185,0.1289887240843140
3_186,0.13263023226034700
3_187,0.1400699201758090
3_188,0.14546079762728100
3_189,0.14644061469493400
3_190,0.14639884367563900
3_191,0.1453430463782250
3_192,0.2504070615808860
3_193,0.3489941505592150
3_194,0.3402987506528800
3_195,0.3310405997488490
3_196,0.4358041282225700
3_197,0.4286797438443950
3_198,0.4217485303185830
3_200,0.41649864981493500
3_201,0.4093462125898730
3_202,0.2987552419302220
3_203,0.1899787658655940
3_204,0.19216391836192100
3_205,0.19449799442889600
3_206,0.19611667677546100
3_207,0.19812256259001800
3_208,0.2031915308851650
3_209,0.20542009663744600
3_210,0.212388057219411
3_211,0.21358216397548600
3_212,0.21097292335514300
3_213,0.21467959454086900
3_214,0.21841706686634700
3_215,0.1067692870951280
3_216,0.1028952925814150
3_217,0.09709520902341200
3_218,0.09323846779475930
3_219,0.20256396878206400
3_220,0.1983189044327500
3_221,0.1974437324002700
3_222,0.19357877642300000
3_223,0.1915462340150080
3_224,0.18513564350004600
3_225,0.1832249611901690
3_226,0.18075726208027800
3_227,0.18330965730171400
3_228,0.06601102054038670
3_229,0.06411237766091850
3_230,0.06263433680635900
3_231,0.058186889126765800
3_232,0.053917769671693300
3_233,0.0533590800149919
3_234,0.05387331120650880
3_235,0.053721557024395500
3_236,0.04931221242730660
3_237,0.05028881099649890
3_238,0.05257404736714220
3_239,0.0531013895706477
3_240,0.055719579498524100
3_241,0.05687861111250880
3_242,0.05850093066025960
3_243,0.06113577988487850
3_244,0.064529136660296
3_245,0.06928171215297440
3_246,0.07227903224909700
3_247,0.07341873949553170
3_248,0.07522803792617620
3_249,0.07591881759394700
3_250,0.07727877150704750
3_251,0.08191484760105340
3_252,0.08116741348968090
3_253,0.08173815488297100
3_254,0.08154365368987930
3_255,0.07921806671486060
3_256,0.07703975840875620
3_257,0.07716809662845250
3_258,0.07414797708151870
3_259,0.0720996954727972
3_260,0.06448966341063810
3_261,0.17831764692994500
3_262,0.17408705953026800
3_263,0.16945444811337100
3_264,0.16830640190626300
3_265,0.16694637290775000
3_266,0.1636928476123040
3_267,0.16382640827150600
3_268,0.16143444289119400
3_269,0.16367480201124700
3_270,0.04631913357296380
3_271,0.04870406216870070
3_272,0.051041624214430300
3_273,0.05380111409894890
3_274,0.05658281946742740
3_275,0.059171870920725900
3_276,0.062482309116137000
3_277,0.06667472813922520
3_278,0.06660759561346790
3_279,0.06877809000854060
3_280,0.06867697558136370
3_281,0.0676309202525305
3_282,0.06642119462599890
3_283,0.06555317231555350
3_284,0.06468487271146620
3_285,0.06421668820635510
3_286,0.06145551960910840
3_287,0.06103732733764080
3_288,0.06327590709019020
3_289,0.06556715091194320
3_290,0.06775074461502740
3_291,0.06891860170179310
3_292,0.07186338613832870
3_293,0.18922797341137600
3_294,0.19029024586141300
3_295,0.1968423575805440
3_296,0.1988443765081900
3_297,0.19697440221472900
3_298,0.1978730815003450
3_299,0.20158633056153200
3_300,0.20195351174758700
3_301,0.20310944103034700
3_302,0.09559241369874420
3_303,0.10507204951006700
3_304,0.10691483620937400
3_305,0.11405010796623100
3_306,0.11758264860228800
3_307,0.11922066533103800
3_308,0.1176292165660060
3_309,0.12248912688609800
3_310,0.12584909049172200
3_311,0.1170235970452750
3_312,0.10470336405875700
3_313,0.09583673956677550
3_314,0.08439685226060760
3_315,0.08019868538334030
3_316,0.07994495034896130
3_317,0.0773997991384224
3_318,0.07881616382870710
3_319,0.07913052944877790
3_320,0.08383967780518080
3_321,0.08819806973258270
3_322,0.09474552430751370
3_323,0.10453999359833000
3_324,0.11350936753843700
3_325,0.11605140290305500
3_326,0.1261246825101210
3_327,0.23315213890987600
3_328,0.23810599146637100
3_329,0.24515174600365700
3_330,0.2519168615795760
3_331,0.257620262848032
3_332,0.25779654183640500
3_333,0.254187386642692
3_334,0.25874777863157500
3_335,0.2605922118251440
3_336,0.16094260263218700
3_337,0.16474462725124300
3_338,0.16290020001516600
3_339,0.16299476472594000
3_340,0.16153738596585900
3_341,0.15955393341730300
3_342,0.15692617405678500
3_343,0.1462284285398710
3_344,0.2536303304336970
3_345,0.23628311660049300
3_346,0.22210241854931700
3_347,0.21367610257192200
3_348,0.2046017263008810
3_349,0.1973195821418140
3_350,0.19121331146966400
3_351,0.1891103193078010
3_352,0.19093494397251500
3_353,0.07318785964982070
3_354,0.07597211015592510
3_355,0.07593127086062340
3_356,0.07572593759986440
3_357,0.0733800362837775
3_358,0.07054216745547910
3_359,0.0698554125936282
3_360,0.06748018677624800
3_361,0.1811633612323430
3_362,0.1762951992135460
3_363,0.1726151362065240
3_364,0.16879732808639500
3_365,0.16457252275958600
3_366,0.16338857064615500
3_367,0.16314564742456800
3_368,0.16376303427950700
3_369,0.16492802145132000
3_370,0.04760026923727880
3_371,0.04794947221334700
3_372,0.0472212359184441
3_373,0.04569653011442610
3_374,0.04501218094724610
3_375,0.04380952393058660
3_376,0.04144937534722960
3_377,0.03997906420521100
3_378,0.038995551532547000
3_379,0.038247563397427800
3_380,0.039635030532001100
3_381,0.042331143957033100
3_382,0.15948798741052500
3_383,0.16321775748832400
3_384,0.16591677041395500
3_385,0.16925858233380800
3_386,0.17034841146773500
3_387,0.17135935539520000
3_388,0.17172627770174300
3_389,0.17120815641788
3_390,0.17206186696901600
3_391,0.05933749312314600
3_392,0.0595920505394199
3_393,0.06488435307179320
3_394,0.07133508228839260
3_395,0.07888882304925130
3_396,0.08632031873935790
3_397,0.09858130281492600
3_398,0.10486228954363700
3_399,0.1107602866910560
3_400,0.11386392006868000
3_401,0.11933583067488500
3_402,0.11866126500814400
3_403,0.1144262059275810
3_404,0.1107994746215290
3_405,0.10659409268680600
3_406,0.09770874433131280
3_407,0.09594231127790040
3_408,0.09408644430848440
3_409,0.09090872710199820
3_410,0.08420347782736720
3_411,0.08127223747002790
3_412,0.0841662844509801
3_413,0.08232814166348700
3_414,0.0805430374013771
3_415,0.07857686167793630
3_416,0.07555950216394190
3_417,0.07082462117983380
3_418,0.06977346797186550
3_419,0.06953313819999730
3_420,0.1844580614494580
3_421,0.1781968598593150
3_422,0.1761979503381130
3_423,0.17332612015640200
3_424,0.17202613811436200
3_425,0.17251022178673000
3_426,0.17469156360634000
3_427,0.17507982491159900
3_428,0.2934167338915200
3_429,0.2929459687588300
3_430,0.29689258983400600
3_431,0.30046269749994200
3_432,0.3050363987208510
3_433,0.30792978622963200
3_434,0.3097287213509130
3_435,0.3105453611080310
3_436,0.3138874180490650
3_437,0.20008521235530100
3_438,0.08668713119427450
3_439,0.08271865699619890
3_440,0.19414669616032500
3_441,0.18941040952493900
3_442,0.18450361892964300
3_443,0.17910964306409400
3_444,0.17210633006374200
3_445,0.164211510754245
3_446,0.15679541869625000
3_447,0.15452279532291600
3_448,0.15228814110013400
3_449,0.03698131951480450
3_450,0.15640396416773100
3_451,0.16047724390185700
3_452,0.1655839881597540
3_453,0.172345950448654
3_454,0.2904238088976790
3_455,0.29522512163018000
3_456,0.2966506620581450
3_457,0.29852543457348500
3_458,0.2991980793801890
3_459,0.1815434957882860
3_460,0.18088890400807300
3_461,0.17885605221365700
3_462,0.17853701592004700
3_463,0.06868325346714390
3_464,0.07227156461042150
3_465,0.18664803033707300
3_466,0.1930474178923090
3_467,0.20132835307557300
3_468,0.2080476408283240
3_469,0.21268452498077900
3_470,0.21889006676392300
3_471,0.22122647914813400
3_472,0.22110368986415000
3_473,0.2250074920133210
3_474,0.116727608801374
3_475,0.11929944139265000
3_476,0.12050679050857800
3_477,0.12377479188121400
3_478,0.12847158727711400
3_479,0.1320829791856880
3_480,0.13907709524127800
3_481,0.14605364341464400
3_482,0.14957623152309600
3_483,0.15333335555403800
3_484,0.2630994769322160
3_485,0.26522065740811900
3_486,0.25946986116610500
3_487,0.2544978834681490
3_488,0.24543690971805100
3_489,0.23522952191539900
3_490,0.22586017620931700
3_491,0.21414599581683000
3_492,0.20226983198088800
3_493,0.08545799244985570
3_494,0.07559682333037030
3_495,0.07444227808353950
3_496,0.07223910409395840
3_497,0.07310117472440490
3_498,0.07529900443443310
3_499,0.07493333904314540
3_500,0.0746853119335101
3_501,0.07486716873438940
3_502,0.0744235184413843
3_503,0.07317669501627890
3_504,0.07141534047223300
3_505,0.06957465847740390
3_506,0.06651126628626040
3_507,0.06272293697475690
3_508,0.06179930216433260
3_509,0.062078738351969900
3_510,0.062431730888804000
3_511,0.17757201970142700
3_512,0.18100043262801000
3_513,0.18319950112397100
3_514,0.29700187763044600
3_515,0.4125423840139670
3_516,0.41888605879421000
3_517,0.42290505798450300
3_518,0.4236855546141190
3_519,0.4231015117068640
3_520,0.3052897723207440
3_521,0.3000022984347690
3_522,0.29461458198805800
3_523,0.17817381534865200
3_524,0.0634580875856069
3_525,0.058307605287178700
3_526,0.05475335085006830
3_527,0.0533643993679049
3_528,0.05492781943524550
3_529,0.05913325966018450
3_530,0.1748977934287110
3_531,0.18019596929805800
3_532,0.18567870030736100
3_533,0.19114139773526600
3_534,0.19305152614173800
3_535,0.1956796297924940
3_536,0.19791113566666100
3_537,0.1969293537495350
3_538,0.19323484702619400
3_539,0.07759310801171170
3_540,0.074009755703717
3_541,0.06902850418997370
3_542,0.06467433525630180
3_543,0.06242980731967880
3_544,0.05909302804320610
3_545,0.055971839744556800
3_546,0.05366587717526820
3_547,0.05422956045568730
3_548,0.055018216568633700
3_549,0.05402171106033910
3_550,0.0541760334999434
3_551,0.053345380402418400
3_552,0.05264934040416590
3_553,0.050755559022247400
3_554,0.04989486848081140
3_555,0.0494718402867692
3_556,0.048419050870263300
3_557,0.04715308787385470
3_558,0.04665187735287350
3_559,0.04764750663350270
3_560,0.16304591086467400
3_561,0.16422110050599600
3_562,0.16663737319195700
3_563,0.16978554905665600
3_564,0.1757639906359950
3_565,0.18011470003208800
3_566,0.2965370787553880
3_567,0.3009784929931730
3_568,0.30599948956377300
3_569,0.19521603102454700
3_570,0.1961850436058430
3_571,0.19986419016746600
3_572,0.20428546688011900
3_573,0.20417132665636600
3_574,0.20584077213937600
3_575,0.09298476611909140
3_576,0.0935175050200613
3_577,0.10003540321369500
3_578,0.10386909821787700
3_579,0.11129887781133300
3_580,0.12323844475477900
3_581,0.1403622764501320
3_582,0.16189332829313000
3_583,0.18124168371851700
3_584,0.21366854912966100
3_585,0.22946363146027100
3_586,0.23037412333689
3_587,0.25035595791628000
3_588,0.29232444731245300
3_589,0.3030753563819550
3_590,0.2930549074157600
3_591,0.27111316444694500
3_592,0.24685177033327200
3_593,0.2139051931092970
3_594,0.2012946793858990
3_595,0.19541447982143900
3_596,0.17278470735346700
3_597,0.13218539744616700
3_598,0.12322474860848000
3_599,0.132611243451536
3_600,0.1512209762556730
3_601,0.16404044583540000
3_602,0.17126015918602700
3_603,0.18352435279110800
3_604,0.1889545365495290
3_605,0.29870755199800300
3_606,0.4033072427871040
3_607,0.3941320251506680
3_608,0.3804038735488830
3_609,0.3645457297082940
3_610,0.3560382417105320
3_611,0.3551285987836790
3_612,0.3388667125689550
3_613,0.3299675814747900
3_614,0.22040144043905300
3_615,0.10646434879062600
3_616,0.10075124059905800
3_617,0.09446665535784300
3_618,0.09629308864938360
3_619,0.20907581312555500
3_620,0.31735153293002800
3_621,0.3201363936843890
3_622,0.32041969283798600
3_623,0.3181897189396200
3_624,0.31982667910265600
3_625,0.32235171920012800
3_626,0.3229721854145150
3_627,0.31797959903375600
3_628,0.20757786840095400
3_629,0.0935164831768544
3_630,0.08974881692454880
3_631,0.08813729766126450
3_632,0.08587159658306700
3_633,0.08171051155850040
3_634,0.07773603089311150
3_635,0.07751842480307240
3_636,0.19007396355743300
3_637,0.18945444877260400
3_638,0.1940950481678570
3_639,0.19774263223222300
3_640,0.20000206514350300
3_641,0.20353596028649700
3_642,0.20835028652789900
3_643,0.3227355020505540
3_644,0.32182616977492400
3_645,0.2082746036646350
3_646,0.20567693967971300
3_647,0.2036574521774340
3_648,0.3160128359739840
3_649,0.4294066048275820
3_650,0.4277261055178830
3_651,0.4278441120907400
3_652,0.316066968400002
3_653,0.31830965185818900
3_654,0.32048418482144400
3_655,0.3227649438938360
3_656,0.32460644802267000
3_657,0.21152020128078800
3_658,0.09854574615396400
3_659,0.09940316295294750
3_660,0.0997142074321908
3_661,0.10307124604644000
3_662,0.10482127270706800
3_663,0.11156280966822700
3_664,0.11379118787862200
3_665,0.1151471449585720
3_666,0.11948400569462800
3_667,0.12476283594369700
3_668,0.1292720146132310
3_669,0.13346345475139200
3_670,0.13453394458166200
3_671,0.13753237402920500
3_672,0.13880040836343300
3_673,0.14318412477045600
3_674,0.14423760777823000
3_675,0.14376715667484700
3_676,0.14162914837491900
3_677,0.1380935541824110
3_678,0.1322740333211260
3_679,0.1251486841807230
3_680,0.11910393945747200
3_681,0.10683792206869400
3_682,0.09636289276117670
3_683,0.09166229852412530
3_684,0.08676129255686050
3_685,0.08402178979268380
3_686,0.19414528676489800
3_687,0.19439500679700500
3_688,0.19850207826146400
3_689,0.19956169042890700
3_690,0.20276898547160200
3_691,0.31797959309025500
3_692,0.31909410518228900
3_693,0.3204930062595170
3_694,0.3211737994761280
3_695,0.21475486109042300
3_696,0.3277165648693040
3_697,0.3312246748579510
3_698,0.33797843155832600
3_699,0.3465397721658610
3_700,0.2409840737040140
3_701,0.24560642758143600
3_702,0.24839933783044800
3_703,0.24976169359486700
3_704,0.24842276629879700
3_705,0.14166701255330700
3_706,0.24928754444868800
3_707,0.24993212814099100
3_708,0.24874654300553700
3_709,0.35564686132245800
3_710,0.360422436640084
3_711,0.4689397874693700
3_712,0.4757761481860240
3_713,0.47896869935626100
3_714,0.5852553560948570
3_715,0.4727715750429290
3_716,0.4649985989287590
3_717,0.457445040959844
3_718,0.34202893959598800
3_719,0.33031894955857900
3_720,0.3290249275994730
3_721,0.3183962407646230
3_722,0.308968495353128
3_723,0.1952772664857690
3_724,0.19132008026657400
3_725,0.19064287539948600
3_726,0.1926494871183770
3_727,0.19581111033181600
3_728,0.19588044747479300
3_729,0.0823567774203969
3_730,0.087154735119458
3_731,0.201590597516634
3_732,0.20345594806778100
3_733,0.208180635829241
3_734,0.32270857819389600
3_735,0.3230523175394840
3_736,0.3241910883021560
3_737,0.3270357117417490
3_738,0.32939221383596800
3_739,0.3238822653421190
3_740,0.2092571877870420
3_741,0.2053917441788930
3_742,0.19867727382362200
3_743,0.0779394566598622
3_744,0.0695620285411376
3_745,0.059484938823981700
3_746,0.0535311631671756
3_747,0.0513363014518052
3_748,0.053557275944298200
3_749,0.05634604169335880
3_750,0.060119631064664900
3_751,0.0631255511030836
3_752,0.06624692819125320
3_753,0.06868489504585690
3_754,0.070388014571512
3_755,0.07011776175230760
3_756,0.0674211854158694
3_757,0.06163082119862840
3_758,0.054917533375344800
3_759,0.05175380949899000
3_760,0.0511783895452354
3_761,0.052575790985137100
3_762,0.05574581920354020
3_763,0.058496585850752300
3_764,0.06263443684933410
3_765,0.0654874784545547
3_766,0.06904093655787370
3_767,0.07363198470982090
3_768,0.07483469503312250
3_769,0.07845767506080410
3_770,0.08148999642248060
3_771,0.08170093817180410
3_772,0.19458072748840200
3_773,0.19610241524809400
3_774,0.19742462266765900
3_775,0.1977335058124100
3_776,0.20205875031100900
3_777,0.20255799100846600
3_779,0.19952639928574300
3_780,0.19561608291887800
3_781,0.19344922079978300
3_782,0.08091104047199100
3_783,0.07613223317121670
3_784,0.1882726194514390
3_785,0.18425057893761000
3_786,0.1776033448054760
3_787,0.29018825206083800
3_788,0.2882027060277860
3_789,0.28800954154386500
3_790,0.28685639543289000
3_791,0.28467994302030200
3_792,0.2828981532554280
3_793,0.1693099915221740
3_794,0.16863103515225700
3_795,0.2824906947487460
3_796,0.16749140239653100
3_797,0.16898178227268100
3_798,0.16727910082688200
3_799,0.16741345881135600
3_800,0.282485678654168
3_801,0.28252504389946700
3_802,0.2793285892390670
3_803,0.2795212985560530
3_804,0.16433245698913800
3_805,0.1683710846086480
3_806,0.16473300157226300
3_807,0.1660142831651330
3_808,0.1638698830630260
3_809,0.04736821499658270
3_810,0.04926060438105980
3_811,0.04966847444086510
3_812,0.04888456226414270
3_813,0.049704296379442900
3_814,0.043733185766973500
3_815,0.0480788125977356
3_816,0.16304343883107000
3_817,0.16465252725619500
3_819,0.16738672136682600
3_820,0.16592492806306500
3_821,0.16621251841920800
3_822,0.16735279293440700
3_823,0.1701947137129080
3_824,0.1712029747703110
3_825,0.1685545010248240
3_826,0.05224810442878820
3_827,0.05168228014387580
3_829,0.0503533354525445
3_830,0.050088758853980800
3_831,0.0500205700862307
3_832,0.05021153316286940
3_833,0.16189469303527000
3_834,0.16766884452580300
3_835,0.16887754975065700
3_836,0.1711617044512550
3_838,0.17756824685215900
3_839,0.18027561834133500
3_840,0.18362701221494600
3_841,0.18834743177949500
3_842,0.1948651733648400
3_843,0.08443090660444570
3_844,0.0815459194419998
3_846,0.08187785752016480
3_847,0.08364005458964710
3_848,0.08125638596166580
3_849,0.08415152834795240
3_850,0.08631882917510680
3_851,0.08696090421091530
3_852,0.08541784768972530
3_853,0.08678842239045270
3_854,0.08773040094400330
3_855,0.0903743851528915
3_856,0.0910801697487671
3_857,0.09198543617750540
3_858,0.20390291116957600
3_859,0.20273203728030300
3_860,0.20167498567611500
3_861,0.2009425923630410
3_862,0.20051405273335000
3_863,0.3138001800537930
3_864,0.31169629048759900
3_865,0.31226157693714800
3_866,0.30979863996675700
3_867,0.1945732546990440
3_868,0.19319281878143700
3_869,0.3047353174427190
3_871,0.3023760875322700
3_872,0.2995410682587230
3_873,0.18691902453988400
3_874,0.18605110821068100
3_875,0.18352211394310600
3_876,0.18335614557925500
3_877,0.2969930040507250
3_878,0.29582360293573400
3_879,0.1817550392463850
3_880,0.29632427726800300
3_881,0.2973824105342240
3_882,0.2957307377605730
3_884,0.2988137045703150
3_885,0.30033169417809500
3_886,0.3017509225175090
3_887,0.18783802851242400
3_888,0.187860041738465
3_889,0.191002050392833
3_890,0.075119821899639
3_891,0.07517507977136550
3_893,0.07583000318548830
3_894,0.07359591553357100
3_895,0.0719425357015832
3_896,0.07138296623571160
3_897,0.07021447930830460
3_898,0.07008811026919540
3_899,0.06744633585024220
3_901,0.06854340383159460
3_902,0.06612697752376
3_903,0.06374410213712310
3_904,0.06239394972125470
3_905,0.059701636074042000
3_906,0.05736853568661460
3_908,0.1744131253962430
3_909,0.1734849060785160
3_910,0.1716805851083320
3_912,0.16901320700375600
3_913,0.16831129163066200
3_914,0.2852171017430040
3_915,0.28659315038146300
3_916,0.2905258616197760
3_917,0.29314791687090400
3_918,0.1911066229683670
3_920,0.210805785457341
3_921,0.23704379044928100
3_922,0.2767065874498350
4_0,0.4105654941109660
4_1,0.37100616549746500
4_2,0.34365034989796800
4_3,0.3233370454003730
4_4,0.30855967637295400
4_5,0.40376612323518100
4_6,0.3913336914280300
4_7,0.3776806821739390
4_8,0.37108543570233400
4_9,0.2593105498942120
4_10,0.250009416482477
4_11,0.24387948521144400
4_12,0.24029815491541700
4_13,0.23747295165866700
4_14,0.13004513387879800
4_15,0.12624335326417000
4_16,0.12640323227899100
4_17,0.12409447307500800
4_18,0.12245333495029500
4_19,0.1257521115660310
4_20,0.12603703631747600
4_21,0.122421826098469
4_22,0.11995036581825200
4_23,0.1181678244520410
4_24,0.11876190458647700
4_25,0.11817885767526600
4_26,0.22883613373775700
4_27,0.22809015868284300
4_28,0.22468767851853200
4_29,0.22090734058129600
4_30,0.33013438937493400
4_31,0.4353595874182620
4_32,0.43279291495219600
4_33,0.43058102342188300
4_34,0.42751213548731200
4_35,0.3146991888594330
4_36,0.31446694003883800
4_37,0.31454975120160900
4_38,0.3128846475241950
4_39,0.20088618518381300
4_40,0.08804603136952310
4_41,0.08824616602213940
4_42,0.08849488729439370
4_43,0.09379980100757550
4_44,0.10138384100566000
4_45,0.11016272366570000
4_46,0.22041137225150800
4_47,0.22881441265350400
4_48,0.23773262234832200
4_49,0.24684862304208400
4_50,0.3562763196529930
4_51,0.35815024187546200
4_52,0.3564300946704550
4_53,0.3525368309932490
4_54,0.3463188056246910
4_55,0.23672196674442000
4_56,0.22908987458476800
4_57,0.2191598076868390
4_58,0.21174750910256900
4_59,0.10198079917687700
4_60,0.10014596237667700
4_61,0.20927534457922400
4_62,0.20500211979615800
4_63,0.31694104174672100
4_64,0.3161802277011710
4_65,0.3180584210726730
4_66,0.32191703001010400
4_67,0.32422456376868200
4_68,0.43614761203775800
4_69,0.4367878452144100
4_70,0.32433413060134200
4_71,0.32306753849138900
4_72,0.20786412024981300
4_73,0.2103433367565470
4_74,0.2112552185023730
4_75,0.32407719166403800
4_76,0.32383716346503800
4_77,0.21461617363956700
4_78,0.21378074299785900
4_79,0.2139648444032390
4_80,0.2196059695416220
4_81,0.22676799068610800
4_82,0.23448995022309200
4_83,0.24340858461303100
4_84,0.13646312369447900
4_85,0.24177892491644600
4_86,0.24514436851116900
4_87,0.2526900450654950
4_88,0.26045484164978200
4_89,0.26177047191668300
4_90,0.25585796371634700
4_91,0.24477537643653500
4_92,0.34617470005388800
4_93,0.33937393446932100
4_94,0.23688277448362200
4_95,0.23632724973539600
4_96,0.23657194252676900
4_97,0.23803597240199100
4_98,0.24342680901526100
4_99,0.25772923352171700
4_100,0.27537581969666800
4_101,0.17343036425456600
4_102,0.18085738881962800
4_103,0.1887168522024730
4_104,0.19378448335740600
4_105,0.19932684506344900
4_106,0.20429415218805600
4_107,0.20745435850155800
4_108,0.2026529291192050
4_109,0.1977186228190200
4_110,0.2966745729628680
4_111,0.3975772306091210
4_112,0.49675830733843500
4_113,0.4972751452020910
4_114,0.49172552798472400
4_115,0.48364752147064100
4_116,0.4769388765847380
4_117,0.4723297532968250
4_118,0.46404376063999500
4_119,0.46940785394348900
4_120,0.3640749260276550
4_121,0.25834237680634700
4_122,0.254253526638096
4_123,0.35509949415841000
4_124,0.35820447374165400
4_125,0.35861301258277000
4_126,0.36242866826273900
4_127,0.3685905139360520
4_128,0.26043625765191000
4_129,0.26284934455680600
4_130,0.2646475579621870
4_131,0.3696301885190520
4_132,0.2684819575698910
4_133,0.26658473713026200
4_134,0.26257590258393500
4_135,0.25955385237977800
4_136,0.2554688712240840
4_137,0.257828991780164
4_138,0.2579428933421300
4_139,0.25432177623330400
4_140,0.14890423811619300
4_141,0.14418104903643200
4_142,0.143977422123225
4_143,0.24920673714863800
4_144,0.25351030461871600
4_145,0.25553157123705000
4_146,0.25125625744746700
4_147,0.2482766596588790
4_148,0.24757054274034400
4_149,0.24453928722475700
4_150,0.2441908705689610
4_151,0.23952297347100000
4_152,0.1346905420447520
4_153,0.2367493605357220
4_154,0.33995453038882700
4_155,0.4457248118205820
4_156,0.4477261850817330
4_157,0.4507423124874600
4_158,0.4534987274914890
4_159,0.5592100490122080
4_160,0.5675549131351900
4_161,0.5791413186665950
4_162,0.4807407055423700
4_163,0.38113969122410900
4_164,0.2773463087111610
4_165,0.2780791010779060
4_166,0.2786599589188170
4_167,0.27978353033138500
4_168,0.28264323159244700
4_169,0.27389585402401000
4_170,0.2587897686933210
4_171,0.35730109709128200
4_172,0.3479515125492880
4_173,0.3401601840103990
4_174,0.33071694830017800
4_175,0.32228138372240200
4_176,0.31938943788423900
4_177,0.21168944987217800
4_178,0.21714841467857500
4_179,0.21931650336341500
4_180,0.11348977554817900
4_181,0.11424421016723200
4_182,0.11337845931317100
4_183,0.11166055344765300
4_184,0.11034968053291000
4_185,0.10530564988171100
4_186,0.09921601834705770
4_187,0.09334631895396510
4_188,0.09190485415619500
4_189,0.08907331203116990
4_190,0.09242128573368070
4_191,0.09949456726001270
4_192,0.11212200633466700
4_193,0.12081527250836600
4_194,0.12730874433793600
4_195,0.13519510725501100
4_196,0.14099034704789200
4_197,0.14763874336267500
4_198,0.1531567421815400
4_199,0.1543504820531990
4_200,0.15866495432842500
4_201,0.260670766777666
4_202,0.25959930970349300
4_203,0.2587036617561680
4_204,0.2568805932518960
4_205,0.2521360397255260
4_206,0.2473797209639330
4_207,0.24721815028546700
4_208,0.24879367742329400
4_209,0.25006133817141600
4_210,0.14737174156708200
4_211,0.15298429249499300
4_212,0.1566801386655000
4_213,0.2610103890492930
4_214,0.36545568415841300
4_215,0.3652827804069250
4_216,0.3625306324071670
4_217,0.3574102419042210
4_218,0.34956941698676000
4_219,0.34412437493815900
4_220,0.3357210692502690
4_221,0.3286096749401650
4_222,0.2193307963216400
4_223,0.11324924636157500
4_224,0.11194786382787600
4_225,0.10277502745833500
4_226,0.10375347460516600
4_227,0.10187995644550400
4_228,0.10762006412552300
4_229,0.1144156174843400
4_230,0.22218046244463400
4_231,0.23092460198518300
4_232,0.23936147607395300
4_233,0.24566849033607900
4_234,0.25996927521470800
4_235,0.2673130773444950
4_236,0.2795142730522650
4_237,0.2814518949804870
4_238,0.28520505250480400
4_239,0.18101040897809900
4_240,0.1789453231997240
4_241,0.27613384791073200
4_242,0.275867421880268
4_243,0.2747729615340190
4_244,0.3731621044387400
4_245,0.37362770382642900
4_246,0.3781268896992460
4_247,0.3791948805229610
4_248,0.3891478324292620
4_249,0.3993472105429240
4_250,0.3075089176517760
4_251,0.31819850584183500
4_252,0.3303047404271330
4_253,0.24077128673048000
4_254,0.24177358585421400
4_255,0.24346383058934900
4_256,0.24386142324713400
4_257,0.2385845122075190
4_258,0.23048415291693400
4_259,0.21963219784317500
4_260,0.20554729687122100
4_261,0.18746506881619400
4_262,0.16999830290287800
4_263,0.15928988858402200
4_264,0.14932354954028700
4_265,0.14060998931888300
4_266,0.13485710786606000
4_267,0.1312594667490130
4_268,0.2363900429512570
4_269,0.3413029291006600
4_270,0.33942826123365200
4_271,0.3349674484012970
4_272,0.3336823726025170
4_273,0.3326739601542450
4_274,0.32801996282368100
4_275,0.32478329184113800
4_276,0.32157156062683900
4_277,0.21442345755312100
4_278,0.10688032803469600
4_279,0.10648399150792400
4_280,0.1093721119328550
4_281,0.10816768426715900
4_282,0.10799307126422300
4_283,0.11220346182001100
4_284,0.1184572079453600
4_285,0.12486570334863500
4_286,0.1305990247299830
4_287,0.13695981799105200
4_288,0.14489552851510400
4_289,0.15408865183964400
4_290,0.16358964720029600
4_291,0.1673945096755200
4_292,0.1708414940496970
4_293,0.17322515216569100
4_294,0.17546240954615700
4_295,0.1788269389419360
4_296,0.18080168340750900
4_297,0.17939830537083500
4_298,0.17817800635986000
4_299,0.17542260345989300
4_300,0.17376440875818200
4_301,0.17333339976020100
4_302,0.1743261705150040
4_303,0.17748460889834200
4_304,0.1755606982525360
4_305,0.17867520101066600
4_306,0.18275109997548600
4_307,0.28395984169993700
4_308,0.2882117212268120
4_309,0.28981475725038000
4_310,0.2890045329967110
4_311,0.28828356685353800
4_312,0.28347006412435500
4_313,0.38556886584779400
4_314,0.37635763210840900
4_315,0.3709217230799880
4_316,0.2642987481485810
4_317,0.25462420302120900
4_318,0.24660905179362800
4_319,0.2388641205415380
4_320,0.2292380108054640
4_321,0.22091112931273700
4_322,0.11001352693744100
4_323,0.10674452565405200
4_324,0.10485002385007200
4_325,0.1061912109640370
4_326,0.21629662822217200
4_327,0.22417386173108000
4_328,0.2349063753022840
4_329,0.246118560627669
4_330,0.25990066611193100
4_331,0.2699267781245100
4_332,0.2817581476921590
4_333,0.293208323945384
4_334,0.29909897126500200
4_335,0.19228116720078100
4_336,0.18787818492473000
4_337,0.1845381273413230
4_338,0.17909078545225500
4_339,0.2763502547625620
4_340,0.37898972753307700
4_341,0.37370544863429900
4_342,0.3691866984257570
4_343,0.36942332854852900
4_344,0.4753011711356770
4_345,0.5838935381906950
4_346,0.5896801596477280
4_347,0.5953730514883650
4_348,0.49358398087284700
4_349,0.4905379213915240
4_350,0.5002204430231710
4_351,0.5067583383744910
4_352,0.5134230543327160
4_353,0.41716591093511200
4_354,0.3169570044573650
4_355,0.3158158593065220
4_356,0.4126762000299430
4_357,0.4138550239314050
4_358,0.3137167309114090
4_359,0.30543368995078500
4_360,0.29542607760856700
4_361,0.2848270576669840
4_362,0.27851873056984000
4_363,0.27438090776649000
4_364,0.2700457835945360
4_365,0.16770614197587800
4_366,0.16312862862020700
4_367,0.15684210252966100
4_368,0.1536953028192210
4_369,0.1507840512212730
4_370,0.2554504215027990
4_371,0.3583163414625940
4_372,0.35830031042163300
4_373,0.35743414455484600
4_374,0.35687825856411600
4_375,0.3595402553447250
4_376,0.3675621243264330
4_377,0.47428964751235000
4_378,0.48148444082396000
4_379,0.38409602020216300
4_380,0.28906281057031400
4_381,0.3084503634806610
4_382,0.327135177409706
4_383,0.34491308188879700
4_384,0.4482641407405820
4_385,0.46727351438556700
4_386,0.38743518457969700
4_387,0.405061619261196
4_388,0.4150550444276390
4_389,0.4282465058028490
4_390,0.4298127790807670
4_391,0.43575197347598000
4_392,0.440894700101195
4_393,0.43622129574583000
4_394,0.4246835056702760
4_395,0.4160379208547520
4_396,0.414623101772912
4_397,0.4270322411310370
4_398,0.4377809420495800
4_399,0.45111654984621900
4_400,0.5355550685931740
4_401,0.5415028780103990
4_402,0.47171576545585700
4_403,0.48569090699311100
4_404,0.4972082431680900
4_405,0.5774900708342190
4_406,0.5685568368052510
4_407,0.6347698933899460
4_408,0.6259022475892600
4_409,0.5377074055438030
4_410,0.528109817374498
4_411,0.5179612494266760
4_412,0.5144536733915110
4_413,0.5017572116939750
4_414,0.4198079726696680
4_415,0.4227964056031130
4_416,0.34151955508332700
4_417,0.3282490553972460
4_418,0.3248118924763760
4_419,0.3195654181865140
4_420,0.31520995943993700
4_421,0.30153850249407900
4_422,0.38714497137907900
4_423,0.36712641712904100
4_424,0.33740162029238600
4_425,0.3183589375322610
4_426,0.3046563227581260
4_427,0.29341441741011400
4_428,0.2926156514103430
4_429,0.2850520405998630
4_430,0.2841099264582070
4_431,0.28415492812740300
4_432,0.2940357094437230
4_433,0.30869808610726600
4_434,0.3194495581593240
4_435,0.3254405253208710
4_436,0.3247277681241700
4_437,0.41373148627766000
4_438,0.4126250158966540
4_439,0.41263064631728500
4_440,0.3184242382013250
4_441,0.3153498867895620
4_442,0.3107708214595140
4_443,0.30237155828211300
4_444,0.30001459154401700
4_445,0.30089237110553300
4_446,0.20764732603105700
4_447,0.21407384261236400
4_448,0.2180639373759050
4_449,0.22457108314182600
4_450,0.2302756467074980
4_451,0.23878161812039100
4_452,0.24698300926427100
4_453,0.25664281291662900
4_454,0.2602544816750870
4_455,0.25916116135810900
4_456,0.25224288066748900
4_457,0.24493571939352100
4_458,0.23696052424579800
4_459,0.32986479488918400
4_460,0.3227092534454910
4_461,0.32152587006368900
4_462,0.313713953015681
4_463,0.3079429835599430
4_464,0.30913144357553500
4_465,0.30824837997988900
4_466,0.40645037830282600
4_467,0.40405808193819700
4_468,0.30118717943458900
4_469,0.2960005274149690
4_470,0.28616432469225100
4_471,0.27861088978992500
4_472,0.2746366006126110
4_473,0.26398228333377500
4_474,0.2566356851344600
4_475,0.1492608984782240
4_476,0.14205236260629900
4_477,0.13574452072477900
4_478,0.1309023258222510
4_479,0.1259144986281240
4_480,0.12469858247349400
4_481,0.12248061884776900
4_482,0.11943263077631000
4_483,0.11613549966613600
4_484,0.11458346989141800
4_485,0.11408015418607700
4_486,0.11131425765867100
4_487,0.11003547934755700
4_488,0.10818978379324200
4_489,0.10296004170835500
4_490,0.10103294123856500
4_491,0.09875309257961280
4_492,0.09624974352934770
4_493,0.09359770979377990
4_494,0.09037802751516410
4_495,0.09243214984250450
4_496,0.09123881705922830
4_497,0.09161540876365500
4_498,0.09322270995415390
4_499,0.09115767081397390
4_500,0.0932758110612943
4_501,0.0963736733397773
4_502,0.10059908066708000
4_503,0.21262698482459700
4_504,0.21395842506798500
4_505,0.2160495805824810
4_506,0.21735372496603500
4_507,0.2174188152693920
4_508,0.21819791911669700
4_509,0.21821366621594500
4_510,0.21649013457399
4_511,0.2161427383300480
4_512,0.10716852885592600
4_513,0.10825660059847800
4_514,0.10924026128357500
4_515,0.10800550650173300
4_516,0.10667572551355800
4_517,0.10601753073397800
4_518,0.1035434154623500
4_519,0.10068239858075500
4_520,0.09812931733453250
4_521,0.09507077549191180
4_522,0.08762395132848530
4_523,0.08501133052205000
4_524,0.08414822970940680
4_525,0.08611220290382580
4_526,0.086807150234794
4_527,0.19944925109860400
4_528,0.20300346313822200
4_529,0.20449448865677700
4_530,0.20426860837536200
4_531,0.3165317240000430
4_532,0.31412058012467100
4_533,0.4266562507038120
4_534,0.4267941787104400
4_535,0.4276569448538560
4_536,0.31686487313432800
4_537,0.31812837415400700
4_538,0.31597000045554400
4_539,0.31643889909422000
4_540,0.20598890337958100
4_541,0.3206859522295760
4_542,0.32246916441021800
4_543,0.3205671666863700
4_544,0.31582679707075700
4_545,0.313941186820585
4_546,0.3081818717409500
4_547,0.3050174921190050
4_548,0.3009437710131670
4_549,0.29754322734171800
4_550,0.18025100696798400
4_551,0.1785690328662990
4_552,0.17629265443955000
4_553,0.17517799977528200
4_554,0.17328132507521200
4_555,0.17300908670873500
4_556,0.1739532678537580
4_557,0.1762659246561180
4_558,0.1780735746277060
4_559,0.18126849112301900
4_560,0.07474133670788260
4_561,0.07644396244433030
4_562,0.0802559039531787
4_563,0.08517848001866170
4_564,0.09079499102636680
4_565,0.09551771865201080
4_566,0.10129349287669800
4_567,0.10842986496343700
4_568,0.11165669904407500
4_569,0.10832813872418900
4_570,0.22239457929944700
4_571,0.2217999699908560
4_572,0.22149829167800900
4_573,0.22081894252726700
4_574,0.21769045908354800
4_575,0.21500566814598400
4_576,0.21235497610988500
4_577,0.21300456593342300
4_578,0.21163894332569300
4_579,0.10011136024714800
4_580,0.10361812591512900
4_581,0.10591168545400200
4_582,0.107966487148644
4_583,0.11293967986380900
4_584,0.1158235785588330
4_585,0.11924660634576100
4_586,0.12223655096680100
4_587,0.12747336001118200
4_588,0.2380821953210170
4_589,0.23934061147317100
4_590,0.24391924549458500
4_591,0.24611513032811000
4_592,0.25245704670647500
4_593,0.36110394817469500
4_594,0.3670415381942070
4_595,0.3722817185505780
4_596,0.47615770405313100
4_597,0.37450756063380500
4_598,0.38004684172300900
4_599,0.3859750971339670
4_600,0.48990922745082600
4_601,0.49478155333273700
4_602,0.39662944344664900
4_603,0.4013704290348460
4_604,0.4043803118437940
4_605,0.30767518475014000
4_606,0.3113028266156200
4_607,0.3181903469960440
4_608,0.3180417559867400
4_609,0.2241939091190770
4_610,0.2267810921146680
4_611,0.2284898916532940
4_612,0.22848394426153500
4_613,0.2292977196585050
4_614,0.23499934788576600
4_615,0.24042513473748400
4_616,0.24519135854210400
4_617,0.2574361918537200
4_618,0.2645303115273550
4_619,0.26734997099691400
4_620,0.26861061829742900
4_621,0.26638422245648200
4_622,0.364805590974714
4_623,0.3552463216011500
4_624,0.34838117017570300
4_625,0.337800594891394
4_626,0.32368155037902500
4_627,0.31433540131682800
4_628,0.4065784056257320
4_629,0.40380108990301800
4_630,0.40358843449477600
4_631,0.3028347606141850
4_632,0.3060018234928140
4_633,0.3059243758680550
4_634,0.3054982605993910
4_635,0.3035493469690010
4_636,0.2996812298851140
4_637,0.19860025352794500
4_638,0.1930819176569090
4_639,0.18714057817929900
4_640,0.1824343205000040
4_641,0.17693470526353400
4_642,0.17390184332629900
4_643,0.17592834717515100
4_644,0.17508564583536000
4_645,0.17610305037552100
4_646,0.17942211778253400
4_647,0.18478268053479200
4_648,0.1977706739151670
4_649,0.2158866487400590
4_650,0.23649108585516400
4_651,0.2508731036505390
4_652,0.25767924523616200
4_653,0.26410176311684000
4_654,0.26700260784445900
4_655,0.2700221372606680
4_656,0.2773719690441140
4_657,0.2716281385690200
4_658,0.25855951610755100
4_659,0.23319217264800200
4_660,0.221805489118999
4_661,0.224957549973291
4_662,0.22783246912616300
4_663,0.24134572228905400
4_664,0.24621680436312600
4_665,0.2521809382349380
4_666,0.2592291845729250
4_667,0.26343810016885100
4_668,0.27840024687225900
4_669,0.28476933531101900
4_670,0.28113060448370400
4_671,0.28753153873242900
4_672,0.2895143312558070
4_673,0.296490919741499
4_674,0.30298420974346700
4_675,0.30643211582044000
4_676,0.30853793817606800
4_677,0.3128191227626780
4_678,0.321092015204297
4_679,0.33039574867999800
4_680,0.41824866888071100
4_681,0.4103647646919020
4_682,0.406214460401149
4_683,0.40355508478066400
4_684,0.41415284613036800
4_685,0.42419393797734200
4_686,0.4313763541156720
4_687,0.43462880794144000
4_688,0.43367306353937400
4_689,0.42747236372698400
4_690,0.437824569843903
4_691,0.4438367933226800
4_692,0.4503984058470130
4_693,0.45329614472478100
4_694,0.4674117408237930
4_695,0.47779494622283900
4_696,0.485984358141949
4_697,0.5012711917732520
4_698,0.43657054701705300
4_699,0.44671556518101700
4_700,0.4534510944419370
4_701,0.4527783732188800
4_702,0.45158169667156000
4_703,0.44474092783441500
4_704,0.4383039101458450
4_705,0.4293491344048230
4_706,0.41495030446060000
4_707,0.4038644501297340
4_708,0.39191149311286500
4_709,0.38194179666115800
4_710,0.3749444065009460
4_711,0.36702353430766100
4_712,0.3622816473959640
4_713,0.36226568658846600
4_714,0.36907781750477600
4_715,0.45387670162091500
4_716,0.4625721490710190
4_717,0.4708516315841300
4_718,0.4834693145458390
4_719,0.4997050150288080
4_720,0.5137037097054590
4_721,0.5349694605341950
4_722,0.564261934856335
4_723,0.588498404222107
4_724,0.5302704995821700
4_725,0.5358530387330510
4_726,0.5361312107081320
4_727,0.532023944379502
4_728,0.5248980805968530
4_729,0.5191966849756470
4_730,0.5050261481595730
4_731,0.4755868214667300
4_732,0.43787743423455100
4_733,0.39975858060528400
4_734,0.364312641709987
4_735,0.3350458390049820
4_736,0.3008139870993710
4_737,0.36901583056709500
4_738,0.33027050890892400
4_739,0.2897547326413210
4_740,0.26087443156799400
4_741,0.23880448856925600
4_742,0.22540722749656400
4_743,0.3253066894178950
4_744,0.31865217206332000
4_745,0.3196525445867500
4_746,0.21268282247762700
4_747,0.21493553923143100
4_748,0.3248856815877440
4_749,0.32502434115099300
4_750,0.32809185127499200
4_751,0.32732392889309900
4_752,0.21943933089648400
4_753,0.21536276300728800
4_754,0.21034611209298000
4_755,0.3182476526033150
4_756,0.31580309155641500
4_757,0.20507749811658400
4_758,0.19790987638270000
4_759,0.19026037110401800
4_760,0.18361671942996600
4_761,0.29195592506106200
4_762,0.2913352350765320
4_763,0.2910267539726330
4_764,0.17821440815752400
4_765,0.17713156227887200
4_766,0.1766036464938670
4_767,0.18005457737010900
4_768,0.1829243420567810
4_769,0.1856591381755650
4_770,0.07415228864815700
4_771,0.07337531271394520
4_772,0.07442256789374180
4_773,0.07467749031939300
4_774,0.07396993157021160
4_775,0.07212748374923390
4_776,0.06873896685591890
4_777,0.06479090181425000
4_778,0.061684182580646300
4_779,0.17407240434769500
4_780,0.1743812412891970
4_781,0.17305664892756000
4_782,0.17638727097460300
4_783,0.18019054528279600
4_784,0.1829047330557890
4_785,0.18581976314381800
4_786,0.19221991717877200
4_787,0.3095617633987940
4_788,0.19673531700162700
4_789,0.30887346822493900
4_790,0.31287155255020100
4_791,0.3187049284791520
4_792,0.3225240114838240
4_793,0.32967004054634700
4_794,0.3347793759870760
4_795,0.33924033367202800
4_796,0.22863419411986000
4_797,0.23069866476824800
4_798,0.12467988209067200
4_799,0.12377536630996300
4_800,0.12109356878123700
4_801,0.11787805620205500
4_802,0.22238900821684900
4_803,0.2185627784906540
4_804,0.21108990353442100
4_805,0.20747138047478000
4_806,0.31704453589538900
4_807,0.30621652660611800
4_808,0.30035563083676900
4_809,0.29069686491066900
4_810,0.2835614635084900
4_811,0.2860309439253080
4_812,0.2822344608970220
4_813,0.28056060227019700
4_814,0.2790704906872390
4_815,0.16512941980440600
4_816,0.16999075938157200
4_817,0.174099712146374
4_818,0.18070138800622300
4_819,0.2957623986641630
4_820,0.17994779045050700
4_821,0.2946534525521530
4_822,0.29919633651649700
4_823,0.3039382513820120
4_824,0.31146602811697000
4_825,0.3157934305581310
4_826,0.31819225361650600
4_827,0.3195085540703200
4_828,0.2113132486238730
4_829,0.21400500848643200
4_830,0.21725873337673200
4_831,0.2146153341058790
4_832,0.3253141583145950
4_833,0.3181160155487420
4_834,0.3122710190139510
4_835,0.30656282585930300
4_836,0.3027662816747310
4_837,0.2971860386817340
4_838,0.2929053030713440
4_839,0.17122383265168300
4_840,0.16677695376291600
4_841,0.05014801931414290
4_842,0.1665314536062680
4_843,0.1637971371168090
4_844,0.1619748088894300
4_845,0.16005125627176100
4_846,0.15969331344312300
4_847,0.16212352783757600
4_848,0.16461300839634800
4_849,0.16550948105985100
4_850,0.16614558405255000
4_851,0.050398031478312900
4_852,0.1706160310769790
4_853,0.17679870819620500
4_854,0.1806478968434190
4_855,0.18547615810259200
4_856,0.1864556812984460
4_857,0.18937127290795700
4_858,0.19218195636018600
4_859,0.19476988906200600
4_860,0.1968317658268270
4_861,0.08073382651714100
4_862,0.08069748380578080
4_863,0.0802822876033956
4_864,0.0796292213977279
4_865,0.08212540607016010
4_866,0.19466429838295100
4_867,0.1984017336056470
4_868,0.1998147909322940
4_869,0.31556464643028900
4_870,0.32270205350518300
4_871,0.32799325566739200
4_872,0.3367214120424320
4_873,0.3436479948288480
4_874,0.3502366204492760
4_875,0.24830256781743000
4_876,0.25846629654034500
4_877,0.2703809917839860
4_878,0.167772851413223
4_879,0.17324875398795100
4_880,0.1799916172702080
4_881,0.18320524006722100
4_882,0.28546001686114900
4_883,0.28788070843008300
4_884,0.2874154987661660
4_885,0.28132503789987000
4_886,0.27119000714662800
4_887,0.36860651994588400
4_888,0.36068796483759300
4_889,0.35205998121055000
4_890,0.34380740474608000
4_891,0.2374012558918760
4_892,0.23207826335799000
4_893,0.22861827523524700
4_894,0.22817973825248500
4_895,0.23423509090831600
4_896,0.12966248707720900
4_897,0.13273480966380400
4_898,0.13723261158355700
4_899,0.14227161376213600
4_900,0.24952762015043900
4_901,0.25365454283118100
4_902,0.25645573737436200
4_903,0.3594232672691700
4_904,0.3605973151127700
4_905,0.3644719540198460
4_906,0.36537403729533700
4_907,0.3625581353775460
4_908,0.35854422416043300
4_909,0.2541672257657770
4_910,0.25079780234268900
4_911,0.24733334296127000
4_912,0.1442361077530270
4_913,0.14376664306845900
4_914,0.1449179387971610
4_915,0.1466592479281200
4_916,0.15081518150009200
4_917,0.15572577156620100
4_918,0.1589222870075190
4_919,0.16100476704911500
4_920,0.1620510444719240
4_921,0.16386698091076900
4_922,0.1640061007774840
4_923,0.16276587048297200
4_924,0.16975135571590500
4_925,0.1745976219655370
4_926,0.27912463753017200
4_927,0.28272505372620500
4_928,0.2805601986440860
4_929,0.2808046265079110
4_930,0.2827529198875450
4_931,0.27969594749220500
4_932,0.27641097651216100
4_933,0.26592445786671000
4_934,0.2543766027631560
4_935,0.25059839073209800
4_936,0.2396050739844450
4_937,0.2392920819791810
4_938,0.3433085371106490
4_939,0.3377787172351000
4_940,0.3353858162041640
4_941,0.3335902888332550
4_942,0.3322632290511900
4_943,0.3590835162982240
4_944,0.2570734108682130
4_945,0.28308769403986400
4_946,0.3128098178629050
5_0,0.12760979247415200
5_1,0.12680943576728800
5_2,0.12335686560121500
5_3,0.11932757609020900
5_4,0.22707100885119400
5_5,0.22417601018207100
5_6,0.21990036452609800
5_7,0.32616274643820400
5_8,0.32375806230616700
5_9,0.32316135421363400
5_10,0.32424285963646400
5_11,0.33067256475472300
5_12,0.3374940868923000
5_13,0.3393972378255360
5_14,0.34822473763102900
5_15,0.3572111548079290
5_16,0.2529745736350360
5_17,0.25591126220217100
5_18,0.25913943606095700
5_19,0.2608579528519020
5_20,0.25979477152491700
5_21,0.2594377342450080
5_22,0.15360998576077900
5_23,0.15051210349597700
5_24,0.1456152964186650
5_25,0.14717990129989600
5_26,0.1467932833289530
5_27,0.14501692290028100
5_28,0.25049755707016900
5_29,0.24594040587986800
5_30,0.24024231285645100
5_31,0.23431249991023700
5_32,0.22972853833248800
5_33,0.2278796196658040
5_34,0.22274943201092500
5_35,0.22500019134769
5_36,0.22872682029625700
5_37,0.12540855440030000
5_38,0.13070010166015100
5_39,0.1373862341043830
5_40,0.14428741459179300
5_41,0.15143493545460100
5_42,0.1537754743058130
5_43,0.15484078315176600
5_44,0.15448222854584000
5_45,0.15440429344031200
5_46,0.15348780306707700
5_47,0.15461308615376100
5_48,0.1547630467059350
5_49,0.2588991299103780
5_50,0.25793810023301400
5_51,0.25790804340381500
5_52,0.2566445412108500
5_53,0.253549185716543
5_54,0.25316043568891800
5_55,0.25112016212502300
5_56,0.24968132884283500
5_57,0.2490425624637560
5_58,0.14333241070765000
5_59,0.14385736050218200
5_60,0.14997247089634500
5_61,0.16202043665175200
5_62,0.17528718224996500
5_63,0.1838083157775000
5_64,0.19086235997594900
5_65,0.19302494838775900
5_66,0.19248973583467900
5_67,0.192069759548599
5_68,0.19145586606879900
5_69,0.1884043520043540
5_70,0.18131576162282900
5_71,0.1700130747678100
5_72,0.15941005314353000
5_73,0.15262647256078600
5_74,0.1502847803303540
5_75,0.14629245008982200
5_76,0.14389006502101900
5_77,0.14353056221636300
5_78,0.14119709031129300
5_79,0.1366768916633380
5_80,0.1334151841692130
5_81,0.23829841108865800
5_82,0.2327322161941410
5_83,0.226752679818939
5_84,0.22692693252751200
5_85,0.228355669802706
5_86,0.22749219433688100
5_87,0.22693315974713200
5_88,0.22440965644446900
5_89,0.22189334679493100
5_90,0.11101265669707000
5_91,0.10863486195480800
5_92,0.108686707455455
5_93,0.11281509084781000
5_94,0.11225200368424400
5_95,0.1123281931623300
5_96,0.21625461306464100
5_97,0.21809001143740400
5_98,0.22222462493506900
5_99,0.2267721689266510
5_100,0.23418442833948400
5_101,0.23857801085061200
5_102,0.23811504145525900
5_103,0.23843644769832400
5_104,0.23503283512932000
5_105,0.12960145645610700
5_106,0.12812995013227400
5_107,0.12498218710901700
5_108,0.12132430363194200
5_109,0.1159600147934940
5_110,0.11213245179353300
5_111,0.10917965969060900
5_112,0.10848122160714400
5_113,0.21574754808565000
5_114,0.3220506221435130
5_115,0.321759395043163
5_116,0.32244396163667700
5_117,0.32175965742202700
5_118,0.31954895484701600
5_119,0.31363759449375800
5_120,0.3062771745037690
5_121,0.29866562890988600
5_122,0.18847050360483400
5_123,0.07627896543334310
5_124,0.07434828667288250
5_125,0.07147724935854540
5_126,0.07205957918589070
5_127,0.07300514844409010
5_128,0.07410684817732620
5_129,0.07839616700539000
5_130,0.08215865479387910
5_131,0.1927034502200490
5_132,0.19656293717526900
5_133,0.19719547794389900
5_134,0.20177647634462500
5_135,0.21167072606421900
5_136,0.2206886772181540
5_137,0.2339826155650460
5_138,0.24206087727450300
5_139,0.2499127169644700
5_140,0.14489000881570700
5_141,0.15101641192646000
5_142,0.15819128739595100
5_143,0.15951540239489800
5_144,0.15530919888772500
5_145,0.1520363511688850
5_146,0.1473094848388860
5_147,0.14463532373229400
5_148,0.14247057235053400
5_149,0.14523447300667300
5_150,0.14804814748572000
5_151,0.1489351595313940
5_152,0.15054392399421400
5_153,0.15017129636592600
5_154,0.15340533324893400
5_155,0.15320197257613500
5_156,0.15215313495835300
5_157,0.14983543956178100
5_158,0.14252472121641000
5_159,0.13335525500678600
5_160,0.1263866398260180
5_161,0.12085761338132300
5_162,0.11704122156063100
5_163,0.11391068445887700
5_164,0.11413367933748900
5_165,0.21613989009900400
5_166,0.21611365147078400
5_167,0.21847715540412500
5_168,0.21874761579064200
5_169,0.3273405203786810
5_170,0.3265992758749550
5_171,0.4325710563022320
5_172,0.4308564238441160
5_173,0.5324426684088900
5_174,0.4329898213396190
5_175,0.4335513428286010
5_176,0.44082334480184700
5_177,0.5497019304571730
5_178,0.4492482879340350
5_179,0.4565489854556380
5_180,0.3561738865991910
5_181,0.359773212566675
5_182,0.2578429662870840
5_183,0.2532401789262360
5_184,0.2521652043352030
5_185,0.3507128325727950
5_186,0.2446383829410260
5_187,0.240587215883286
5_188,0.24087330394040200
5_189,0.24446747789784900
5_190,0.24789577738091700
5_191,0.2522266097048840
5_192,0.2579662769193780
5_193,0.26304433778500800
5_194,0.15965972832628900
5_195,0.15709689702020400
5_196,0.15099760634447000
5_197,0.14263857773798300
5_198,0.13217071822007000
5_199,0.23495404813090200
5_200,0.22621415510461900
5_201,0.21978681380186200
5_202,0.320851648693139
5_203,0.31883723721627400
5_204,0.32003206269376600
5_205,0.3245924113592590
5_206,0.33013613205790200
5_207,0.33308779545703500
5_208,0.22357857723466800
5_209,0.2256030604308460
5_210,0.22466258112369300
5_211,0.11657075111024400
5_212,0.11481150699728700
5_213,0.11387116461656800
5_214,0.21974350742658200
5_215,0.22165296108626300
5_216,0.22458193619465000
5_217,0.22715667247058500
5_218,0.23055423327607300
5_219,0.23345455753808400
5_220,0.23722790232165100
5_221,0.23906594486287700
5_222,0.24280431461974400
5_223,0.14046830441670700
5_224,0.14026674427729900
5_225,0.1415755843574120
5_226,0.14206046466802400
5_227,0.14001215461811400
5_228,0.13964036817279600
5_229,0.1402684077574640
5_230,0.24269562877863700
5_231,0.24389293764252800
5_232,0.2438131348551960
5_233,0.24154130336110800
5_234,0.23513763650813600
5_235,0.23288662115998800
5_236,0.23157324936267000
5_237,0.23317106039869700
5_238,0.23377989559146200
5_239,0.13044336595609300
5_240,0.1244885760894660
5_241,0.12156266345929300
5_242,0.118702760424792
5_243,0.12074146314517500
5_244,0.12181823446420600
5_245,0.12410400706798100
5_246,0.12368111737161100
5_247,0.12418107480438300
5_248,0.12857179253263400
5_249,0.1353928835307440
5_250,0.23906253079081100
5_251,0.24067891107415400
5_252,0.23941038319146800
5_253,0.2379488089532980
5_254,0.2356322948521290
5_255,0.2343058249360190
5_256,0.229308191916114
5_257,0.22589941688242000
5_258,0.22055608113555300
5_259,0.113766623040658
5_260,0.11435345216022200
5_261,0.11425231804018400
5_262,0.113358474273315
5_263,0.11478859076025500
5_264,0.11645142701627100
5_265,0.1220945742929590
5_266,0.22731431937512700
5_267,0.23463751586652800
5_268,0.24252597229094800
5_269,0.24781865183900400
5_270,0.2508304375430360
5_271,0.3583780046431520
5_272,0.3593706196811750
5_273,0.46199588305248300
5_274,0.46083218963824900
5_275,0.3592592991446340
5_276,0.3574319270550930
5_277,0.3573201024729930
5_278,0.3549555405495160
5_279,0.45747348748270600
5_280,0.3574709567592020
5_281,0.36245389940876000
5_282,0.2638385556566950
5_283,0.26495340684604400
5_284,0.26553722537330300
5_285,0.2660109704814300
5_286,0.2649281966595810
5_287,0.2674079553188260
5_288,0.16709223502121200
5_289,0.16645740181050500
5_290,0.16558740695148300
5_291,0.16580387302619900
5_292,0.16754384644168300
5_293,0.16606290580037000
5_294,0.1659407952065100
5_295,0.16586000810864500
5_296,0.16361895771903400
5_297,0.16171791589036100
5_298,0.1584383677674160
5_299,0.15720161553712100
5_300,0.16155667539893200
5_301,0.25979074357706000
5_302,0.2647231758574940
5_303,0.27011336481843000
5_304,0.27456949761745500
5_305,0.28069563320568800
5_306,0.29005962481348300
5_307,0.2999058158403700
5_308,0.30879493984734200
5_309,0.3086432890016960
5_310,0.2143775331604930
5_311,0.21404327617088800
5_312,0.31304867909072100
5_313,0.3080403463826800
5_314,0.30630706102993400
5_315,0.40021429349772200
5_316,0.3930932354468110
5_317,0.48625451081692900
5_318,0.48034296996372
5_319,0.57804159009924
5_320,0.676506683315746
5_321,0.5712671522994180
5_322,0.5722119977547060
5_323,0.5706967467001430
5_324,0.4718298231360510
5_325,0.571438860032395
5_326,0.4716943815248960
5_327,0.4737797834486400
5_328,0.37809593683855600
5_329,0.28275184091302400
5_330,0.2907281237924190
5_331,0.2978374566251320
5_332,0.3026418482992710
5_333,0.4031801987617530
5_334,0.3080414427166280
5_335,0.31295470368832300
5_336,0.31686719285155800
5_337,0.31520342337590500
5_338,0.3143722831816610
5_339,0.409145267055224
5_340,0.40646399210532100
5_341,0.4021946728129560
5_342,0.30333399113023300
5_343,0.3011153378805970
5_344,0.2962008037207960
5_345,0.2973717508444850
5_346,0.29839137225485200
5_347,0.391627839909357
5_348,0.29872164312185300
5_349,0.29928798739998000
5_350,0.3988005811754480
5_351,0.4005589353274630
5_352,0.49961745162396200
5_353,0.5029932528922390
5_354,0.5033829797131340
5_355,0.50655702698807
5_356,0.4196167266216730
5_357,0.4218593745918400
5_358,0.4304273741560990
5_359,0.3440830662519090
5_360,0.35346970145607600
5_361,0.27114521489727200
5_362,0.28583135007080400
5_363,0.3007451907846430
5_364,0.31100080762038200
5_365,0.31931824377235400
5_366,0.4074617545112820
5_367,0.4168696540508230
5_368,0.42401006779543600
5_369,0.427971561216582
5_370,0.4270495004281220
5_371,0.42673392355685000
5_372,0.4212135974579100
5_373,0.42330680127743800
5_374,0.43057855440690100
5_375,0.35683935038074400
5_376,0.36106998868836600
5_377,0.3630604444216540
5_378,0.3630356220232910
5_379,0.4454952949664270
5_380,0.528000660819754
5_381,0.5320512994906080
5_382,0.5292367824857850
5_383,0.5218860657988480
5_384,0.5135165972263990
5_385,0.5033144451637090
5_386,0.4972529295311690
5_387,0.5009002831124510
5_388,0.5030270469058340
5_389,0.4260327870352330
5_390,0.4266488157370290
5_391,0.4282197950713330
5_392,0.42845548363255600
5_393,0.42917903931610200
5_394,0.4251454585652300
5_395,0.5093727606629380
5_396,0.50528644248853
5_397,0.4212377565280110
5_398,0.42202658152689200
5_399,0.4265518268561160
5_400,0.4301986289437780
5_401,0.43312373989837100
5_402,0.43533656193875000
5_403,0.4444485120922700
5_404,0.36067476866961200
5_405,0.36375045824662600
5_406,0.36577041803071500
5_407,0.36130519227325500
5_408,0.35601667955127100
5_409,0.35298019049829800
5_410,0.3535245511105600
5_411,0.35270490391338400
5_412,0.3525778661519830
5_413,0.355594435656881
5_414,0.357851818014138
5_415,0.36062670756173200
5_416,0.36250452998266900
5_417,0.444517640965357
5_418,0.44786744191045700
5_419,0.4452609440597690
5_420,0.4492155170893550
5_421,0.44734009988550300
5_422,0.44163432050468000
5_423,0.43583761940729
5_424,0.4303850815941640
5_425,0.4240903331907060
5_426,0.3390349348648530
5_427,0.3346239519971080
5_428,0.3329130009473960
5_429,0.3322452415687490
5_430,0.33431374673838100
5_431,0.34008916930675800
5_432,0.34040491939095500
5_433,0.33457769963520400
5_434,0.3290413980174150
5_435,0.32346562348993300
5_436,0.3190318942117210
5_437,0.3180876676177040
5_438,0.3183256682564140
5_439,0.396912241172257
5_440,0.40251157461618000
5_441,0.4102020499666960
5_442,0.42040143346186300
5_443,0.43019019181231700
5_444,0.4386937068461580
5_445,0.44223499735561700
5_446,0.4483922863691300
5_447,0.44645771782414200
5_448,0.3659108739882870
5_449,0.4407384509249310
5_450,0.43533672903270600
5_451,0.4309058744888360
5_452,0.4291438425302680
5_453,0.4228547466069140
5_454,0.4164304844857310
5_455,0.4069433554603270
5_456,0.40057880383548400
5_457,0.39987135025865700
5_458,0.3161222116882160
5_459,0.31586145726016000
5_460,0.3218410690807240
5_461,0.32364888212353200
5_462,0.33204707245317700
5_463,0.33661903561578700
5_464,0.3424439958009010
5_465,0.34794506029238600
5_466,0.3573009856760840
5_467,0.3654556438325510
5_468,0.36994363620203100
5_469,0.37101941135645700
5_470,0.372852049999475
5_471,0.37863002006887600
5_472,0.3914146594191000
5_473,0.40204508636904000
5_474,0.40677703741743400
5_475,0.40732051661476400
5_476,0.40364888300993900
5_477,0.4010720507595360
5_478,0.398063344204881
5_479,0.3976545528313340
5_480,0.39320676809935800
5_481,0.39548080254484000
5_482,0.3964439354722630
5_483,0.4076826079041410
5_484,0.42022723508232900
5_485,0.4370481135171130
5_486,0.45543141352421100
5_487,0.4691980508546310
5_488,0.5531905138612180
5_489,0.5731225832728560
5_490,0.583728593183555
5_491,0.5911678453142970
5_492,0.5917378151026510
5_493,0.5853460419874800
5_494,0.5801139069401060
5_495,0.5713778667486460
5_496,0.5670560834739520
5_497,0.5640736049081430
5_498,0.555200474295214
5_499,0.5474718125627570
5_500,0.541868959313227
5_501,0.5373280981445990
5_502,0.6050627880708040
5_503,0.6028710152212040
5_504,0.6054218862132690
5_505,0.6041428370470030
5_506,0.6031140277906910
5_507,0.5964091612513560
5_508,0.5879059236371740
5_509,0.6532461662180260
5_510,0.645936832531324
5_511,0.5580002091484120
5_512,0.547350763654924
5_513,0.537971783439829
5_514,0.5298104018784300
5_515,0.5259819966197090
5_516,0.5978381903219400
5_517,0.6746644284678540
5_518,0.6790426342920420
5_519,0.6801088337196810
5_520,0.6906060395408220
5_521,0.701956588958928
5_522,0.7113469295734430
5_523,0.7229692141196140
5_524,0.7305922657205080
5_525,0.6631467207733570
5_526,0.5915928074246050
5_527,0.5221865346536210
5_528,0.5287315731026900
5_529,0.527711303700869
5_530,0.518945859347689
5_531,0.5083620800006320
5_532,0.49576580320200200
5_533,0.4072973474649840
5_534,0.3887015726650980
5_535,0.369635420939346
5_536,0.3465003807240780
5_537,0.3239079605369990
5_538,0.4035508621643620
5_539,0.38964319437734500
5_540,0.37438944790877200
5_541,0.3640164484929550
5_542,0.3625485366665800
5_543,0.36112354632413900
5_544,0.3562019580843840
5_545,0.353298103721742
5_546,0.35285644504395800
5_547,0.2563796684282810
5_548,0.25308626729749700
5_549,0.2507717678310000
5_550,0.24570044369221800
5_551,0.23313980457612600
5_552,0.2224686089025690
5_553,0.21812604378552600
5_554,0.30564805972515300
5_555,0.2991179061488930
5_556,0.2963123081402110
5_557,0.2946989076753790
5_558,0.2969091745672110
5_559,0.30090854271359600
5_560,0.3946139628026730
5_561,0.3981771011025000
5_562,0.405354821795267
5_563,0.32390328094447800
5_564,0.33935702950975200
5_565,0.44017349888872400
5_566,0.5396595719841200
5_567,0.6343398967513490
5_568,0.6349758313158980
5_569,0.5501293559187280
5_570,0.5588795828505640
5_571,0.5633777034568930
5_572,0.5654197268541980
5_573,0.5682458402357830
5_574,0.4842032425613180
5_575,0.39240146997628800
5_576,0.3018609803446840
5_577,0.3033127695387510
5_578,0.3033324338629620
5_579,0.30645993611509500
5_580,0.3078882792192940
5_581,0.30884933062015800
5_582,0.31040623242780700
5_583,0.3132891908619290
5_584,0.323292852656042
5_585,0.3401358455004620
5_586,0.35611094040866600
5_587,0.3645699079130130
5_588,0.3670644086518630
5_589,0.37034526798588700
5_590,0.37160440211914900
5_591,0.3609625225978200
5_592,0.35136690696921400
5_593,0.34410118556785500
5_594,0.3306884276673990
5_595,0.32387908013161800
5_596,0.32185807064976300
5_597,0.4019195715867460
5_598,0.39779729893856600
5_599,0.3997730687675230
5_600,0.4033424825781390
5_601,0.40260489793347600
5_602,0.40263075189277300
5_603,0.4024486264676690
5_604,0.475873601854132
5_605,0.4707551776711980
5_606,0.3900067681138300
5_607,0.3908341537053780
5_608,0.38961369955548100
5_609,0.3921574846675250
5_610,0.39281441666468100
5_611,0.39239055581757500
5_612,0.38635375287805600
5_613,0.29645042304883100
5_614,0.28633976596349000
5_615,0.27558667803151200
5_616,0.2666264286091620
5_617,0.2539679034298200
5_618,0.24504936330835900
5_619,0.24038921065039800
5_620,0.23591738507932700
5_621,0.23848871749237300
5_622,0.24505198239123800
5_623,0.25442915826842000
5_624,0.35211355812296800
5_625,0.4497509501775430
5_626,0.4617798873878550
5_627,0.5565070739687140
5_628,0.5702715010589600
5_629,0.583270641971222
5_630,0.6001610759588140
5_631,0.6199996167358260
5_632,0.6388153509475070
5_633,0.5671972539366570
5_634,0.5639441943578400
5_635,0.5743217746075720
5_636,0.4945255628584280
5_637,0.49255792993720600
5_638,0.4903960360083970
5_639,0.47743372741685100
5_640,0.46059760928620200
5_641,0.4374731327854420
5_642,0.41067769789569400
5_643,0.3129978034014000
5_644,0.2906735058085740
5_645,0.2724223220425470
5_646,0.35008197331014700
5_647,0.3331927193084030
5_648,0.31848972949525600
5_649,0.3022838826176940
5_650,0.2899139930572370
5_651,0.28239906763214600
5_652,0.28014909270561500
5_653,0.27831948314840700
5_654,0.2755937737136740
5_655,0.27567176275116200
5_656,0.37146678914133800
5_657,0.3745156116851580
5_658,0.3823066507376000
5_659,0.38944900106160200
5_660,0.39484187669393700
5_661,0.39453543445492700
5_662,0.39572838381150300
5_663,0.39511449432167900
5_664,0.2935110876651920
5_665,0.1932617180681380
5_666,0.19502593421137900
5_667,0.19703981878358800
5_668,0.19504037682378300
5_669,0.18981731175969800
5_670,0.18677042223805800
5_671,0.1803213033043840
5_672,0.17706853565612900
5_673,0.1781563030451040
5_674,0.1759672860910960
5_675,0.26978761938344100
5_676,0.2549692201879750
5_677,0.35716950453743300
5_678,0.35004406402957800
5_679,0.3469905249571730
5_680,0.44830803217102000
5_681,0.4443481244850960
5_682,0.44017647471412400
5_683,0.4385716573618350
5_684,0.3328185149468690
5_685,0.3342681309327860
5_686,0.22532171668011200
5_687,0.22865364191042700
5_688,0.23239157311610000
5_689,0.13203615405185000
5_690,0.13502681258217800
5_691,0.13929653454465800
5_692,0.1454940717014400
5_693,0.1513002572257660
5_694,0.15304454284893400
5_695,0.15646837937930400
5_696,0.15740933666222500
5_697,0.15867169714131700
5_698,0.16540834706478200
5_699,0.17248506808364600
5_700,0.17900309923665100
5_701,0.28271639323109600
5_702,0.28526508086392600
5_703,0.2897813627894180
5_704,0.2959775064054850
5_705,0.30263936841028000
5_706,0.30553100387601400
5_707,0.30630534001333900
5_708,0.4033215793862400
5_709,0.40775092628665400
5_710,0.309852641266692
5_711,0.3118898354304670
5_712,0.31607262967616600
5_713,0.31739192676164000
5_714,0.32323372390797900
5_715,0.4204843857101390
5_716,0.4262504239536730
5_717,0.3382306558203000
5_718,0.34161679000981700
5_719,0.34406717356286100
5_720,0.34356047150539700
5_721,0.3380428033662640
5_722,0.32844192521559400
5_723,0.3149724223080260
5_724,0.21355474455497200
5_725,0.20801862103075100
5_726,0.2027706883255320
5_727,0.20696132919654200
5_728,0.21138930604436500
5_729,0.23124526845986400
5_730,0.2546242860663040
5_731,0.28600849621630300
5_732,0.31504722355069700
5_733,0.33774184877057300
5_734,0.34844452060119900
5_735,0.35545072849106600
5_736,0.35424645551862000
5_737,0.3513431959366820
5_738,0.34486327191581600
5_739,0.423135322870054
5_740,0.4099531828436450
5_741,0.49133275206198800
5_742,0.4836898575845810
5_743,0.4739357625470990
5_744,0.4681798496140680
5_745,0.4689053540610520
5_746,0.4747977846599820
5_747,0.4793055952993900
5_748,0.4025948253769840
5_749,0.41114773688297200
5_750,0.3228248237840000
5_751,0.3250942265090790
5_752,0.33373228538213000
5_753,0.33655874257774300
5_754,0.33191891536462700
5_755,0.3253648390338960
5_756,0.31685349882020200
5_757,0.3030510957668570
5_758,0.292577796409978
5_759,0.29285505808189400
5_760,0.2997287792574220
5_761,0.3025573519197710
5_762,0.30827023860825600
5_763,0.31408173447061300
5_764,0.3242430254743960
5_765,0.32978513031132200
5_766,0.3346164550697730
5_767,0.3325708282661430
5_768,0.3278767791146850
5_769,0.31589750616503700
5_770,0.39243055113215600
5_771,0.3820137816264370
5_772,0.3723444198885100
5_773,0.3544812594658320
5_774,0.3355523484459950
5_775,0.3209978728858780
5_776,0.31446000873495000
5_777,0.30400599465977400
5_778,0.39456061469305300
5_779,0.2968129703943920
5_780,0.2883933405556730
5_781,0.2750902401313470
5_782,0.26202261483015400
5_783,0.254618056216598
5_784,0.24434424547224000
5_785,0.22936811695344500
5_786,0.2172975818925050
5_787,0.10333270817952900
5_788,0.09354615411721730
5_789,0.08528308088340120
5_790,0.07790697620599120
5_791,0.07490658444161350
5_792,0.18496982980389500
5_793,0.18232128238483600
5_794,0.18518209955710800
5_795,0.1848609530873760
5_796,0.18387313269456600
5_797,0.18155527599212600
5_798,0.17665029478374500
5_799,0.1785503156657210
5_800,0.1813282690660200
5_801,0.06910828116566240
5_802,0.06913913578497770
5_803,0.06328553737336650
5_804,0.1755745795876530
5_805,0.17394342833176200
5_806,0.17285459902224700
5_807,0.17035417026096600
5_808,0.16573253141608600
5_809,0.16308839312963400
5_810,0.15872456882853600
5_811,0.15559206670284800
5_812,0.15399130725670400
5_813,0.03555435761398870
5_814,0.035675368663986100
5_815,0.03604708308002440
5_816,0.04355462894744140
5_817,0.046683627540169000
5_818,0.04758241105162940
5_819,0.05322722020907050
5_820,0.058701026317464100
5_821,0.06265384111044220
5_822,0.06646326642578090
5_823,0.06865562206738830
5_824,0.07235889747088440
5_825,0.06694309575299740
5_826,0.0662780831517537
5_827,0.06433071547660730
5_828,0.05966991501072910
5_829,0.0588171408097772
5_830,0.0578160415136887
5_831,0.05704589846160030
5_832,0.05601076496486680
5_833,0.05219435939469760
5_834,0.1700511452839740
5_835,0.16942618416946400
5_836,0.1696800781625990
5_837,0.16989301982321700
5_838,0.1690622938552070
5_839,0.16822638114577100
5_840,0.2860002717782860
5_841,0.28575832366781200
5_842,0.2877986777555700
5_843,0.17112711867232700
5_844,0.17015628247909000
5_845,0.1697002534318100
5_846,0.17023274413840500
5_847,0.16910275836073100
5_848,0.17047728148678000
5_849,0.05343930608255300
5_850,0.05647440043912420
5_851,0.05790655409131460
5_852,0.06080520681406700
5_853,0.06441002444462570
5_854,0.17969903608293900
5_855,0.29481350843137200
5_856,0.2980382181325600
5_857,0.3015573436026620
5_858,0.30487627853120500
5_859,0.3069736798529040
5_860,0.3106901371805780
5_861,0.315619581038122
5_862,0.4275218390495460
5_863,0.3189784040312840
5_864,0.21127919299533700
5_865,0.323141609884829
5_866,0.3264698943807280
5_867,0.3308416833349990
5_868,0.44230022110477000
5_869,0.4441877169032830
5_870,0.44077595213430800
5_871,0.3301043863104230
5_872,0.4393668613597440
5_873,0.4377338711810510
5_874,0.32519829572147300
5_875,0.43485720677814700
5_876,0.42923862177220200
5_877,0.31832961459713100
5_878,0.31294800720207300
5_879,0.31187333889589100
5_880,0.31128149451305700
5_881,0.1969288099917760
5_882,0.19500182330318000
5_883,0.192964221539647
5_884,0.07666733392126270
5_885,0.07505287312903060
5_886,0.06957868911812800
5_887,0.06672864983485670
5_888,0.06473577941416420
5_889,0.062184580224000500
5_890,0.06216241396208870
5_891,0.06073367004904420
5_892,0.06241619118089700
5_893,0.06388652836194620
5_894,0.0658804619913762
5_895,0.18050685535551900
5_896,0.18234821076030900
5_897,0.18344162358048600
5_898,0.18462960102790300
5_899,0.1857231007412330
5_900,0.18602583470865400
5_901,0.1855916317657040
5_902,0.18661037748173800
5_903,0.18545315986362100
5_904,0.07345551934098620
5_905,0.0745767026807746
5_906,0.07527042970695470
5_907,0.07534722159075170
5_908,0.0787626550892352
5_909,0.08096260231664120
5_910,0.08227197766588240
5_911,0.0818082286456284
5_912,0.08652002758909230
5_913,0.08867379001771640
5_914,0.09001190482416790
5_915,0.09173382495896660
5_916,0.09706232556667600
5_917,0.1022005959623910
5_918,0.10515521479191900
5_919,0.11039396675217600
5_920,0.11836656771964500
5_921,0.11907047449819000
5_922,0.12580809134447000
5_923,0.1352516926757120
5_924,0.14155199033888500
5_925,0.14402061319198800
5_926,0.1435059504231140
5_927,0.14627847444840700
5_928,0.14977431959958900
5_929,0.15459050861336100
5_930,0.15985402969368400
5_931,0.16203502738517600
5_932,0.16269921789334200
5_933,0.1628672883858740
5_934,0.16432956940039800
5_935,0.16216566824783300
5_936,0.15512751188749100
5_937,0.1478907380232340
5_938,0.1354989872305230
5_939,0.23579108690326400
5_940,0.33649634622454300
5_941,0.32535354381406500
5_942,0.31757476756184500
5_943,0.4205955683061520
5_944,0.41257981593681700
5_945,0.41144832354532000
5_946,0.40783773783140700
5_947,0.40667316799712900
5_948,0.41050733697852600
5_949,0.3015852139513630
5_950,0.3016234616493680
5_951,0.3006983409674530
5_952,0.18923301470790800
5_953,0.1909781328779460
5_954,0.19295921560891800
5_955,0.3087945745017830
5_956,0.30869494531227300
5_957,0.19143693670813300
5_958,0.1881422753160520
5_959,0.18508160315768700
5_960,0.18427553301879300
5_961,0.18051118796881300
5_962,0.179568487319085
5_963,0.17691033668076800
5_964,0.06398948132494710
5_965,0.1784543647641020
5_966,0.17996961955646000
5_967,0.17946040912919200
5_968,0.17723146644275300
5_969,0.17477056580155800
5_970,0.17542516650524400
5_971,0.1730572817747150
5_972,0.16901266648125300
5_973,0.16515115401298900
5_974,0.04748321908215230
5_975,0.04737878986016030
5_976,0.05160201425486730
5_977,0.05624126544845800
5_978,0.05816453001007930
5_979,0.17324298823266700
5_980,0.17709091328382800
5_981,0.18368968011290500
5_982,0.18785179880206700
5_983,0.19776045833522700
5_984,0.2031890627997600
5_985,0.20424226635931000
5_986,0.2068048328289020
5_987,0.20706602078487100
5_988,0.09242896135333600
5_989,0.20482873067271400
5_990,0.2013545006054850
5_991,0.19653959588314500
5_992,0.1885886588702930
5_993,0.18180537561090000
5_994,0.17718174246767000
5_995,0.17433777397282600
5_996,0.1754061486405590
5_997,0.18588999510224300
5_998,0.07649305675450300
5_999,0.07957540165355900
5_1000,0.07941575172969770
5_1001,0.07779695996341380
5_1002,0.0769510406015582
5_1003,0.0781514430284934
5_1004,0.07909314303150360
5_1005,0.07975541980795290
5_1006,0.06601675201270400
6_639,0.08779902997402280
6_640,0.08915479814798110
6_642,0.0849706635398349
6_643,0.08114432784131520
6_644,0.07748876134701260
6_645,0.0743872055307976
6_646,0.07156490864061250
6_647,0.07119692603949640
6_648,0.07016945106572520
6_649,0.06824125448405990
6_650,0.06580059623160680
6_651,0.18067315118259600
6_652,0.18366784600974600
6_653,0.2997703839135340
6_654,0.30214138160580500
6_655,0.41637367092372800
6_656,0.4142559446396480
6_657,0.4125627864435830
6_658,0.4105508676733030
6_659,0.40975118737751200
6_660,0.2955995040004460
6_661,0.407786704030022
6_662,0.292606540952984
6_663,0.40643277465848400
6_664,0.29067778136999100
6_666,0.290964273679486
6_667,0.2919850648446870
6_668,0.29365297382506900
6_669,0.29416065821561800
6_670,0.4098387382741010
6_671,0.29707314872605000
6_672,0.29636983719814900
6_673,0.17915149737971000
6_674,0.17674535551455600
6_675,0.17540332834254700
6_676,0.17695991836760700
6_677,0.29251318889624800
6_678,0.29491046243661900
6_679,0.18275977078083800
6_680,0.18631352386872800
6_681,0.19247168548471500
6_682,0.2006243852699260
6_683,0.20598991618648900
6_684,0.20928939681281600
6_685,0.20910874795003500
6_686,0.09269763282363160
6_687,0.20458362651084300
6_688,0.1995671150579830
6_689,0.19273150067871400
6_690,0.30191217014486800
6_691,0.29262596195786600
6_692,0.2859294809466310
6_693,0.2834824987466650
6_694,0.3984744024442070
6_695,0.5141713022309660
6_696,0.39632464256968800
6_697,0.39657022617740600
6_698,0.39632219401266000
6_699,0.281617566102385
6_700,0.39915934950015100
6_701,0.40226413286451900
6_702,0.39915383652274900
6_703,0.281756297561303
6_704,0.1656698378545760
6_705,0.1662267460589500
6_706,0.165270773401017
6_707,0.16695239956789900
6_708,0.2826259076663050
6_709,0.17179392314173100
6_710,0.17285306817904400
6_711,0.176914802186311
6_712,0.1740721697283100
6_713,0.16847953474301700
6_714,0.1661104522148290
6_715,0.168641130714966
6_716,0.16934446021215100
6_717,0.05646099689071480
6_718,0.16970848348369700
6_719,0.1705888502031930
6_720,0.17065813149354400
6_721,0.1749512570041240
6_722,0.17953515905575400
6_723,0.29827709802475800
6_724,0.2994269159121370
6_725,0.30050719804398100
6_726,0.29854891307003300
6_727,0.2981291744925570
6_728,0.2947127670721350
6_729,0.2914966465376530
6_730,0.28931890315598300
6_731,0.2904420946055020
6_732,0.2931758002711130
6_733,0.2950310989188760
6_734,0.2971046565307150
6_735,0.29960267030864800
6_736,0.18341638659393500
6_737,0.18204585050888700
6_738,0.18045411061051700
6_739,0.17966655645007600
6_740,0.17671449608059900
6_741,0.05490144760146870
6_742,0.04709928008082890
6_743,0.03984074230527170
6_744,0.03234981087326860
6_745,0.027783916884200600
6_746,0.028265114717744500
6_747,0.02944829802320160
6_748,0.029709833471710700
6_749,0.14802839899701700
6_750,0.14988113089204700
6_751,0.14972342268079600
6_752,0.14899671378020100
6_753,0.149609511230734
6_754,0.1498163054072690
6_755,0.1465900052939290
6_756,0.14324867570033700
6_757,0.14084048784441800
6_758,0.020746643652154100
6_759,0.017377199097749300
6_760,0.13727374271451400
6_761,0.137083822562294
6_762,0.13684860972069200
6_763,0.13561788166471700
6_764,0.1396736685167340
6_765,0.1449363285158590
6_766,0.1493307984626730
6_767,0.2689037925818930
6_768,0.27513268143787600
6_769,0.15837709872663300
6_770,0.1586841431191180
6_771,0.156660807142195
6_772,0.1551011414571540
6_773,0.15188665585547800
6_774,0.14934258013670600
6_775,0.14914508592695200
6_776,0.0333860462485845
6_777,0.031684600525704000
6_778,0.031792957170306000
6_779,0.033131552081293700
6_780,0.036340713468980300
6_781,0.039280498198392200
6_782,0.03999452095416380
6_783,0.038327792619955600
6_784,0.03785467713296380
6_785,0.03540791132032140
6_786,0.034785023436334300
6_787,0.034725244566348700
6_788,0.03322897926209820
6_789,0.03236637220738800
6_790,0.032697572937462600
6_791,0.032905218296660900
6_792,0.03571665912765030
6_793,0.03137952882756910
6_794,0.028994225360087400
6_795,0.02529477714934000
6_796,0.018855915788107100
6_797,0.13922739159465700
6_798,0.1387402479856920
6_799,0.2603138945134380
6_800,0.2626772805465290
6_801,0.26027365255771600
6_802,0.263282343493609
6_803,0.26950662958551400
6_804,0.2711477595595590
6_805,0.27614835164950100
6_806,0.1580271565890240
6_807,0.1602564919001100
6_808,0.039238398109871200
6_809,0.040090244279619900
6_810,0.0464282164375634
6_811,0.05261366951810070
6_812,0.056606187859210900
6_813,0.06422132030914520
6_814,0.07321620647765620
6_815,0.08261757100186740
6_816,0.09570364666731750
6_817,0.10715362690567400
6_818,0.10884613890681400
6_819,0.11730193646733100
6_820,0.2250319504399690
6_821,0.23040102168796000
6_822,0.23463265914884100
6_823,0.2360324089334160
6_824,0.23644005180757800
6_825,0.2334515414945430
6_826,0.23334108469078200
6_827,0.23813744284267200
6_828,0.23146258225639700
6_829,0.12603266593491100
6_830,0.12430187336375700
6_831,0.12562511569677000
6_832,0.12744020657633700
6_833,0.12758885508042700
6_834,0.12653321577684400
6_835,0.1248140587621500
6_836,0.12564262976996500
6_837,0.23366356593823500
6_838,0.23291969712606400
6_839,0.23154396426557100
6_840,0.3339706067486520
6_841,0.3317284929387840
6_842,0.33407463628388400
6_843,0.33436071146961000
6_844,0.3366887026010330
6_845,0.33897057663325500
6_846,0.23068673654019200
6_847,0.23105186898739000
6_848,0.2308871256896290
6_849,0.2326217592728910
6_850,0.23264297851031300
6_851,0.23109034650143200
6_852,0.23209234442892900
6_853,0.23126629433387700
6_854,0.2307911945856220
6_855,0.2338317566521380
6_856,0.23467227204080600
6_857,0.23614948422648500
6_858,0.1313468949110290
6_859,0.13421234523763900
6_860,0.1387828103338400
6_861,0.24311758271678300
6_862,0.24874041690487400
6_863,0.2552023437028160
6_864,0.26275384701367200
6_865,0.2710434696963570
6_866,0.27933126127401100
6_867,0.2865831635814510
6_868,0.3865315761543340
6_869,0.3890117147551730
6_870,0.2936132570350260
6_871,0.299768791073144
6_872,0.30410122223660000
6_873,0.30815044710187800
6_874,0.3103589366800960
6_875,0.30999377449135400
6_876,0.405928694085251
6_877,0.3133891373913680
6_878,0.40909546509275400
6_879,0.4130042586091270
6_880,0.4107561780190300
6_881,0.4095928341623690
6_882,0.40757552414629300
6_883,0.5054854809425130
6_884,0.5059134757164660
6_885,0.4063066412847470
6_886,0.39913187729154700
6_887,0.296205060695239
6_888,0.2841711952678020
6_889,0.3803843139666030
6_890,0.37643228826956000
6_891,0.37433879488137000
6_892,0.2721441396532430
6_893,0.2636257410520640
6_894,0.36618271673240500
6_895,0.3674852358659000
6_896,0.4747145560788610
6_897,0.47270979089481900
6_898,0.3628678738280200
6_899,0.3475232965833620
6_900,0.3309931905710070
6_901,0.3151079897677870
6_902,0.3029751900492520
6_903,0.18426625442980400
6_904,0.28967230466711200
6_905,0.16946051210251300
6_906,0.16008060852463700
6_907,0.15250380434337700
6_908,0.14991352623354100
6_909,0.1468032855404460
6_910,0.14428259300113300
6_911,0.14305086674870100
6_912,0.14113364223595200
6_913,0.01950919962354090
6_914,0.018524687010482800
6_915,0.13828329519492800
6_916,0.14265235212188900
6_917,0.14943614353897100
6_918,0.16559275204898700
6_919,0.28538771105991400
6_920,0.2991009292020570
6_921,0.312903700550235
6_922,0.3330466907993720
6_923,0.3473267991671850
6_924,0.23716408271467
6_925,0.2422534506998940
6_926,0.24291363502043000
6_927,0.23168926919322700
6_928,0.23213713219077900
6_929,0.22907674129500700
6_930,0.22922926030345900
6_931,0.32581086048912900
6_932,0.3261863045114210
6_933,0.3310051171462750
6_934,0.3328927456763660
6_935,0.33647069453228800
6_936,0.34421116750845300
6_937,0.2417824340477000
6_938,0.2493252827828110
6_939,0.25533686920467900
6_940,0.15588167686426100
6_941,0.16031056983143000
6_942,0.16650725263431300
6_943,0.17473403957247200
6_944,0.18222457520491300
6_945,0.1880548246805610
6_946,0.2858530864629090
6_947,0.284829465228757
6_948,0.38115638089752500
6_949,0.38190267687010400
6_950,0.3794347539349180
6_951,0.37441116232356100
6_952,0.3747166087036010
6_953,0.37693026734972800
6_954,0.3806539725521800
6_955,0.28882697467765300
6_956,0.3878200334195550
6_957,0.3003155230443570
6_958,0.31126220368822500
6_959,0.32073717282845000
6_960,0.3246750487291380
6_961,0.3272700980160150
6_962,0.33007292648149000
6_963,0.3305897975791840
6_964,0.4256820487330110
6_965,0.3293234431706520
6_966,0.319018339189907
6_967,0.3045313364013600
6_968,0.29273231681885000
6_969,0.2863092914247550
6_970,0.28431595330971300
6_971,0.3778507116314960
6_972,0.4694715533709380
6_973,0.3707964942924450
6_974,0.37380179519402700
6_975,0.3715211922807660
6_976,0.37144189928708000
6_977,0.3709151449720800
6_978,0.368663974252574
6_979,0.466406756810654
6_980,0.3597903669107590
6_981,0.2569425162630560
6_982,0.24799114740244300
6_983,0.23680801154129200
6_984,0.23612077407196300
6_985,0.23475763751955100
6_986,0.2312736802929950
6_987,0.22584991404880800
6_988,0.1118152686616570
6_989,0.10430518918485400
6_990,0.09609712372170960
6_991,0.08695232366238490
6_992,0.08165857982766580
6_993,0.0714111479886075
6_994,0.0645865516426229
6_995,0.06119574319585910
6_996,0.05870176849991440
6_997,0.0565956928792362
6_998,0.17593805930033400
6_999,0.17666386513085800
6_1000,0.1796462453619250
6_1001,0.1758243559446570
6_1002,0.17406554242977700
6_1003,0.17116816889222500
6_1004,0.17092831437027800
6_1005,0.1705529684498220
6_1006,0.1714685126948100
6_1007,0.05191711477448870
6_1008,0.049838709746639300
6_1009,0.04572002477240670
6_1010,0.043299932291900400
6_1011,0.03980229972349320
6_1012,0.03276990690511200
6_1013,0.023607672512687100
6_1014,0.015786803181458000
6_1015,0.009076218626821330
6_1016,0.004895642245614490
6_1017,0.12370047115425800
6_1018,0.12468892469266700
6_1019,0.12790757931799500
6_1020,0.13221618187782700
6_1021,0.13872737417648100
6_1022,0.14864925049287400
6_1023,0.15966286981415200
6_1024,0.16877295252986200
6_1025,0.1762877636030670
6_1026,0.0578526771796853
6_1027,0.05946157790534870
6_1028,0.055453391797740700
6_1029,0.17214706908161800
6_1030,0.16693346380520300
6_1031,0.16191600277240000
6_1032,0.15968786606970700
6_1033,0.16145871348323600
6_1034,0.1628599407712620
6_1035,0.16878609651213600
6_1036,0.1697474731539480
6_1037,0.17342901457403200
6_1038,0.17326063194558300
6_1039,0.17744580619516900
6_1040,0.18176676781567600
6_1041,0.17984493555969300
6_1042,0.17621651938149200
6_1043,0.17026101872716300
6_1044,0.16505818139534300
6_1045,0.16444169391659600
6_1046,0.16344311039646400
6_1047,0.04451323455442220
6_1048,0.04160096362438460
6_1049,0.039991174201844700
6_1050,0.04095425590445180
6_1051,0.041406760192564800
6_1052,0.043795349943540900
6_1053,0.045568582262082600
6_1054,0.043373722983002700
6_1055,0.04614622832773520
6_1056,0.04863875755467580
6_1057,0.05279678851567870
6_1058,0.05100084293752480
6_1059,0.04815042650024660
6_1060,0.044029885870318500
6_1061,0.04302250551214430
6_1062,0.04174812912336150
6_1063,0.04436900189459640
6_1064,0.04288452250893810
6_1065,0.04208458435516020
6_1066,0.04139159672668830
6_1067,0.04138896484399230
6_1068,0.04259508972548860
6_1069,0.04541471949781030
6_1070,0.04460856044868360
6_1071,0.046239110365996000
6_1072,0.04586334287083680
6_1073,0.044420634612841300
6_1074,0.16358945756396500
6_1075,0.16218404357484300
6_1076,0.16142952983920700
6_1077,0.1586651604982920
6_1078,0.15413392292574600
6_1079,0.14986236268281500
6_1080,0.14398122052137900
6_1081,0.14201719172617400
6_1082,0.2604207473802750
6_1083,0.1383881042438620
6_1084,0.1347934632477060
6_1085,0.2517928717126400
6_1086,0.2496953794995300
6_1087,0.24793623206752200
6_1088,0.36733341901735200
6_1089,0.3670291581499990
6_1090,0.3662419261269730
6_1091,0.24794602929999200
6_1092,0.24917265292589700
6_1093,0.25100191625694000
6_1094,0.13161202467729700
6_1095,0.13186895846702900
6_1096,0.1329145360055090
6_1097,0.013385616832061300
6_1098,0.01333144344873650
6_1099,0.13272042365405500
6_1100,0.13146553520041500
6_1101,0.12999062672771900
6_1102,0.12676230949167600
6_1103,0.12655311007892500
6_1104,0.13093227968526600
6_1105,0.13149114658542300
6_1106,0.1347558469327570
6_1107,0.13789698316722700
6_1108,0.021970474441544500
6_1109,0.022548948021469600
6_1110,0.02427291374177670
6_1111,0.027526106137261600
6_1112,0.032277540002246100
6_1113,0.03003031775612980
6_1114,0.029546396252771000
6_1115,0.027892310665754700
6_1116,0.02796908006846410
6_1117,0.02260942495128780
6_1118,0.021779659955930500
6_1119,0.02240728869279270
6_1120,0.022206785610347200
6_1121,0.019676489444756800
6_1122,0.02389488334539800
6_1123,0.02730091526665050
6_1124,0.14973961220834700
6_1125,0.14979553870283600
6_1126,0.2725372807744520
6_1127,0.2756590779100070
6_1128,0.27597300941069900
6_1129,0.28111452027113400
6_1130,0.28229066155410200
6_1131,0.3984142908560310
6_1132,0.4018362485940350
6_1133,0.2861235855962210
6_1134,0.2912620271298640
6_1135,0.17565534460070400
6_1136,0.180341553814369
6_1137,0.18545303188606800
6_1138,0.18718559012518000
6_1139,0.1926142228551660
6_1140,0.080752182811458
6_1141,0.08534518853510920
6_1142,0.08866358243787630
6_1143,0.09081542666284670
6_1144,0.20498367328950700
6_1145,0.20413822888734000
6_1146,0.20220375043789600
6_1147,0.19921891160912100
6_1148,0.2005445908261800
6_1149,0.3131762594437030
6_1150,0.31653031930497800
6_1151,0.3177575501845870
6_1152,0.32163801160935600
6_1153,0.213009582027384
6_1154,0.32755142014899300
6_1155,0.3324996201814450
6_1156,0.34201643478078600
6_1157,0.3446177134747380
6_1158,0.23522502606461700
6_1159,0.23493070987412300
6_1160,0.23523363927142700
6_1161,0.34332329125150800
6_1162,0.45270625290236300
6_1163,0.33868460732540400
6_1164,0.33517584768739500
6_1165,0.3328690712805800
6_1166,0.32746135392283400
6_1167,0.32682516443042700
6_1168,0.3255471308501410
6_1169,0.3259512275117230
6_1171,0.2131009611414530
6_1172,0.21577947530826600
6_1173,0.21526462383108800
6_1175,0.21328135561025500
6_1176,0.20503108486021000
6_1177,0.2012867929695000
6_1178,0.19147569848567900
6_1179,0.181298844089948
6_1180,0.17505047600653700
6_1181,0.17306771078138900
6_1182,0.05389209987604060
6_1183,0.05125735707122730
6_1184,0.049160731855443900
6_1185,0.04969803333726500
6_1186,0.16434191839576800
6_1187,0.165494308971278
6_1188,0.16802080353645900
6_1189,0.16446489656839300
6_1190,0.1650842399665430
6_1191,0.16891731958706600
6_1192,0.2841191931290760
6_1193,0.28321578036652600
6_1196,0.28231676565353000
6_1197,0.16606076826788200
6_1198,0.16354102053888800
6_1199,0.1614717219161800
6_1200,0.2811583600937730
6_1201,0.2781986391539460
6_1202,0.27246916489745700
6_1203,0.15503453398135000
6_1204,0.1563517975155880
6_1205,0.27764412398447300
6_1206,0.28079042524551200
6_1207,0.2865793373160410
6_1208,0.2891896273790070
6_1209,0.17199610967630300
6_1210,0.17170784369393100
6_1211,0.1700530720528050
6_1212,0.16875699149219000
6_1213,0.16609778253497400
6_1215,0.04388272603163480
6_1216,0.0391350016078771
6_1217,0.0330551768209066
6_1218,0.02835997842929500
6_1219,0.14435167407922200
6_1220,0.13949517208499900
6_1221,0.14092473651612800
6_1222,0.14043395674680700
6_1223,0.14155221581260200
6_1224,0.14686680916103200
6_1225,0.1548240785543040
6_1226,0.1629190309412690
6_1227,0.16887237928266200
6_1229,0.04984454210196000
6_1230,0.17084314569071200
6_1231,0.16993316619911400
6_1232,0.17297027925580500
6_1233,0.17558001214989900
6_1234,0.17116554262518000
6_1236,0.2842392555163900
6_1237,0.2769297898670890
6_1238,0.3914740425506020
6_1240,0.3932757206018670
6_1241,0.27789369007881300
6_1242,0.2818521998577270
6_1243,0.28048098704151500
6_1245,0.2778080828097590
6_1246,0.2752816507252850
6_1248,0.2785282398922770
6_1249,0.28099511575619200
6_1250,0.16458493204480200
6_1251,0.16617701583777900
6_1252,0.16859261783797700
6_1253,0.16848039679583000
6_1254,0.17022416731453000
6_1256,0.17221655914412900
6_1257,0.173625962919059
6_1258,0.050169783659643900
6_1259,0.046110197707268700
6_1260,0.04355653220353320
6_1261,0.1582908579412670
6_1262,0.16046076004530500
6_1263,0.1606892557304970
6_1265,0.1622651674314580
6_1267,0.16364281328060500
6_1268,0.16731574770274700
6_1269,0.17052693859341300
6_1270,0.17338458229477100
6_1271,0.17301784935966500
6_1273,0.05352678427356320
6_1274,0.16499415388680700
6_1275,0.16443014098962300
6_1276,0.28087329603831100
6_1277,0.2745397673316900
6_1278,0.30136351274319200
6_1279,0.33711827578450500
6_1281,0.3867602203307820
6_1282,0.4581132956440800
7_0,0.040564552003898200
7_1,0.21985497197090300
7_2,0.1949185282582130
7_3,0.17501108953766900
7_4,0.15809269127293400
7_5,0.15803073017163300
7_6,0.1589274377963480
7_7,0.15751921858691600
7_8,0.16285546422935000
7_9,0.16596672599411900
7_10,0.05100738850286330
7_11,0.05231927021510400
7_12,0.05639883559144220
7_13,0.06163918576655630
7_14,0.06541345143659580
7_15,0.067810784805571
7_16,0.07255038214238140
7_17,0.07087445572973000
7_18,0.06808445887185790
7_19,0.06555317491692750
7_20,0.06905533233026090
7_21,0.06910499505146470
7_22,0.06847698315128550
7_23,0.06677727007097960
7_24,0.06489997070733310
7_25,0.05902540875023150
7_26,0.05578093263466790
7_27,0.0534626749924918
7_28,0.052051513312660900
7_29,0.048994077557593900
7_30,0.04532925317178450
7_31,0.045032138282240500
7_32,0.04891761833080650
7_33,0.054706702439254500
7_34,0.05809657603416970
7_35,0.061488971109145
7_36,0.06969670281755140
7_37,0.07178959579130990
7_38,0.07069980269435240
7_39,0.07401190179205820
7_40,0.07283758680931940
7_41,0.06997235196078430
7_42,0.06990252403381360
7_43,0.07619755807841910
7_44,0.07817447008525940
7_45,0.07504474326332180
7_46,0.07428310683266330
7_47,0.07257338667692320
7_48,0.06866289994357990
7_49,0.06525077792861040
7_50,0.06137956763821570
7_51,0.17580413112093800
7_52,0.16966054217718100
7_53,0.1746821678383530
7_54,0.17898683854666500
7_55,0.1847348087108020
7_56,0.19176902935081600
7_57,0.2001750933885680
7_58,0.2105994920519610
7_59,0.2203627754960770
7_60,0.10854077486867800
7_61,0.11291722056789000
7_62,0.11097889635990300
7_63,0.10901272240970700
7_64,0.10681972447523100
7_65,0.10707583312978000
7_66,0.10358048199612400
7_67,0.2097720484650300
7_68,0.20821962589014600
7_69,0.20433018431500400
7_70,0.20023759140388400
7_71,0.200442245603265
7_72,0.19959085631501400
7_73,0.311718539463414
7_74,0.30448442434321000
7_75,0.3000061905905370
7_76,0.19131630341496800
7_77,0.18882510422226300
7_78,0.19011299739943900
7_79,0.19018975238381500
7_80,0.30289891944772800
7_81,0.3033573016453380
7_82,0.30346034583162000
7_83,0.31248414228664700
7_84,0.32185768954303600
7_85,0.43528289825117900
7_86,0.44149800326877800
7_87,0.4477586217953290
7_88,0.45603793096296700
7_89,0.34588088925210900
7_90,0.3515114192508910
7_91,0.24371542347149500
7_92,0.24504449214608200
7_93,0.24344919854031000
7_94,0.1312997376462830
7_95,0.12736230644363400
7_96,0.12377423428634400
7_97,0.12451226959409400
7_98,0.12062344129463800
7_99,0.11728797124207000
7_100,0.1120305481705080
7_101,0.21937642647769200
7_102,0.21438840645174700
7_103,0.21344739290676700
7_104,0.3253431438650130
7_105,0.32278132483475400
7_106,0.32293455698204700
7_107,0.3266769976942960
7_108,0.3290076654453720
7_109,0.3393453639618480
7_110,0.237485322447915
7_111,0.3517846376213900
7_112,0.3533351542069440
7_113,0.24182367949932900
7_114,0.24112254234826300
7_115,0.23475122137689500
7_116,0.2261929989344020
7_117,0.3345013633953410
7_118,0.32503078638458300
7_119,0.3137495383227280
7_120,0.2016533253538100
7_121,0.19834239824170200
7_122,0.19691224580892500
7_123,0.20083470091775600
7_124,0.2051253814109470
7_125,0.21763576352876800
7_126,0.21497845257902100
7_127,0.2209087849429530
7_128,0.22992995131612900
7_129,0.23758203257169400
7_130,0.24341360280871200
7_131,0.24841199365561500
7_132,0.2556189654807520
7_133,0.2620694235905760
7_134,0.2634073405086760
7_135,0.1634324532661540
7_136,0.1646186308711940
7_137,0.16360439889842300
7_138,0.1623176301678130
7_139,0.16553987508923400
7_140,0.1677610879753110
7_141,0.1698573804227070
7_142,0.1723718272344960
7_143,0.17484853324817000
7_144,0.1733715784922500
7_145,0.17651429680877900
7_146,0.17581683227695300
7_147,0.17579299440853400
7_148,0.1712859460735860
7_149,0.2781651936705120
7_150,0.27290451537672200
7_151,0.26837347352534300
7_152,0.26120939964763900
7_153,0.26271449926069000
7_154,0.26045536810577200
7_155,0.36544338955852000
7_156,0.36593176417842300
7_157,0.369228167628573
7_158,0.2599576398761480
7_159,0.25407760542766700
7_160,0.2498351786628530
7_161,0.25291593001085700
7_162,0.24945003235755600
7_163,0.24791285280666200
7_164,0.14721627511834000
7_165,0.1526386262424080
7_166,0.15289136787250900
7_167,0.15283882784509500
7_168,0.15351616735085700
7_169,0.14693851235002700
7_170,0.13714754089883600
7_171,0.13063707748638400
7_172,0.23501881680421200
7_173,0.22055498490389300
7_174,0.20422010161028900
7_175,0.19401063319314900
7_176,0.18658144439359000
7_177,0.1832221896674100
7_178,0.29428032661253700
7_179,0.293999049342256
7_180,0.2921714939280340
7_181,0.2913352270060650
7_182,0.29481695380328200
7_183,0.30116799631198700
7_184,0.30639247564656900
7_185,0.31052865058023000
7_186,0.3140284798431280
7_187,0.20244512250316600
7_188,0.203068218103282
7_189,0.201319524055062
7_190,0.08736325307694610
7_191,0.08351545537310160
7_192,0.0765297134392892
7_193,0.07119311802960350
7_194,0.06490003669802640
7_195,0.056932186589663100
7_196,0.05133191511659210
7_197,0.04687446745529700
7_198,0.045034464428124800
7_199,0.159546845212469
7_200,0.16299636754097300
7_201,0.16707890345031200
7_202,0.16696134773143100
7_203,0.16873718812004600
7_204,0.17227613969985700
7_205,0.17879142146260900
7_206,0.18455062048913700
7_207,0.19031082111610600
7_208,0.07995653951311130
7_209,0.1913006083887910
7_210,0.19251101703412000
7_211,0.19638071436816800
7_212,0.20007936156228500
7_213,0.20221605430795600
7_214,0.3112500532435750
7_215,0.4191266519007800
7_216,0.42364982622076300
7_217,0.43223388461371000
7_218,0.3371828331161150
7_219,0.3514810662679220
7_220,0.36587303356446700
7_221,0.37943825481679300
7_222,0.39421522092602600
7_223,0.2950026851009170
7_224,0.19810610095634600
7_225,0.2060602239130480
7_226,0.21118871422713200
7_227,0.20855967209456000
7_228,0.20531340903927400
7_229,0.19832108149199500
7_230,0.19152269936670800
7_231,0.289662984782105
7_232,0.2910541284393320
7_233,0.28977708415766800
7_234,0.2842259662008630
7_235,0.2763270983106380
7_236,0.27266510332488
7_237,0.2721422984111590
7_238,0.27346252691529900
7_239,0.3828079483525720
7_240,0.27689304463653000
7_241,0.26998084505521100
7_242,0.262112959165531
7_243,0.36778991772367600
7_244,0.3598098182286600
7_245,0.34760440929708700
7_246,0.3348174015525150
7_247,0.322987886196148
7_248,0.20260627199647100
7_249,0.19584131438775500
7_250,0.19114159173155300
7_251,0.19393544710908400
7_252,0.09128339049694740
7_253,0.10503025211949100
7_254,0.21718953601992600
7_255,0.2302432902265380
7_256,0.23957832801904900
7_257,0.245948500258854
7_258,0.2492330891148610
7_259,0.2536246166963260
7_260,0.25018931419589600
7_261,0.24221139552205200
7_262,0.33853739341815200
7_263,0.3394479714163640
7_264,0.33187440126026300
7_265,0.3238415268289070
7_266,0.31413097654864200
7_267,0.3021512948649570
7_268,0.2934572404245070
7_269,0.287680712830355
7_271,0.27791212118348400
7_272,0.16415104522012900
7_273,0.04744970064189290
7_274,0.03809652991661360
7_275,0.034438023145356500
7_276,0.035528190622307900
7_277,0.03876781899115450
7_278,0.03637875672761680
7_279,0.034422896404282700
7_280,0.03528386319717020
7_281,0.03397135190588450
7_282,0.03527642207785610
7_283,0.15145432899876100
7_284,0.1479066871259780
7_285,0.14688516513721000
7_286,0.145182119029949
7_287,0.14800638099930700
7_288,0.14817003949855300
7_289,0.14747973726092500
7_290,0.14665771654685800
7_291,0.14554002123375800
7_292,0.02990221417752320
7_293,0.034085584851956700
7_294,0.03485398808745910
7_295,0.15192749097093100
7_296,0.15138939009550900
7_297,0.15216217700658600
7_298,0.15362018770246300
7_299,0.2710528590875730
7_300,0.27384966347443400
7_301,0.2783510968034370
7_302,0.39366198860501300
7_303,0.3985174889522980
7_304,0.2883819666929400
7_305,0.28919478692482200
7_306,0.2896729174018860
7_307,0.2951211056715400
7_308,0.182696072518358
7_309,0.1877792286090540
7_310,0.18959089846222300
7_311,0.08253446665334000
7_312,0.08659950576953680
7_313,0.09297022175325900
7_314,0.10354732005418900
7_315,0.11447222562204200
7_316,0.1188623904610350
7_317,0.12769962469117100
7_318,0.1305418975454670
7_319,0.24221150943471000
7_320,0.23877751244754200
7_321,0.2385929948330700
7_322,0.24024845531455700
7_323,0.2416544361859100
7_324,0.24339546739035300
7_325,0.2507991655483620
7_326,0.24873460580562400
7_327,0.24660297274177900
7_328,0.24280687054500000
7_329,0.2420746355368180
7_330,0.24298322508956800
7_331,0.23963932473339600
7_332,0.24004173882456400
7_333,0.2350731639147310
7_334,0.22799257045954600
7_335,0.23135583469840200
7_336,0.23642523837267300
7_337,0.13425057647829600
7_338,0.24633349165571700
7_339,0.25123143781006700
7_340,0.2596210394244150
7_341,0.2675797916162170
7_342,0.2754079355508450
7_343,0.381955800163035
7_344,0.38643153152415000
7_345,0.39403110941863500
7_346,0.39917132510218000
7_347,0.29962997627488300
7_348,0.3001410082802680
7_349,0.30013387356198800
7_350,0.2966740889600500
7_351,0.29679325241233
7_352,0.1961886176975680
7_353,0.19537729845382100
7_354,0.2933344327792190
7_355,0.29261100119014700
7_356,0.28621854159638700
7_357,0.28523421757501900
7_358,0.38519768529001000
7_359,0.37934588556747200
7_360,0.37194508300975400
7_361,0.4718396324981940
7_362,0.46799333834400600
7_363,0.3600673261075220
7_364,0.35229661653337700
7_365,0.3526800285394700
7_366,0.35075072772468500
7_367,0.24633251192836600
7_368,0.3508453603683310
7_369,0.35360068282684700
7_370,0.2512612415830970
7_371,0.25354776963847800
7_372,0.25561653021328200
7_373,0.26003806525519100
7_374,0.3686065548889310
7_375,0.3678732708080550
7_376,0.37098885221362500
7_377,0.26318209806879500
7_378,0.25881041845560500
7_379,0.2510866803297930
7_380,0.24447167376001900
7_381,0.24046405996178500
7_382,0.23794044093982200
7_383,0.2390668593184130
7_384,0.24090074995164000
7_385,0.2386534810268480
7_386,0.24348023635007500
7_387,0.251023207928864
7_388,0.2604106082972860
7_389,0.26623780681438500
7_390,0.2735362400666950
7_391,0.28054946402017800
7_392,0.17936826828266100
7_393,0.1863185973019040
7_394,0.19245343086979800
7_395,0.20283804225816900
7_396,0.21181282800792200
7_397,0.22160699924115300
7_398,0.22791843116263700
7_399,0.23180568137936700
7_400,0.2315154181964380
7_401,0.3302237103232750
7_402,0.3329424245007100
7_403,0.32984220698629200
7_404,0.4255554421065770
7_405,0.5201920459872250
7_406,0.5110865733568180
7_408,0.5073456041809810
7_409,0.5076975756404910
7_410,0.6070389412251540
7_411,0.6046655350255870
7_412,0.6079679719200950
7_413,0.6143192295916780
7_414,0.5206252657171160
7_415,0.43115565566332100
7_416,0.44009523800911200
7_417,0.4474242414155870
7_418,0.4556371513970270
7_420,0.36096647625128300
7_421,0.26906494792907700
7_422,0.267681532972354
7_423,0.3626646107548330
7_424,0.36414501591326100
7_425,0.4501218127538540
7_426,0.4501961871321980
7_427,0.45752827621991600
7_429,0.4637871767726250
7_430,0.4799953686996090
7_431,0.4975989109562260
7_432,0.5026114678882500
7_433,0.5030042906179050
7_434,0.4976686338681360
7_435,0.4034777434053300
7_437,0.3985976886996860
7_438,0.38220629049253700
7_439,0.38282172848442800
7_440,0.3757733794004700
7_441,0.3604085865727010
7_442,0.3564756802479490
7_444,0.2672561497058140
7_445,0.2665128394075010
7_446,0.3614774559877810
7_447,0.36938498498835400
7_448,0.3832060544154680
7_449,0.38344671594752700
7_450,0.38055171058764700
7_451,0.38659621259943500
7_452,0.3926770983674530
7_453,0.38970513599514300
7_454,0.4000434743960310
7_456,0.316327715214604
7_457,0.31937256022751600
7_458,0.32073553410193000
7_459,0.3263689907471050
7_461,0.3363793221960080
7_462,0.3391405180546910
7_463,0.34689360405300800
7_464,0.3526905703831970
7_465,0.3648748518570680
7_466,0.3781455273626490
7_467,0.3797548082937140
7_468,0.39150694542765500
7_469,0.4717017445602380
7_470,0.4686658923206790
7_471,0.46836260229293200
7_472,0.46936024809927700
7_473,0.4694441799332890
7_474,0.4691677673592820
7_475,0.5363838945148400
7_476,0.5454246133224350
7_477,0.5529218087418000
7_478,0.47698427975847000
7_479,0.48127190609298000
7_480,0.47821763193616900
7_481,0.5537885695334980
7_482,0.5521328694019260
7_483,0.5390961486490140
7_484,0.5466867943065960
7_485,0.5308810058815240
7_486,0.5138428825866710
7_487,0.4913301537432230
7_489,0.4713523708354480
7_490,0.4568967414334370
7_491,0.45977199078490700
7_492,0.44510567356729500
7_493,0.4312187263976060
7_494,0.3273402437467150
7_495,0.3132829252629680
7_496,0.29274122257400500
7_497,0.2822830201224650
7_498,0.27496225216508200
7_499,0.26997094972084900
7_500,0.16739417634686500
7_501,0.16556238568415300
7_502,0.16346664028222800
7_503,0.16189296189774900
7_504,0.1633782490070480
7_505,0.16624230933378400
7_506,0.16910624538141200
7_507,0.17066110719922500
7_508,0.17392458092639300
7_509,0.2750865263820950
7_510,0.27482165517265500
7_511,0.2740631728922720
7_512,0.2718201054104690
7_513,0.27616469062003400
7_514,0.2722337357713470
7_515,0.26730571231273700
7_516,0.2640314387770550
7_518,0.25771783295851600
7_519,0.15009539178679200
7_520,0.14482911577322400
7_521,0.14670703573602900
7_522,0.14983399543711200
7_523,0.14677551395106200
7_524,0.15005774520165500
7_525,0.15311025879213900
7_526,0.15935400225588900
7_527,0.16366220967301900
7_528,0.16597309103250800
7_529,0.2741681452760330
7_531,0.2677407928408740
7_532,0.26193724449524600
7_533,0.2574963389377670
7_534,0.2532746025365560
7_535,0.2504853627211640
7_537,0.24745756007234200
7_538,0.24565305770844000
7_539,0.2513457397698900
7_540,0.2519431004430850
7_541,0.2593275315299260
7_542,0.2672800065312110
7_543,0.27465323394790700
7_544,0.28235289015398200
7_545,0.283933050211151
7_546,0.3878514463029130
7_547,0.3890568264089670
7_548,0.38385186783911300
7_549,0.2766820902759600
7_550,0.2689404870086490
7_551,0.25876442699603500
7_552,0.24911462433614100
7_553,0.24146156845121300
7_554,0.24090090847497500
7_555,0.1393402065199320
7_556,0.1460632416332120
7_557,0.15450054770871600
7_558,0.16325689182280700
7_559,0.17395155667207700
7_560,0.2786731601361190
7_561,0.29255705058150800
7_562,0.3033152543010200
7_563,0.31805946590732900
7_564,0.32929666221421400
7_565,0.3400694885071820
7_566,0.36168192320355400
7_567,0.3873720457204790
7_568,0.4100924313472900
7_569,0.33783345389339500
7_570,0.35875645325891
7_571,0.38353116890465300
7_572,0.4001573724217520
7_574,0.4142499047246010
7_575,0.4236744322183510
7_576,0.41174311853792000
7_577,0.38964729455497500
7_578,0.3684459698331390
7_579,0.36183838364269700
7_580,0.3622012872939830
7_581,0.3543166418034940
7_582,0.3530316451420110
7_583,0.35213541418377400
7_584,0.3463995105346840
7_586,0.3527887202730380
7_587,0.3631405242801950
7_588,0.369489162056297
7_589,0.36011552835375800
7_590,0.3350628977579420
7_591,0.32518318618472100
7_592,0.3211374642842430
7_593,0.3140420662467150
7_594,0.318252870619836
7_595,0.3239919592690180
7_597,0.3353113364335800
7_598,0.34781975196634400
7_600,0.35897621387780200
7_601,0.380470793199882
7_603,0.3955121962353170
7_604,0.3997838340679100
8_0,0.4858927385115730
8_1,0.49993652141966100
8_2,0.5094298909447900
8_3,0.5195015948736030
8_4,0.5251945891060810
8_5,0.5394644878458990
8_6,0.6057351550960090
8_7,0.614322444020702
8_8,0.6184004721797860
8_9,0.6250782843454310
8_10,0.6248823108690540
8_11,0.6243887273886210
8_12,0.6179368071133950
8_13,0.615470958132242
8_14,0.6112422947068880
8_15,0.5496060030837710
8_16,0.5444508711356990
8_17,0.541669504450527
8_18,0.5413960602413340
8_19,0.5365146059607850
8_20,0.5346972749246790
8_21,0.5417913163631380
8_22,0.5400276976481790
8_23,0.5356307540825460
8_24,0.599806176570253
8_25,0.6062640776242480
8_26,0.6704608920960770
8_27,0.6668643461255360
8_28,0.6619706288073490
8_29,0.6605870567365890
8_30,0.6557247420392180
8_31,0.660439171068096
8_32,0.6797397488841700
8_33,0.6175754015692320
8_34,0.6263345141535470
8_35,0.5330722327872010
9_0,0.4026843148623480
9_1,0.39957820650532300
9_2,0.39832810313031000
9_3,0.4013191821845580
9_4,0.39992318879191900
9_5,0.4777128333069910
9_6,0.4782883654683350
9_7,0.47849402619195200
9_8,0.4745003525675670
9_9,0.47553832381707200
9_10,0.5562537469215420
9_11,0.55769755366232
9_12,0.5569589708168020
9_13,0.5556655099517670
9_14,0.4761482035262120
9_15,0.4807543398507570
9_16,0.4795565463324410
9_17,0.4804159614719080
9_18,0.4807256937380310
9_19,0.4057529942335830
9_20,0.4053328399708620
9_21,0.4074187335104590
9_22,0.4122535183572290
9_23,0.4234656126481770
9_24,0.4332149729426600
9_25,0.4460434941794500
9_26,0.4571030931972670
9_27,0.4658782723840530
9_28,0.46948610728387600
9_29,0.4704871694162380
9_30,0.4698372931045310
9_31,0.5468413306865450
9_32,0.5398690128604050
9_33,0.5313374364728020
9_34,0.5217961573409200
9_35,0.5126713906660020
9_36,0.5040689417126730
9_37,0.49783581330109200
9_38,0.4997967514774010
9_39,0.4972535043570800
9_40,0.4185265143353070
9_41,0.4159791951115800
9_42,0.4126475135320230
9_43,0.40908720365394200
9_44,0.40539383500305700
9_45,0.4836263133862920
9_46,0.48315797276882300
9_47,0.479051703202202
9_48,0.4773588428546750
9_49,0.47526380418640000
9_50,0.4710085611516190
9_51,0.5487342874999600
9_52,0.5455608743353790
9_53,0.5451082827455560
9_54,0.4654685196919480
9_55,0.46470622510227500
9_56,0.4628189697468150
9_57,0.4606482214248800
9_58,0.45781861792845200
9_59,0.5392202832706480
9_60,0.4595868862407930
9_61,0.46448371953361400
9_62,0.5433422359529240
9_63,0.5506873014731210
9_64,0.5542226657072720
9_65,0.6346208485012900
9_66,0.6381268767225630
9_67,0.7200591584252310
9_68,0.6415368366169000
9_69,0.6424207874774350
9_70,0.6413320668973960
9_71,0.5625367293988120
9_72,0.554469211139018
9_73,0.6285880585960340
9_74,0.5497473267440620
9_75,0.5474489356012030
9_76,0.4693932195333950
9_77,0.4671354118593970
9_78,0.4643790539658850
9_79,0.4626213493557140
9_80,0.4609565908475410
9_81,0.45969797159870500
9_82,0.379076108862428
9_83,0.3777875813436500
9_84,0.3776196067254370
9_85,0.3766219710032450
9_86,0.3772762903843130
9_87,0.37917656335896300
9_88,0.38058505112075400
9_89,0.3823391621221960
9_90,0.3858191533105520
9_91,0.46491371973324900
9_92,0.5437980944171630
9_93,0.5440920899149240
9_94,0.5443930607157890
9_95,0.5444065227690350
9_96,0.5435976918804920
9_97,0.5407926757574550
9_98,0.5426209474423720
9_99,0.5405986634867330
9_100,0.46345189921009900
9_101,0.3883821385138660
9_102,0.38809374365097200
9_103,0.38482946415295200
9_104,0.38384109102239500
9_105,0.3810895630202530
9_106,0.38205070384921500
9_107,0.37758176519541800
9_108,0.37639664832208200
9_109,0.37206036450136000
9_110,0.36497156901081200
9_111,0.4452471176553430
9_112,0.44172334437350800
9_113,0.43858073499288000
9_114,0.43627543550559200
9_115,0.4311885682306550
9_116,0.4311493768499140
9_117,0.42986727691782100
9_118,0.428997423121075
9_119,0.4266684387622750
9_120,0.42622093417940300
9_121,0.4279199019528350
9_122,0.43128805999886800
9_123,0.43888370640475400
9_124,0.45061983994777200
9_125,0.45657050644881400
9_126,0.5410579849476250
9_127,0.5486015973637380
9_128,0.5590087471675030
9_129,0.4851830063848230
9_130,0.49752026897387600
9_131,0.5088653997908160
9_132,0.5219383633561870
9_133,0.5297009976487950
9_134,0.547191205388451
9_135,0.4852588911840260
9_136,0.5059057080116950
9_137,0.5245706375672240
9_138,0.540082073013733
9_139,0.5506583853903860
9_140,0.5645661806858810
9_141,0.626663318071729
9_142,0.631812265973979
9_143,0.6256082817581000
9_144,0.6153854771596270
9_145,0.6007737803747350
9_146,0.5856280727173280
9_147,0.5768362466240020
9_148,0.5708739762645140
9_149,0.5602229970979220
9_150,0.4897230447578340
9_151,0.4852184441306220
9_152,0.4836704545823960
9_153,0.48562683138303700
9_154,0.4901038889589160
9_155,0.4947263249620500
9_156,0.49143649493026900
9_157,0.485330333476044
9_158,0.4750864681105640
9_159,0.4697885648495920
9_160,0.45591782145449200
9_161,0.44256963777164000
9_162,0.43303749398726000
9_163,0.42538480459673900
9_164,0.41852218144851900
9_165,0.41421547790089300
9_166,0.4133748047015300
9_167,0.4157653261959810
9_168,0.41801117145288300
9_169,0.42712495092566900
9_170,0.44018584762451400
9_171,0.4553233344877980
9_172,0.4669424710443100
9_173,0.4790427655914140
9_174,0.4906286677804470
9_175,0.49920533147701000
9_176,0.5063081773283020
9_177,0.5087739922082600
9_178,0.5062200719843610
9_179,0.5699652244215450
9_180,0.5556666394450880
9_181,0.5405024666005990
9_182,0.5283130543116300
9_183,0.5141921512182420
9_184,0.5028990018085610
9_185,0.5707341880982500
9_186,0.5712686773852750
9_187,0.5781942992244290
9_188,0.5134106324011900
9_189,0.5190393535476670
9_190,0.5225575085899620
9_191,0.5220278724244780
9_192,0.5265807075429350
9_193,0.5304972639697460
9_194,0.4564865319479790
9_195,0.45532092337918600
9_196,0.44948017794122500
9_197,0.4446194541512210
9_198,0.4390521416025760
9_199,0.4343026821525720
9_200,0.4311822991133990
9_201,0.42075767893551200
9_202,0.4104223748313240
9_203,0.4855074864212470
9_204,0.4757369842148420
9_205,0.46433200713508200
9_206,0.5396208309403240
9_207,0.5395722449922830
9_208,0.5360520755980900
9_209,0.6168661493732190
9_210,0.6149407203362950
9_211,0.6159674509936910
9_212,0.6162140204911360
9_213,0.6140604023141370
9_214,0.6129905624182510
9_215,0.5256023203237940
9_216,0.5183726740691950
9_217,0.5182457709282340
9_218,0.4387051965774070
9_219,0.447907043095592
9_220,0.45432212749925600
9_221,0.38086735772723500
9_222,0.3957735539779060
9_223,0.4046057765892920
9_224,0.41801116246687300
9_225,0.4343147116788870
9_226,0.45325690811726100
9_227,0.46577670436020500
9_228,0.4832255549865960
9_229,0.5564667930479110
9_230,0.5699474426344340
9_231,0.5818681696554110
9_232,0.5978862826871520
9_233,0.6082068196132640
9_234,0.6135703525892460
9_235,0.6157568182230270
9_236,0.6219278044242590
9_237,0.6229464928567870
9_238,0.5636647097087960
9_239,0.5632062312289760
9_240,0.5627537340299220
9_241,0.5661207507797160
9_242,0.5735075717622430
9_243,0.5785115880324430
9_244,0.5776470536847210
9_245,0.6344937360650650
9_246,0.6325002190697260
9_247,0.6319729779860660
9_248,0.6277853483170220
9_249,0.6874910574265410
9_251,0.6814766989488100
9_252,0.6741926032216600
9_253,0.6788575926414990
9_254,0.683637720881297
9_255,0.685473867023754
9_256,0.6799432483782130
9_257,0.6838663554623090
9_258,0.6863653525045180
9_259,0.6848947052091900
9_261,0.6805457591295350
9_262,0.6746596466817920
9_263,0.6583393453267960
9_264,0.6458183436514170
9_265,0.5732320428738000
9_266,0.5629476570419670
9_267,0.5443384928470980
9_268,0.5261753968119410
9_269,0.5259114753555650
9_270,0.5162989343334680
9_271,0.5101267387727360
9_272,0.5066880857318800
9_274,0.5059783435718470
9_275,0.5067379037875910
9_276,0.5103399157744020
9_277,0.5125038803580250
9_278,0.5176352713435040
9_279,0.4420157708240370
9_280,0.44081705001992900
9_282,0.43525718096326200
9_283,0.42656193274026300
9_284,0.4167641632344700
9_285,0.4095134774069610
9_286,0.47758937479833200
9_287,0.48016504679837000
9_288,0.4822446924663030
9_289,0.5578167638282500
9_290,0.5636284845907460
9_291,0.5705809250562870
9_292,0.5798622251734850
9_293,0.5906764921494110
9_294,0.6702586513912980
9_295,0.6032704750995840
9_296,0.605471495223503
9_297,0.6056474865163220
9_298,0.5407213912635120
9_299,0.5419962174736610
9_300,0.6133016765911010
9_301,0.6129255307107470
9_302,0.6101291401718100
9_303,0.539147114192663
9_304,0.5403416984081190
9_305,0.54125139249638
9_306,0.5422914585046620
9_307,0.5375949954708490
9_308,0.5386296420312770
9_309,0.4691270295107700
9_310,0.47094865582196300
9_311,0.4709457041368520
9_313,0.47050581668812600
9_314,0.5376075776736920
9_315,0.538380999084393
9_316,0.6051514754342010
9_317,0.6082162725475280
9_318,0.6084547818417540
9_319,0.6098863290095800
9_320,0.6097970457210290
9_321,0.6142633868577770
9_322,0.6159492426264840
9_323,0.5471459976909500
9_324,0.5455787010541080
9_325,0.47622203739777900
9_326,0.47137289280047600
9_327,0.46511920133514800
9_328,0.457919445630308
9_329,0.45263761360394200
9_330,0.440339837837336
9_331,0.4291977784925240
9_332,0.4177857311748020
9_333,0.40533228995687000
9_335,0.3975143868061470
9_336,0.3912670193929080
9_337,0.387621066036197
9_338,0.4639680912505370
9_339,0.5390557901834040
9_340,0.539890086370774
9_341,0.5432310576135830
9_342,0.5532353215544310
9_343,0.5606431051559300
9_344,0.5696814544958800
9_345,0.5778927938459210
9_346,0.5845246744320130
9_347,0.5153549693064240
9_348,0.44440681801843600
9_349,0.45141574824772200
9_350,0.4550456981038920
9_351,0.4532943238947610
9_352,0.45348492849267900
9_353,0.447188707916924
9_354,0.43882232620924600
9_355,0.43139284612605200
9_356,0.42259360336571000
9_358,0.4953182688272560
9_359,0.48960784114976700
9_360,0.4853547235335410
9_361,0.48170325524998100
9_362,0.4885481839750110
9_363,0.5002183782876010
9_365,0.5183563181469120
9_366,0.5443943565514470
10_91,0.5285162628050430
10_92,0.5342223235018200
10_93,0.5400212388352020
10_94,0.548780232283511
10_95,0.5468078671395000
10_96,0.5393785805857900
10_97,0.5357599437725240
10_98,0.5327554380008050
10_99,0.5982967798208730
10_100,0.5861934738006980
10_101,0.5790926369074270
10_102,0.5724981585060590
10_103,0.5604495449759650
10_104,0.5529269569325030
10_105,0.5576455782596650
10_106,0.562157995245796
10_107,0.5671249207296390
10_108,0.4952642700644000
10_109,0.501960435239163
10_110,0.5044716658212990
10_111,0.5013166112918240
10_112,0.567064300031792
10_113,0.5581656939002720
10_114,0.5470631030844970
10_115,0.5369459406908580
10_116,0.5317183193533120
10_117,0.5382590646242080
10_118,0.6087892714938870
10_119,0.6036835820923060
10_120,0.6014350539003690
10_121,0.5285018699533940
10_122,0.5319638402885070
10_123,0.5344619648196840
10_124,0.5344350820997120
10_125,0.5264855471498890
10_126,0.5170436050610560
10_127,0.4414962440403020
10_128,0.43626502549598200
10_129,0.42505587813258900
10_130,0.4130846707644750
10_131,0.4021457179819780
10_132,0.38890030059264400
10_133,0.37198799966377500
10_134,0.3578237951861280
10_135,0.341865519403527
10_136,0.32970517522592000
10_137,0.32281494196500800
10_138,0.323695049077105
10_139,0.33114866431034100
10_140,0.33883563258383400
10_141,0.3474235972465700
10_142,0.35829601491879100
10_143,0.36669766823017000
10_144,0.3723538606717160
10_145,0.37504605704896400
10_146,0.37510389095968400
10_147,0.3735768952323510
10_148,0.366517118168327
10_149,0.4406897514200700
10_150,0.4339407943400550
10_151,0.427525938720434
10_152,0.42943226032361900
10_153,0.43452730196214600
10_154,0.43784866656413100
10_155,0.44765304507897200
10_156,0.45272479100429900
10_157,0.4623846799264650
10_158,0.3953157368743150
10_159,0.4165296666795360
10_160,0.4378346110700630
10_161,0.4536668031610540
10_162,0.46576769207118800
10_163,0.4753447472583220
10_164,0.4793826330565740
10_165,0.48572566408175800
10_166,0.5674190097070780
10_167,0.5635107463413650
10_168,0.5584174041931300
10_169,0.5529502939315160
10_170,0.5464436779346420
10_171,0.5451580338241660
10_172,0.5481642569255860
10_173,0.5468028451075970
10_174,0.5454521341341170
10_175,0.4574146878540980
10_176,0.444359363580768
10_177,0.4247591411220700
10_178,0.4115047483257090
10_179,0.4814637704016160
10_180,0.4716749993630590
10_181,0.45681354966567900
10_182,0.5227809125159670
10_183,0.5247732387905100
10_184,0.5351609585324040
10_185,0.5530823564181420
10_186,0.5726896442214300
10_187,0.5898709008619270
10_188,0.5267910630632810
10_189,0.5363394726190640
10_190,0.5450021889171000
10_191,0.47181135998360400
10_192,0.46838958747977300
10_193,0.4675794645566450
10_194,0.46645615799896800
10_195,0.4543653941993920
10_196,0.43904523396066000
10_197,0.4234030645408590
10_198,0.4086070546951040
10_199,0.3998448580276810
10_200,0.3926442801350770
10_201,0.38212165106195300
10_202,0.36946879161006800
10_203,0.3536400045512220
10_204,0.349683851383336
10_205,0.3470549172103540
10_206,0.4292558585010830
10_207,0.42603724560509800
10_208,0.4201882109737810
10_209,0.4186530469250120
10_210,0.41829963824404100
10_211,0.4218538429272290
10_212,0.42516336908638400
10_213,0.42891971143583700
10_214,0.43244812354927100
10_215,0.3493181727324280
10_216,0.3532498575017070
10_217,0.3582767703235140
10_218,0.3585479484489360
10_219,0.3583971110827960
10_220,0.35412636025104300
10_221,0.3521291866295000
10_222,0.35168380193881600
10_224,0.35053550890465500
10_225,0.3507128286232840
10_226,0.34910221084663500
10_227,0.3475440894257560
10_228,0.3503358990229930
10_229,0.35080685127287000
10_230,0.3553923001892350
10_231,0.3631603977125760
10_232,0.3663344286254860
10_233,0.36128714535411100
10_234,0.3523659815535840
10_235,0.34463767584476400
10_236,0.42741940960676400
10_237,0.41880025710306200
10_238,0.41420174266295800
10_239,0.4061716012582640
10_240,0.3964071593131910
10_241,0.38674837824034500
10_242,0.4721128182138450
10_243,0.4777802171809680
10_244,0.48393319187015300
10_245,0.3999564643203420
10_246,0.40553313995118
10_247,0.4098178065397730
10_248,0.4131413907470580
10_249,0.4171378763502460
10_250,0.5074795767649130
10_251,0.4160697608696250
10_252,0.4101114639205390
10_253,0.49686931370538500
10_254,0.493816309620066
10_255,0.4929066710020460
10_256,0.4915692958762280
10_257,0.49304807669854000
10_258,0.49317897233342700
10_259,0.49638424471773800
10_260,0.5060534225449390
10_261,0.5116185701364440
10_262,0.423667777804724
10_263,0.4233488220349530
10_264,0.4274110711097210
10_265,0.43646410088640100
10_266,0.44573457351085200
10_267,0.45252278640899300
10_268,0.3723447588731440
10_269,0.37314759175511600
10_270,0.37291905093148900
10_271,0.37542894362966700
10_272,0.37721280202533100
10_273,0.46277791458985500
10_274,0.4542864927765070
10_275,0.4427233870242870
10_276,0.43071957710432700
10_277,0.4167051483216370
10_278,0.4077032380180640
10_279,0.49518044577526900
10_280,0.4896993736227940
10_281,0.48738300410206300
10_282,0.3958706650776980
10_283,0.39506844250752400
10_284,0.3879265485300350
10_285,0.3852601998287010
10_286,0.3830166805440860
10_287,0.3819448560166990
10_288,0.28170958489265300
10_289,0.2691714229628490
10_290,0.26240343314101
10_291,0.256134867167582
10_292,0.24397481428958500
10_293,0.24315860342617200
10_294,0.24014332593659400
10_295,0.23789026691331300
10_296,0.24214929190438800
10_297,0.2528405856534040
10_298,0.26351165314361200
10_299,0.267899522126893
10_300,0.2711373171872990
10_301,0.2771817256833880
10_302,0.28165554362229500
10_303,0.28520772362033100
10_304,0.28256672765271000
10_305,0.3725101262469490
10_306,0.3590838053220660
10_307,0.3509727119419200
10_308,0.3445766031067410
10_309,0.34322737001723200
10_310,0.3459036767788980
10_311,0.3520839502829070
10_312,0.36936861758924000
10_313,0.3895105641305300
10_314,0.31439070044954100
10_315,0.3411159571736330
10_316,0.4422126465088640
10_317,0.453350402939064
10_318,0.46238485051167400
10_319,0.46649422140680800
10_320,0.5486380181396710
10_321,0.5375196070337530
10_322,0.523650950828745
10_323,0.5051190690718900
10_324,0.4820337552450960
10_325,0.3797094895976420
10_326,0.36404693216006400
10_327,0.34574768302240700
10_328,0.32670330125151300
10_329,0.2237542932991680
10_330,0.2093148942178430
10_331,0.297221441918733
10_332,0.29051457086417200
10_333,0.2914989496397820
10_334,0.2920787727995170
10_335,0.2985624967391330
10_336,0.3099399504572580
10_337,0.33053719810251000
10_338,0.34944095539051300
10_339,0.362670638511697
10_340,0.27386983532586100
10_341,0.2818267902126080
10_342,0.37661165725580000
10_343,0.3911833746397330
10_344,0.3948354835975130
10_345,0.3934284801384880
10_346,0.3844510294726380
10_347,0.37763808641417000
10_348,0.37425619740113900
10_349,0.3703638050329430
10_350,0.36488712916572600
10_351,0.27433509275329900
10_352,0.26845369739385700
10_353,0.2682291603092140
10_354,0.2704886309350180
10_355,0.2766471841670290
10_356,0.28373624700364300
10_357,0.2901659915515150
10_358,0.29922500087031500
10_359,0.3094431317239030
10_360,0.3159879617380190
10_361,0.32049449335253800
10_362,0.32560460236827000
10_363,0.32900987632619700
10_364,0.32809888934833300
10_365,0.3281671237557040
10_366,0.3249006031363400
10_367,0.3191569313003650
10_368,0.4066039535862720
10_369,0.407908495553251
10_370,0.4158176997764900
10_371,0.4205637359262010
10_372,0.4257106339290040
10_373,0.4337290340957760
10_374,0.4398443953788960
10_375,0.5276432109157320
10_376,0.5357322342968250
10_377,0.44762600172572900
10_378,0.4444347492547690
10_379,0.43610332816503500
10_380,0.4307836576742610
10_381,0.422994084700897
10_382,0.41115562809009400
10_383,0.40063316981214800
10_384,0.3114833020576380
10_385,0.3070703384708250
10_386,0.3021971394024300
10_387,0.2945889089503740
10_388,0.38076666507355800
10_389,0.36960361402150300
10_390,0.36119232074599400
10_391,0.3586804404411860
10_392,0.35237248704722500
10_393,0.3477185126062650
10_394,0.34524724480050500
10_395,0.34376272903258100
10_396,0.3487171351657110
10_397,0.34950741962970200
10_398,0.3556281267957990
10_399,0.35995828353913700
10_400,0.361328708225751
10_401,0.36506405075050600
10_402,0.45818061605638200
10_403,0.4594414155885560
10_404,0.46247334271988600
10_405,0.5520589555210570
10_406,0.5516313310537060
10_407,0.5558177163363100
10_408,0.6470069013951810
10_409,0.6482055204490880
10_410,0.6480039954248830
10_411,0.5520663716248060
10_412,0.5459042387474490
10_413,0.5381715805921140
10_414,0.4404556515105610
10_415,0.3414800614822740
10_416,0.3279694306196960
10_417,0.3256694105824070
10_418,0.31680155077816700
10_419,0.40534477004239400
10_420,0.3988580312980890
10_421,0.3985391665625250
10_422,0.3932103892458760
10_423,0.39042911173161400
10_424,0.38653134449661100
10_425,0.3825191704526930
10_426,0.27988236611559500
10_427,0.27844742296016200
10_428,0.17583874967772600
10_429,0.17325006524871400
10_430,0.16434177244377700
10_431,0.16103125770898500
10_432,0.15845076860698000
10_433,0.16021103945094100
10_434,0.1658783685067950
10_435,0.1725197366129880
10_436,0.17495346254690500
10_437,0.18569659247206200
10_438,0.19776453137093300
10_439,0.30193635305649900
10_440,0.3130461520880060
10_441,0.41842792552976700
10_442,0.420498170170867
10_443,0.4216262354583730
10_444,0.4245574398570420
10_445,0.42583934416590900
10_446,0.4290218855086070
10_447,0.4304193644778930
10_448,0.33263471178729200
10_449,0.32595291258127500
10_450,0.2198392567057600
10_451,0.21493628712856900
10_452,0.20395196822047400
10_453,0.19207555183981600
10_454,0.1816276995704160
10_455,0.16753477052475500
10_456,0.15426361381049700
10_457,0.14880191834494800
10_458,0.14454305255670000
10_459,0.14533857522990400
10_461,0.1471201788859340
10_462,0.1526643114088940
10_463,0.15675785288544700
10_464,0.15920679252526800
10_465,0.16008426261615600
10_466,0.15671367920966100
10_467,0.15859846120935200
10_468,0.15855575442567800
10_469,0.16185832023148500
10_470,0.16230720849963200
10_471,0.1615325412577350
10_472,0.2696665104326800
10_473,0.26620876925647300
10_474,0.2634130939392300
10_475,0.26494194950532600
10_476,0.2618724690431190
10_477,0.26354565274148200
10_478,0.2584556509443400
10_479,0.25299515843939200
10_480,0.251767828561595
10_481,0.14036709464632100
10_482,0.14780187268619500
10_483,0.15286028976062700
10_484,0.15699527245989000
10_485,0.26063051190896600
10_486,0.2629708593196840
10_487,0.26649063864483100
10_488,0.2709585116930110
10_489,0.2704346096452430
10_490,0.2726427558478900
10_491,0.2685565036917720
10_492,0.2644250567165700
10_493,0.258759054111407
10_494,0.15406294534702400
10_495,0.15057956304565100
10_496,0.14525765663381200
10_497,0.14113200951399600
10_498,0.14198933184324100
10_499,0.14012552452972100
10_500,0.2491929596864880
10_501,0.24825825232705100
10_502,0.24811641074792700
10_503,0.2472514825191390
10_504,0.24287495506540800
10_505,0.24165239153939000
10_506,0.2410615474024880
10_507,0.23785217249079200
10_508,0.2369019508983990
10_509,0.12511702859105200
10_510,0.2344464186982440
10_511,0.23401340131173400
10_512,0.23155172097610700
10_513,0.23164435952228000
10_514,0.23088205109189800
10_515,0.22951364962086400
10_516,0.2305122468171480
10_517,0.23026108063904200
10_518,0.23215379963209400
10_519,0.12271951616218600
10_520,0.12220325498727200
10_521,0.12286083293413100
10_522,0.12042972421832900
10_523,0.12063784192962600
10_524,0.11796805688972200
10_525,0.11651529410698300
10_526,0.11504998613337200
10_527,0.11150756594483900
10_528,0.11160767107502700
10_529,0.11077482361952700
10_530,0.10921282163404500
10_531,0.11339254728869700
10_532,0.11513145617635500
10_533,0.11806029744286900
10_534,0.22804963593873200
10_535,0.22578875544056600
10_536,0.33659195496103400
10_537,0.3350185729266750
10_538,0.3378077041073780
10_539,0.3374600315809770
10_540,0.3324701667533230
10_541,0.3276920864370160
10_542,0.32659543571504800
10_543,0.2160926210631250
10_544,0.2176992775481210
10_545,0.1064524282510440
10_546,0.2174177402185080
10_547,0.21386353251697000
10_548,0.21671043452007100
10_549,0.3294245218395380
10_550,0.3331439414694340
10_551,0.33566466495943500
10_552,0.34523894216678000
10_553,0.360583968669816
10_554,0.3819494202176770
10_555,0.28858378998687500
10_557,0.3019873783466850
10_558,0.4124747187850910
10_559,0.3152197413724650
10_560,0.3268757505104140
10_561,0.33715761058289100
10_562,0.33981126081879400
10_563,0.33262335813244300
10_564,0.3255616581077420
10_565,0.31930543814855400
10_566,0.32167293790501200
10_567,0.2263382136361210
10_568,0.22925251795875600
10_569,0.22881481065968500
10_570,0.2290842141689540
10_571,0.23568830533607700
10_572,0.25442242577702300
10_573,0.26952203692118200
10_574,0.28542625087007400
10_575,0.29933284577469300
10_576,0.30998792153561
10_577,0.3116571974795690
10_578,0.3157379708115560
10_579,0.41270605191042100
10_580,0.40938289018076500
10_581,0.39669616165247100
10_582,0.38238517076177000
10_583,0.36582701565535200
10_584,0.44529470295843500
10_585,0.5251557686648270
10_586,0.5184422316712370
10_587,0.5126080034340270
10_588,0.4181675105985340
10_589,0.41476075614722300
10_590,0.42018710094205000
10_591,0.4253598075484070
10_592,0.4345052903097210
10_593,0.3444579330280470
10_594,0.2583089962143400
10_595,0.26850020684999300
10_596,0.27220298450425300
10_597,0.2774834455487430
10_599,0.28557809903102300
10_600,0.28603155046970200
10_601,0.2859701107141020
10_602,0.28115525493078100
10_603,0.27607558317822500
10_604,0.2683934993949990
10_605,0.26618434846888900
10_606,0.27126564979636700
10_607,0.2693613345903270
10_609,0.35646733427230700
10_610,0.3613752667707550
10_611,0.3591638854818020
10_612,0.3587211892220290
10_613,0.3544229710730440
10_614,0.3518623770871400
10_616,0.3421592424645880
10_617,0.3299692862744130
10_618,0.3196535092338000
10_619,0.21655872811305900
10_620,0.205022816022732
10_621,0.20419661937755600
10_622,0.2061560909900540
10_623,0.20819515257136700
10_624,0.3090172146143600
10_625,0.3139939459397840
10_626,0.3195051188082000
10_627,0.31995144945789200
10_628,0.3223091417825170
10_629,0.3223337018875580
10_630,0.3182493325508450
10_631,0.4125596844318460
10_632,0.4133957401770570
10_634,0.30909379470505300
10_635,0.3049343975308410
10_636,0.3006049723532810
10_637,0.29843558544335900
10_638,0.2975802864084310
10_639,0.29015043974681000
10_641,0.27959911955314400
10_642,0.17525653105774700
10_643,0.16720253216558200
10_644,0.16617511692828100
10_646,0.2653787707040340
10_647,0.3644807119469140
10_648,0.3635630146361470
10_649,0.3617823275890720
10_650,0.4658346190036300
10_651,0.4697060676378380
10_653,0.4701768241551410
10_654,0.477075798977724
10_655,0.47866159651861000
10_656,0.3762485363752220
10_657,0.28176716994054600
10_658,0.2881793671757370
10_659,0.3007062321616240
10_660,0.21014074689412700
10_662,0.3135309445181230
10_663,0.32518501198499400
10_665,0.42514472204356600
10_666,0.43352894354341800
10_667,0.44207333337423800
10_668,0.43864894478434300
10_669,0.4417369993323970
10_670,0.4397252363556260
10_671,0.43425346444171200
10_672,0.33979849307179000
10_673,0.3369244066111430
10_674,0.24318459432073500
10_676,0.23738446833602100
10_677,0.23555700069823100
10_678,0.23871363924899200
10_679,0.23725501424325700
10_680,0.23933930646126500
10_682,0.24639365387899800
10_683,0.2512437585909870
10_684,0.2495799345252790
10_685,0.3395642800606130
10_686,0.3418543376448270
10_687,0.33660821983384300
10_688,0.3333454177041470
10_689,0.334434052653771
10_690,0.33514804977820200
10_691,0.33717325311107100
10_692,0.3457827430830200
10_693,0.3589461163353700
10_694,0.2733065722292000
10_695,0.3712538307341470
10_696,0.39205573499660800
10_697,0.4922882282914430
10_698,0.5038579237573640
10_699,0.5126971083184570
10_700,0.5145754676883140
10_701,0.5103915580291420
10_702,0.5939524062975780
10_703,0.6823493836451720
10_704,0.5966415397446020
10_705,0.5866378752288860
10_707,0.49560862931370400
10_708,0.48789321278911200
10_709,0.4798238374674630
10_710,0.47189479939434100
10_711,0.5568236459869510
10_712,0.4634352273242720
10_714,0.3737942629155560
10_715,0.4549673210457370
10_716,0.45275434796700200
10_717,0.45189078411916100
10_718,0.44817772734624000
10_719,0.5372486524205980
10_720,0.539127173157564
10_721,0.44778467604798700
10_722,0.4440885938682510
10_723,0.43599291933158500
10_725,0.34036505225111900
10_726,0.33355957667353900
10_727,0.32257712390244000
10_728,0.31634529053949900
10_729,0.22129280863380100
10_730,0.21350631290079100
10_731,0.20801400605851100
10_732,0.2026957251157770
10_734,0.19937957452175000
10_735,0.19491416938845500
10_736,0.19086928709346200
10_737,0.18981995995829400
10_738,0.18830231051794400
10_739,0.1833544320775090
10_740,0.17935696314812500
10_741,0.17705671110686500
10_743,0.17951021191464800
10_744,0.280863251019516
10_745,0.2869001682038810
10_746,0.2928271055036470
10_748,0.2980951799092420
10_749,0.3015572739896610
10_750,0.30446376807509100
10_751,0.30825627365858700
10_752,0.31413824787987100
10_753,0.319266814079315
10_754,0.22870540485437300
10_755,0.3266119961082670
10_757,0.3368521712755530
10_758,0.3449309780501930
10_759,0.3525156406183170
10_760,0.35962516994438300
10_761,0.36967869835725700
10_762,0.37390074247060500
10_763,0.37697392112639700
10_764,0.3746977959417130
10_765,0.2847697545374600
10_766,0.28267577992655300
10_767,0.281562251821391
10_769,0.2840947487242080
10_770,0.2893040427930480
10_771,0.2950456261117480
10_772,0.2961702375893050
10_773,0.29687747545006400
10_774,0.2998637755601870
10_776,0.2897501450280170
10_777,0.3775782283414500
10_778,0.36653468109922200
10_779,0.358622798062604
10_780,0.4429752660289820
10_781,0.43075509483036700
10_782,0.4235005020170570
10_783,0.41737855155240000
10_784,0.415345994824455
10_785,0.42460081030007400
10_786,0.33821584235142700
10_787,0.34970640491616300
10_788,0.34905014148823300
10_789,0.34898553268435700
10_790,0.3525173244598970
10_791,0.3604239316564310
10_792,0.3689751809770460
10_793,0.370313879612748
10_794,0.3661551490668970
10_795,0.3581206474144060
10_796,0.3494387796848170
10_797,0.3491677268544890
10_798,0.25370373593360500
10_799,0.2446427437653090
10_800,0.2331602675654000
10_801,0.22379399029406700
10_802,0.22116868825910400
10_803,0.3166802416603790
10_804,0.3146039499382090
10_806,0.31394534606750100
10_807,0.30880510944209400
10_808,0.30135948199691500
10_809,0.29406856679713200
10_811,0.28827280248903800
10_812,0.2842045531060920
10_813,0.27648546738446500
10_814,0.2782363468470290
10_815,0.28035044847221700
10_816,0.2859166349435300
10_817,0.2947598531499530
10_818,0.306986427148891
10_819,0.32273937977612000
10_820,0.3336935265691900
10_821,0.3429170070742750
10_823,0.35094512563484000
10_824,0.25437044178917800
10_825,0.25911333924456700
10_826,0.26075516401409900
10_827,0.26023445288590800
10_828,0.2593326746984070
10_830,0.2569377332981860
10_831,0.2544558913910500
10_832,0.24936937643056600
10_833,0.2475514342621780
10_834,0.242209671573187
10_835,0.3320080421337540
10_836,0.340318938907406
10_837,0.3533690247906800
10_838,0.37027311014856800
10_840,0.39630942783778300
11_0,0.24406338250352400
11_1,0.24171771886171100
11_2,0.3645011167030360
11_3,0.45656751472019300
11_4,0.43012218148107600
11_5,0.5245666777379380
11_6,0.5317325427050100
11_7,0.5416895789915100
11_8,0.5465961893725620
11_9,0.5486256792456590
11_10,0.5542052373078
11_11,0.46228694569937100
11_12,0.37317491418816900
11_13,0.3834170909551200
11_14,0.2973144065137080
11_15,0.30556215596517100
11_16,0.31100844988987400
11_17,0.3194304614952060
11_18,0.40655988523528100
11_19,0.49410172180077100
11_20,0.5119378364541260
11_21,0.5288811222825990
11_22,0.5469411113178120
11_23,0.5565240022708120
11_24,0.5638782309814860
11_25,0.573484833989439
11_26,0.5760931904720430
11_27,0.5011821875784190
11_28,0.42299567650356100
11_29,0.4216100240129380
11_30,0.4219716027705850
11_31,0.4224542195750250
11_32,0.49688441760356300
11_33,0.5695312930859800
11_34,0.5731582978728420
11_35,0.5776855385486940
11_36,0.5843115460832830
11_37,0.5954056604434260
11_38,0.5967225809299910
11_39,0.5968929717251720
11_40,0.5888275011736080
11_41,0.5880256161305140
11_42,0.4952233582847760
11_43,0.5662992805875780
11_44,0.5453791120161770
11_45,0.5246369427315860
11_46,0.5073938335466160
11_47,0.577503538129849
11_48,0.5687560587804500
11_49,0.5617686485518830
11_50,0.4777131468623860
11_51,0.5651598366643130
11_52,0.47884601321074800
11_53,0.4966762260665300
11_54,0.5099489144193940
11_55,0.527671423092708
11_56,0.5319783003311530
11_57,0.5379875920571630
11_58,0.5382171394155330
11_59,0.5368427848387350
11_60,0.4593739728910620
11_61,0.4567719425564540
11_62,0.4496639011592000
11_63,0.5317930576881630
11_64,0.5203967897064430
11_65,0.43414018183901300
11_66,0.41318404565480600
11_67,0.414435989712755
11_68,0.4987712506525660
11_69,0.5823040059978400
11_70,0.5804096476456240
11_71,0.5876123721877610
11_72,0.5120036688744650
11_73,0.5253309067175770
11_74,0.530987736414026
11_75,0.5375051426435590
11_76,0.533252358671874
11_77,0.4447084421617620
11_78,0.3528515564976640
11_79,0.34247439298109800
11_80,0.3290831589088510
11_81,0.4075259817890670
11_82,0.39718875788577500
11_83,0.39375045417383000
11_84,0.39600767654995000
11_85,0.4034773348124080
11_86,0.4086477714182530
11_87,0.4035718946210470
11_88,0.40128575384844100
11_89,0.3958370771864380
11_90,0.3007548802591030
11_91,0.27907265421186400
11_92,0.2558450794996910
11_93,0.2317280558512310
11_94,0.20038744172893600
11_95,0.17867705029642600
11_96,0.165421448482029
11_97,0.1555501972105110
11_98,0.14032153842940300
11_99,0.11893162586307000
11_100,0.10578254848158800
11_101,0.09734564488240230
11_102,0.09213571401147660
11_103,0.08978407581644890
11_104,0.08408661707322560
11_105,0.08110407743178590
11_106,0.19155555510575300
11_107,0.19141348690169700
11_108,0.19541929050954500
11_109,0.3096712061862330
11_110,0.3157609893760600
11_111,0.3227246820540790
11_112,0.3264439406617300
11_113,0.33129985444095600
11_114,0.4451308909648200
11_115,0.3417495024707370
11_116,0.3492295855590030
11_117,0.35300867316213000
11_118,0.24687755935740400
11_119,0.2531491513475720
11_120,0.26071930112350100
11_121,0.2686550051418420
11_122,0.2766259030326000
11_123,0.2754405410944520
11_124,0.28532019950738600
11_125,0.29874045753573000
11_126,0.4004457959596680
11_127,0.4100628096986770
11_128,0.41138130491617000
11_129,0.40787935614226800
11_130,0.4034773024969720
11_131,0.3955629045356340
11_132,0.296582416156422
11_133,0.2878398006384210
11_134,0.2786672647779270
11_135,0.18395474689765400
11_136,0.17974560913982200
11_137,0.17883713577731900
11_138,0.18104940386790500
11_139,0.184616483872026
11_140,0.18802046212674200
11_141,0.18514289598588500
11_142,0.18839827471004500
11_143,0.18904378670106400
11_144,0.18464371027248700
11_145,0.28707553767561100
11_146,0.3920983669649160
11_147,0.39437916875814500
11_148,0.3959110934434140
11_149,0.400911708084118
11_150,0.5048169405375280
11_151,0.5020904355942820
11_152,0.49598196977885200
11_153,0.4935369121947630
11_154,0.3894312914978970
11_155,0.3851631817501270
11_156,0.38588727379093500
11_157,0.391121667228472
11_158,0.394459595084794
11_159,0.29554355813517600
11_160,0.4021082639135080
11_161,0.4086880766858720
11_162,0.4090325918919860
11_163,0.4106885732401510
11_164,0.31636162602846400
11_165,0.3228727372688090
11_166,0.32516836164393900
11_167,0.32871641584721500
11_168,0.3320060355959300
11_169,0.23030865271288200
11_170,0.23130574274549100
11_171,0.23562539289309600
11_172,0.3370605410104540
11_173,0.33131565139281700
11_174,0.3242628883828240
11_175,0.31485670008600300
11_176,0.30569303215320200
11_177,0.29701401547213200
11_178,0.2921675968024910
11_179,0.39061827723767200
11_180,0.3876785760812280
11_181,0.2792349035135790
11_182,0.38047611729762400
11_183,0.3734213760857380
11_184,0.37159174201876000
11_185,0.47249776395416200
11_186,0.475603754146176
11_187,0.47488527884512500
11_188,0.376578345529932
11_189,0.4772442094887340
11_190,0.48324471251343600
11_191,0.39126143386578500
11_192,0.4982138951325940
11_193,0.5117051988467420
11_194,0.41411064711634200
11_195,0.5115914800237080
11_196,0.5181895790107860
11_197,0.5216447211775980
11_198,0.4244344080563070
11_199,0.4206196354903240
11_200,0.4049770503959830
11_201,0.29778707851105100
11_202,0.27842896778500700
11_203,0.2679139461235960
11_204,0.16546543169325200
11_205,0.2603088127887300
11_206,0.2475407570654850
11_207,0.24138348341780600
11_208,0.2464607906757790
11_209,0.2559816083264010
11_210,0.3617137593180110
11_211,0.37245567317558000
11_212,0.3807223032547040
11_213,0.3847853406967300
11_214,0.2854744250411550
11_215,0.28765953122427700
11_216,0.38698388908364700
11_217,0.38094547754410900
11_218,0.476896803846837
11_219,0.4754959411496450
11_220,0.47351248589227300
11_221,0.47706945412366400
11_222,0.4853126212762110
11_223,0.4960365094583650
11_224,0.5950356833339580
11_225,0.5133773268872730
11_226,0.5257325741259390
11_227,0.4376017908703890
11_228,0.3495768341290500
11_229,0.358977446572031
11_230,0.35873077377726400
11_231,0.3555489509041550
11_232,0.34792817797422000
11_233,0.2556969080133530
11_234,0.24298123132848800
11_235,0.2402830163862920
11_236,0.23641258575462200
11_237,0.3222946524061620
11_238,0.3177328437023030
11_239,0.31749182163758500
11_240,0.31485301522660000
11_241,0.31580200891629000
11_242,0.3132495651732360
11_243,0.31104716111659900
11_244,0.30571745675355300
11_245,0.297475691024847
11_246,0.19717389173012400
11_247,0.1917717755400450
11_248,0.18650937123776000
11_249,0.18531482746882800
11_250,0.1864348874845270
11_251,0.19464389453429100
11_252,0.2035450248526140
11_253,0.3013800810807610
11_254,0.31483566020402400
11_255,0.41734986216412600
11_256,0.4303215053604010
11_257,0.4397217459034010
11_258,0.4508207074521980
11_259,0.45510610379211000
11_260,0.45423380486839400
11_261,0.45462619358978200
11_262,0.36525402483914200
11_263,0.36190173321884700
11_264,0.3634335363674320
11_265,0.36293787656764300
11_266,0.3697860881285730
11_267,0.3730792825163150
11_268,0.3806732549801540
11_269,0.38899946767270600
11_270,0.3957687126825270
11_271,0.40703277293744800
11_272,0.4183522313629200
11_273,0.33831936368686700
11_274,0.3451813984499720
11_275,0.3470883747869120
11_276,0.3456656096652130
11_277,0.3379783530896970
11_278,0.3350633330604470
11_279,0.42011724924463500
11_280,0.41419078772050900
11_281,0.40392139957513200
11_282,0.39509965575883400
11_283,0.3905373798754740
11_284,0.3799989263689250
11_285,0.3696132619272860
11_286,0.3659312234523420
11_287,0.3679584741794610
11_288,0.277847582020142
11_289,0.2747775427851500
11_290,0.36312437094615500
11_291,0.36467376370009900
11_292,0.35957866255957500
11_293,0.36433738630894500
11_294,0.3702664704836800
11_295,0.3707566217874280
11_296,0.3605617324735120
11_297,0.3547449056800410
11_298,0.3495342583221850
11_299,0.26068216816879900
11_300,0.2567843970839120
11_301,0.25366133688437500
11_302,0.24512225347156700
11_303,0.23710595581029400
11_304,0.23251334062011200
11_305,0.22633572272631700
11_306,0.21911006533394700
11_307,0.21513857495689800
11_308,0.21089061228297900
11_309,0.20221836260568800
11_310,0.19642486734062700
11_311,0.19381955661802000
11_312,0.19723465571535500
11_313,0.19780023169778400
11_314,0.20491927870877600
11_315,0.21640212858580300
11_316,0.21912932026614500
11_317,0.21483309668164500
11_318,0.21082306456903400
11_319,0.20467643230825100
11_320,0.19928699770759000
11_321,0.19419322755273700
11_322,0.19520339558606200
11_323,0.19170176583484700
11_324,0.18628137836640700
11_325,0.1869901601238230
11_326,0.18761217175033000
11_327,0.18567146693783700
11_328,0.18489566854017100
11_329,0.18851091178688100
11_330,0.18559946670780300
11_331,0.1804060865223970
11_332,0.17693677151200300
11_333,0.16823952460466500
11_334,0.15513235123558700
11_335,0.14684641023569100
11_336,0.14264621239630200
11_337,0.1394703581123480
11_338,0.13086298858580700
11_339,0.12458794269435300
11_340,0.11450624262831000
11_341,0.10183326897939100
11_342,0.20894833406994700
11_343,0.19917845575664100
11_344,0.1894219287595580
11_345,0.18241733899374200
11_346,0.17732447741192900
11_347,0.29009377831682600
11_348,0.2841622552399930
11_349,0.28177270592551400
11_350,0.39825177170316200
11_351,0.28338253141631300
11_352,0.2880946192110660
11_353,0.4062094225318550
11_354,0.41126261730509600
11_355,0.5254035464044120
11_356,0.5215396587645050
11_357,0.5264620286699750
11_358,0.5281126098535050
11_359,0.4116273295508050
11_360,0.41073947070204200
11_361,0.4089522351527150
11_362,0.2941491571089050
11_363,0.29224269519631700
11_364,0.1792541703124900
11_365,0.06586671907884010
11_366,0.061006836860569200
11_367,0.06105406762402140
11_368,0.058455464526693600
11_369,0.05490499219726140
11_370,0.05382760779759240
11_371,0.050200162869248000
11_372,0.04637567308158630
11_373,0.042521821426626100
11_374,0.03996620090492800
11_375,0.037066551278239000
11_376,0.033851409604170500
11_377,0.03347691238172280
11_378,0.03240486787418500
11_379,0.030957069190075400
11_380,0.03190540615824460
11_381,0.03345306501585140
11_382,0.03610680850428460
11_383,0.038608432485728600
11_384,0.03748662868157060
11_385,0.035290820997577700
11_386,0.03457376930817870
11_387,0.037326025306953600
11_388,0.04036712182491960
11_389,0.04385949626659850
11_390,0.049769332358029000
11_391,0.0545528629825816
11_392,0.1731163091734880
11_393,0.1811014242826850
11_394,0.30309632250591600
11_395,0.30872181250074000
11_396,0.4270372837980590
11_397,0.4274335594533870
11_398,0.42827231515757600
11_399,0.4266443528087760
11_400,0.42705491518592000
11_401,0.3140375409897650
11_402,0.3173122519258220
11_403,0.2073576779583750
11_404,0.21408328693872100
11_405,0.10560552445261700
11_406,0.11123561472081100
11_407,0.11569189340772200
11_408,0.11756877208703700
11_409,0.22919152567163100
11_410,0.22851763025270400
11_411,0.2229001335021720
11_412,0.21670047873682600
11_413,0.2113402655107540
11_414,0.20527382874216300
11_415,0.20201133017493900
11_416,0.19687629383632100
11_417,0.30996770652989300
11_418,0.1948532332594330
11_419,0.19233281715252400
11_420,0.19572806160090300
11_421,0.19980499393538100
11_422,0.20102885479715800
11_423,0.20236519921594600
11_424,0.20418403583906000
11_425,0.20330836565872700
11_426,0.08674819182078630
11_427,0.08683507213170320
11_428,0.08760062003414110
11_429,0.1988434178351780
11_430,0.1912810581778260
11_431,0.18645551520839200
11_432,0.1815562579032030
11_433,0.17480112636078100
11_434,0.1770229813023930
11_435,0.17828605014553800
11_436,0.17871526621247200
11_437,0.17709370307245400
11_438,0.06648927039124730
11_439,0.07287059720712230
11_440,0.07344960837503080
11_441,0.07318172354566800
11_442,0.0775706477990991
11_443,0.0733455704047751
11_444,0.06880938668985000
11_445,0.06581985162215070
11_446,0.06175402393990760
11_447,0.05286919755352140
11_448,0.04652449938582890
11_449,0.04359410648815560
11_450,0.04167764600173490
11_451,0.036978507911199500
11_452,0.03729338010101590
11_453,0.03662403971816610
11_454,0.038719029732077200
11_455,0.039865548803417600
11_456,0.04204310899801190
11_457,0.04251021636716520
11_458,0.042487770414895100
11_459,0.04182840762194780
11_460,0.040582342057661700
11_461,0.15764300508247500
11_462,0.15987642108464800
11_463,0.15758036019408900
11_464,0.15798288437898600
11_465,0.15668437222640900
11_466,0.1580557062294100
11_467,0.16095738697296100
11_468,0.17782419715288800
11_469,0.19975776424330300
11_470,0.04902665246811330
11_471,0.04871356661874170
12_521,0.37140388719355000
12_522,0.3355255530594330
12_523,0.32132511081371100
12_524,0.3037584090751100
12_525,0.283798688656536
12_526,0.2680124104088460
12_527,0.16194973538574000
12_528,0.15871034054078900
12_529,0.16073225616824700
12_530,0.16479342367296200
12_531,0.16839929428213300
12_532,0.166742585492686
12_533,0.16597746119825800
12_534,0.18145346214688200
12_535,0.19445378951566100
12_536,0.20935597691197000
12_537,0.31213861955495300
12_538,0.32088993787614200
12_539,0.42175885926213700
12_540,0.4249666625619910
12_541,0.4196715221957180
12_542,0.42806370913766300
12_543,0.42244083640403900
12_544,0.4256118114122830
12_545,0.4318406520796100
12_546,0.351999264856263
12_547,0.3593522170729880
12_548,0.27026509995041900
12_549,0.2736531019128870
12_550,0.2848891585746870
12_551,0.2889942414619100
12_552,0.2968566082524330
12_553,0.2989575861507760
12_554,0.3005006216045260
12_555,0.293454098982942
12_556,0.3746940343509710
12_557,0.37427991391914300
12_558,0.38134692808979900
12_559,0.3858681741882220
12_560,0.3820994313057970
12_561,0.38072530136801200
12_562,0.37656557505567100
12_563,0.36523545998728100
12_564,0.3491950185042890
12_565,0.24583449188594000
12_566,0.2269730220552670
12_567,0.2083453991646030
12_568,0.19657626021273600
12_569,0.19823865907707800
12_570,0.20475952237104000
12_571,0.29237141976832200
12_572,0.3807871396795150
12_573,0.47788506175242600
12_574,0.49637848572064300
12_575,0.5206431537786590
12_577,0.5455753212588390
12_578,0.5664026473335450
12_579,0.5806872674417770
12_580,0.5899493245713830
12_581,0.5253215350963960
12_582,0.45987429856254600
12_583,0.3839618524325460
12_584,0.39036641374888900
12_585,0.3830622563775530
12_586,0.37654432211664600
12_587,0.3590344677295970
12_588,0.335658482402445
12_589,0.3083233724688840
12_590,0.27894729596388100
12_591,0.24753960827384100
12_592,0.3290579738509020
12_593,0.30612951151824100
12_594,0.2956807092490320
12_595,0.28184877325223900
12_596,0.27464623587873600
12_597,0.3736209513116400
12_598,0.3729763696348620
12_599,0.3702735981340260
12_600,0.37786199107854800
12_601,0.27970525126553000
12_602,0.2851216933632570
12_603,0.291412088525073
12_604,0.29756109772943300
12_605,0.30286376574838400
12_606,0.20786245145661000
12_607,0.2117556057265670
12_608,0.21814397368020700
12_609,0.2240099403152650
12_610,0.23028417804043000
12_611,0.23863629378364100
12_612,0.329152043302798
12_613,0.3410850144522830
12_614,0.347869682962844
12_615,0.35912387653379800
12_616,0.3672372096261980
12_617,0.3808362504309300
12_618,0.3903962291750730
12_619,0.3949175325940550
12_620,0.39372568140326500
12_621,0.3112260042798670
12_622,0.3107563946897460
12_623,0.32032111600209200
12_624,0.3186929245998090
12_625,0.3210211846147970
12_626,0.3104787707754620
12_627,0.3946038329794450
12_628,0.38950550261930600
12_629,0.3831892785644580
12_630,0.374953933254384
12_631,0.35369211542173200
12_632,0.33227939454955300
12_633,0.32234377310591600
12_634,0.31107133417786
12_635,0.3020938656001820
12_636,0.1941915213596580
12_637,0.18115164160687900
12_638,0.17003063006296400
12_639,0.15993054653648800
12_640,0.15915065677943000
12_641,0.157513284165232
12_642,0.1571075012989670
12_643,0.16805388210283300
12_644,0.1824410858471430
12_645,0.2167289989410280
12_646,0.24547080792458600
12_647,0.27505423363618300
12_648,0.3774518195741650
12_649,0.3986121524620320
12_650,0.41229003074697900
12_651,0.42028415541093400
12_652,0.4209711436665930
12_653,0.41990181957112000
12_654,0.40452820466956100
12_655,0.39712666356592500
12_656,0.3917611442705390
12_657,0.3110551523642340
12_658,0.30852567620519400
12_659,0.3121748995374700
12_660,0.4014656507805730
12_661,0.40719308525392300
12_662,0.4987646752270850
12_663,0.5068118239849930
12_664,0.5925043706694290
12_665,0.5971309930705420
12_666,0.5979580402535060
12_667,0.6050773195177520
12_668,0.6130185149083890
12_669,0.533853542869896
12_670,0.5405899952270480
12_671,0.4559520745994560
12_672,0.45376726817392500
12_673,0.3839600046344360
12_674,0.39389426724351900
12_675,0.38910950900618200
12_676,0.3853122778317110
12_677,0.3757261388839390
12_678,0.3598299939873510
12_679,0.43491794014882600
12_680,0.4300616604539460
12_681,0.4271185563930990
12_682,0.41336323274935400
12_683,0.401515229183662
12_684,0.4899505619059750
12_685,0.49112354963857600
12_686,0.5802833148873520
12_687,0.5879598006374670
12_688,0.4979847748492140
12_689,0.49405497300326800
12_690,0.48925542275215500
12_691,0.48224353665317800
12_692,0.47900998135326200
12_693,0.3966451931771930
12_694,0.3941086392059190
12_695,0.30362122124019300
12_696,0.3051773533693160
12_697,0.30875065237503800
12_698,0.4017854732053210
12_699,0.4063708717718150
12_700,0.4109808886463560
12_701,0.49416792435583400
12_702,0.4812038936680410
12_703,0.47242048986547100
12_704,0.4654423563023420
12_705,0.4571713175093850
12_706,0.45320297291925800
12_707,0.3585233072610470
12_708,0.3525755072925650
12_709,0.350048627888209
12_710,0.2597495440634460
12_711,0.26326434563630800
12_712,0.26646727587243500
12_713,0.269305692181768
12_714,0.36272959154807800
12_715,0.35856639457514000
12_716,0.36265084810645400
12_717,0.36518594039480500
12_718,0.3625858298854300
12_719,0.3598269839652490
12_720,0.35726051225054400
12_721,0.35445531921653000
12_722,0.34866680818278000
12_723,0.3500639331170750
12_724,0.346097881421696
12_725,0.3352642797452270
12_726,0.3221378141910410
12_727,0.30849188385214900
12_728,0.3126037768498990
12_729,0.3159738755173940
12_730,0.3157331894654790
12_731,0.3213193389215980
12_732,0.2242907672121910
12_733,0.2282164556821540
12_734,0.32832453419069800
12_735,0.33813039319200300
12_736,0.34943236593240400
12_737,0.3440846155108150
12_738,0.3375267094081230
12_739,0.4302539479821590
12_740,0.4280553951826620
12_741,0.4287116462137120
12_742,0.42482635072288000
12_743,0.3229193098610320
12_744,0.31106386101104300
12_745,0.29890518781258100
12_746,0.28738949741443400
12_747,0.3870183485359920
12_748,0.3878134279187310
12_749,0.3772718732564980
12_750,0.36743420170423200
12_751,0.3633308335344120
12_752,0.46445753847185100
12_753,0.5672697432229220
12_754,0.5681760721514070
12_755,0.5772414673357490
12_756,0.5720062801426770
12_757,0.4753979890766150
12_758,0.5004962870289800
12_759,0.5330311391715560
12_760,0.5574375818210180
12_761,0.47298706100185000
12_762,0.3846478604082000
12_763,0.4013623188737350
12_764,0.41252680120539600
12_765,0.3283444942079900
12_766,0.330399570164496
12_767,0.31930654464764800
12_768,0.2951379744551960
12_769,0.277036421419496
12_770,0.2656247516824460
12_771,0.3577428164058580
12_772,0.3528021876494270
12_773,0.43858300711302600
12_774,0.42977574331423900
12_775,0.429057137786386
12_776,0.42124662307842000
12_777,0.41742856351510200
12_778,0.4169215489518990
12_779,0.41718326244662000
12_780,0.3161227730563050
12_781,0.40889193338899200
12_782,0.3082264442071100
12_783,0.40361091218255400
12_784,0.3919093532769780
12_785,0.38804314435250300
12_786,0.3799339273477090
12_787,0.36769462120076900
12_788,0.36735826214294400
12_789,0.3759423768091960
12_790,0.36868474245627600
12_791,0.38189212698596900
12_792,0.3735848292939650
12_793,0.3884002091146590
12_794,0.4004665610143610
12_795,0.4143771262994570
12_796,0.4270632192683170
12_797,0.42121321081379400
12_798,0.41090484605496700
12_799,0.3154945811371390
12_800,0.3078055384584440
12_801,0.22459780178136100
12_802,0.228880771421286
12_803,0.2338942205681620
12_804,0.2419244621431680
12_805,0.25297470648950700
12_806,0.2669289917043190
12_807,0.28351316731479600
12_808,0.3057508495691310
12_809,0.32062548888338700
12_810,0.3280978702049000
12_811,0.3326270035809850
12_812,0.3461849316913720
12_813,0.35525473093529700
12_814,0.3564447765945230
12_815,0.3586578220904860
12_816,0.3601665907232840
12_817,0.35538524490674000
12_818,0.3488735810950570
12_819,0.34541955372431100
12_820,0.3379460097726700
12_821,0.32050717553084100
12_822,0.308908169332259
12_823,0.3071914770573540
12_824,0.3031229483373180
12_825,0.293565028794256
12_826,0.2894918106897570
12_827,0.3718135062704880
12_828,0.37220452199377800
12_829,0.37525848472158700
12_830,0.3821803063451080
12_832,0.4700406739991450
12_833,0.4705156858888980
12_834,0.5602157210554380
12_835,0.567076101746931
12_836,0.569838148185173
12_837,0.4922947429407910
12_838,0.49456747840379900
12_839,0.5007962510655380
12_840,0.5016053214046530
12_841,0.42257938593260300
12_842,0.43033309620639000
12_843,0.3499705236059750
12_844,0.3523764614606310
12_845,0.3541764698170380
12_846,0.34880186065561400
12_847,0.3483869414411480
12_848,0.43049482179066800
12_849,0.4271864373404260
12_850,0.41824345555270500
12_851,0.4110372587900580
12_852,0.4015396004940900
12_853,0.3915920524227060
12_854,0.38037272337670500
12_855,0.3710481134634520
12_856,0.3580051983777340
12_857,0.25708969911050500
12_858,0.25126126592475200
12_859,0.24581747857016100
12_860,0.23973283283127700
12_861,0.23423764944196800
12_862,0.22917875029288000
12_863,0.23023725059528000
12_864,0.23389157752362900
12_865,0.23815935347259000
12_866,0.24384239473763700
12_867,0.24189761605709000
12_868,0.23724937938480600
12_869,0.23481735722098400
12_870,0.237116221468714
12_871,0.2384215743918120
12_872,0.23824353702116600
12_873,0.2420820343785550
12_874,0.24537389641806500
12_875,0.24948862605655100
12_876,0.2479389257813100
12_877,0.2584692390536610
12_878,0.26679515468698600
12_879,0.27025498260412600
12_880,0.27956951756311900
12_881,0.2809114764356230
12_882,0.28612218996509700
12_883,0.29343111638005300
12_884,0.2975121822118040
12_885,0.39293582386520000
12_886,0.3874517627412910
12_887,0.37181470694723100
12_888,0.3602475749985440
12_889,0.3433984343496030
12_890,0.33758739590473000
12_891,0.32645550614539700
12_892,0.3166607228183280
12_893,0.31034092591298000
12_894,0.31207755522763600
12_895,0.30774012362843500
12_896,0.316911308834255
12_897,0.32591492553610200
12_898,0.32872429765987700
12_899,0.32514261763038000
12_900,0.3198575462940380
12_901,0.31645229603099900
12_902,0.3131428009546660
12_903,0.21646023489006000
12_904,0.21081057586616900
12_905,0.20122163586621900
12_906,0.19964890238633500
12_907,0.21115741702703500
12_908,0.22624959552756800
12_909,0.23518267920065900
12_910,0.23742197380910000
12_911,0.24037140583867300
12_912,0.2421179303035980
12_913,0.2544250025872160
12_914,0.2652552807030900
12_915,0.26479037748205100
12_916,0.2627230508211020
12_917,0.2503983913362710
12_918,0.2384856234278000
12_919,0.22853828284718500
12_920,0.21825368362566100
12_921,0.2079743300256810
12_922,0.1982077973307790
12_923,0.2859305183665350
12_924,0.2752753863316040
12_925,0.25676279410988500
12_926,0.24710262684376000
12_927,0.2414848870512300
12_928,0.23484157603146900
12_929,0.225032275849788
12_930,0.21802932551400300
12_931,0.2113393902159500
12_932,0.10303455416175900
12_933,0.09757442345826380
12_934,0.09936814364480150
12_935,0.20477095010097100
12_936,0.2068007671134470
12_937,0.21364241300393200
12_938,0.32531693259343400
12_939,0.3294967406271810
12_940,0.33151849038303500
12_941,0.3375873764406750
12_942,0.3438274707283840
12_943,0.34657794474598300
12_944,0.2433039266692180
12_945,0.24354763571288800
12_946,0.23905642362557000
12_947,0.13024329888816500
12_948,0.23638560751406200
12_949,0.2335128342179990
12_950,0.2298943539735530
12_951,0.22513155964031500
12_952,0.22408863725213800
12_953,0.22160927992672000
12_954,0.3304789004816490
12_955,0.3301194884189390
12_956,0.3348873041307150
12_957,0.2305855774570000
12_958,0.23271898907060800
12_959,0.34328296121908600
12_960,0.345450805515619
12_961,0.344770018156545
12_962,0.35155667686286200
12_963,0.25198076878221500
12_964,0.25863025881411900
12_965,0.2639847715073090
12_966,0.3688471398014570
12_967,0.37162866952591100
12_968,0.2645863268097780
12_969,0.2674172947091010
12_970,0.26760104999500100
12_971,0.2640654788798230
12_972,0.2563235888491700
12_973,0.25547144605992900
12_974,0.25174821597817300
12_975,0.1509342762232100
12_976,0.152235645565856
12_977,0.15284624475358100
12_978,0.25658456012569100
12_979,0.2598112765866910
12_980,0.2650338182729320
12_981,0.2704842845250460
12_982,0.27097715599907700
12_983,0.2722914874439000
12_984,0.2678694170626340
12_985,0.2672874065252390
12_986,0.2680079538918390
12_987,0.16652269272042600
12_988,0.16989462730684700
12_989,0.16776736022126800
12_990,0.16747246670873100
12_991,0.1732311739210960
12_992,0.1798474339026740
12_993,0.18622305216056600
12_994,0.28673389962295600
12_995,0.28651108092868700
12_996,0.3863765207924730
12_997,0.3924956027190340
12_998,0.4012078328037680
12_999,0.409541098029339
12_1000,0.4166395869503300
12_1001,0.4252168467465080
12_1002,0.5197884059199130
12_1003,0.43160575122920000
12_1004,0.4448348245052250
12_1005,0.3514809807548700
12_1006,0.350563717445227
12_1007,0.34680798960782300
12_1008,0.33685343344194600
12_1009,0.32356577574131400
12_1010,0.31162952862971700
12_1011,0.2239420453933670
12_1012,0.22904741005920400
12_1013,0.23462137722074800
12_1014,0.2422482818282580
12_1015,0.33652754141244700
12_1016,0.34042696382865800
12_1017,0.3490737600692850
12_1018,0.3527855907574870
12_1019,0.35374910932387600
12_1020,0.3534578038162810
12_1021,0.43880419836326900
12_1022,0.4348956671386610
12_1023,0.4280906989390740
12_1024,0.33834913454270100
12_1025,0.3467023870542950
12_1026,0.3537336924415110
12_1027,0.3641317264061890
12_1028,0.36912111028836700
12_1029,0.36018465970814700
12_1030,0.36209758383734800
12_1031,0.3573535726690880
12_1032,0.3589349608325880
12_1033,0.3547429986973230
12_1034,0.34272046644598
12_1035,0.329675900814862
12_1036,0.3205766262204920
12_1037,0.3237566269058920
12_1038,0.33849054334180600
12_1039,0.25006458502937300
12_1040,0.2469371769709220
12_1041,0.24555200453135400
12_1042,0.3415487113577220
12_1043,0.3479291625635070
12_1044,0.35716777859911200
12_1045,0.36827728233124600
12_1046,0.4535202516317700
12_1047,0.46118121280702500
12_1048,0.4760859584526950
12_1049,0.4984246331136510
12_1050,0.5130518402784770
12_1051,0.43355589959865400
12_1052,0.43744286188601100
12_1053,0.44026603060449800
12_1054,0.442201218495329
12_1055,0.3574701532876280
12_1056,0.3417335067524170
12_1057,0.32384022999833700
12_1058,0.30561213710549500
12_1059,0.2938985142998030
12_1060,0.2888628596488920
12_1061,0.2922373774850560
12_1062,0.38056106111822700
12_1063,0.36829067482716400
12_1064,0.35378857494426600
12_1065,0.3415357397840590
12_1066,0.3294325537675530
12_1067,0.32968717601163100
12_1068,0.3229025904430490
12_1069,0.3016549140020230
12_1070,0.2850704564513630
12_1071,0.18765252769417000
12_1072,0.18195094698401300
12_1073,0.1796587938518260
12_1074,0.17937499097958000
12_1075,0.17798685381536200
12_1076,0.17261470254863600
12_1077,0.17097171437265800
12_1078,0.1763843497813400
12_1079,0.17525960336163900
12_1080,0.16859608405573300
12_1081,0.1641229306013520
12_1083,0.16366749126806300
12_1084,0.16401101003676600
12_1085,0.1661755130448650
12_1086,0.1624407827659450
12_1087,0.16189179332596100
12_1088,0.16341123873331200
12_1089,0.16827503438941000
12_1090,0.17431827799496600
12_1092,0.2777218308804230
12_1093,0.2861052281313410
12_1094,0.2912050897216100
12_1095,0.292395355702355
12_1096,0.2943076434825690
12_1097,0.29527012491312500
12_1099,0.29126595610367200
12_1100,0.2852451957514670
12_1101,0.2784328617456470
12_1102,0.1854136602888130
12_1103,0.1831753655499880
12_1104,0.18109369196849900
12_1105,0.1768696693884320
12_1106,0.1738863149886030
12_1107,0.16746129096904300
12_1108,0.1627283289144630
12_1109,0.1593911894339520
12_1110,0.1584971160723120
12_1111,0.15011384978736000
12_1112,0.14381286858992600
12_1113,0.13999516424948300
12_1114,0.14122566379242500
12_1115,0.13765186242022500
12_1116,0.1375810547572490
12_1117,0.24287663654789300
12_1118,0.24370206518822500
12_1119,0.2428467229941400
12_1120,0.24396586018793700
12_1121,0.24661542108113600
12_1122,0.35611604512241700
12_1124,0.35172697430292100
12_1125,0.34779243929901
12_1126,0.3423603303884750
12_1127,0.3415409656703180
12_1128,0.3342093099655810
12_1129,0.32766944272820500
12_1130,0.3212227982762500
12_1131,0.3139704972114490
12_1132,0.19903855366552100
12_1133,0.1966910092364030
12_1134,0.19505252260770800
12_1135,0.3046287950237940
12_1136,0.19648180785616200
12_1137,0.30870095371723600
12_1138,0.31300539344693700
12_1139,0.31383936912687000
12_1140,0.42148590483013500
12_1142,0.425050711652104
12_1143,0.42403305484142800
12_1144,0.5329242912512440
12_1145,0.42283956209649000
12_1146,0.4240155599974090
12_1147,0.31892067812152800
12_1148,0.32868471886182300
12_1149,0.333927919669557
12_1151,0.23975453425715600
12_1152,0.24912367171740400
12_1153,0.259906040958054
12_1154,0.16195610908576600
12_1155,0.1748056255624460
12_1156,0.18020606427686800
12_1157,0.18398248663814400
12_1158,0.17274725635183600
12_1159,0.16763059911564100
12_1160,0.15261814601067100
12_1161,0.14457837264951100
12_1162,0.24668793815034800
12_1163,0.24235607603282400
12_1164,0.23550712149562700
12_1165,0.2343517738395470
12_1166,0.23619592452151800
12_1167,0.24400627931958900
12_1168,0.25269757920103400
12_1169,0.2598544170860620
12_1171,0.2598058894480110
12_1172,0.14947488658001000
12_1173,0.14166860426885300
12_1174,0.24576306426003700
12_1175,0.34718552538738600
12_1176,0.33566493794798900
12_1177,0.3266388322194650
12_1179,0.3184104497266890
12_1180,0.3162402782203600
12_1181,0.3163471984580590
12_1182,0.3200602047731800
12_1183,0.32865663236217300
12_1184,0.22624292600002400
12_1185,0.2293746027770900
12_1186,0.34197030226424200
12_1187,0.45228609404812000
12_1188,0.45343353918034900
12_1189,0.45368599144706000
12_1190,0.452556803683546
12_1191,0.5603324723968070
12_1192,0.5619014301407030
12_1193,0.5634267358062980
12_1194,0.5637240493240160
12_1195,0.4594097145214480
12_1196,0.3591811403570560
12_1197,0.367560792114607
12_1198,0.37627341950785400
12_1199,0.38287673327588300
12_1200,0.28189606929471600
12_1201,0.2827536961541880
12_1202,0.27241327061846100
12_1203,0.156861743535067
12_1204,0.14558001550034500
12_1205,0.13179976124182500
12_1207,0.11897292021089400
12_1208,0.21808842721400900
12_1209,0.21122732354439400
12_1210,0.20433560334698100
12_1211,0.3085717487511840
12_1212,0.32360633157417100
12_1213,0.34067569938986500
12_1214,0.3550376298818200
12_1215,0.3687928797387220
12_1216,0.3775554722245600
12_1217,0.27065623114829700
12_1218,0.2693649690364110
12_1219,0.26397542894414900
12_1220,0.14795865917707500
12_1221,0.13068499753302300
12_1222,0.229804323146377
12_1223,0.214595725388362
12_1224,0.20204994511457700
12_1225,0.1928325755558680
12_1226,0.19047084364770200
12_1227,0.19511401642953200
12_1228,0.19878313256857700
12_1229,0.20394482261478500
12_1231,0.2093559761088800
12_1232,0.09855963783105620
12_1233,0.1052695059976080
12_1234,0.10887555533978200
12_1235,0.11286703624690000
12_1236,0.11572439155533700
12_1237,0.11553921889267600
12_1238,0.113343059667182
12_1239,0.11301831810070500
12_1240,0.22238141993127900
12_1241,0.2210764182789300
12_1243,0.21681864841405900
12_1244,0.21497891851922700
12_1245,0.21344877871216300
12_1246,0.20908591130979400
12_1248,0.2051971437466630
12_1249,0.20516004177993000
12_1250,0.20008171518057500
12_1251,0.08626853744836750
12_1252,0.1941344313227250
12_1254,0.18871565343969700
12_1255,0.18285125695602800
12_1256,0.17715993470879400
12_1257,0.2834050100149580
12_1258,0.3908869759218330
12_1259,0.38575396749038000
12_1260,0.38483495007427600
12_1261,0.3818610950945020
12_1262,0.26698076353110500
12_1263,0.2686606531256090
12_1264,0.2671531989658870
12_1265,0.2676812938766360
12_1266,0.2684097490498370
12_1267,0.16800855652028800
12_1268,0.18364699154288700
12_1269,0.20608965348617900
12_1270,0.2403563382378290
13_0,0.3830575072067320
13_1,0.3535594637635920
13_2,0.33662587419400800
13_3,0.3206203185078590
13_4,0.30995251140582500
13_5,0.21867833417197000
13_6,0.22256468487102200
13_7,0.22361732972628900
13_8,0.22891382097158700
13_9,0.22409749254488600
13_10,0.2276567157765930
13_11,0.22759137949956800
13_12,0.231130455913287
13_13,0.23128939406356000
13_14,0.32393212691835100
13_15,0.4190806398376710
13_16,0.4210801370306100
13_17,0.41980218793688100
13_18,0.4239367728964580
13_19,0.42304260969599700
13_20,0.4220599915170500
13_21,0.42062364699843800
13_22,0.4203424250006690
13_23,0.32466307612583500
13_24,0.22875425696547000
13_25,0.2278518235886500
13_26,0.2288527263763800
13_27,0.22720624817777500
13_28,0.22662064818133200
13_29,0.22573776883396500
13_30,0.22292027585969900
13_31,0.2229556486387560
13_32,0.22720937971213900
13_33,0.3222280825813820
13_34,0.32065786444167500
13_35,0.31962848117095800
13_36,0.3193622106404960
13_37,0.3189034734575310
13_38,0.31605748115082100
13_39,0.31739763194202500
13_40,0.3160014960965650
13_41,0.30932880472719700
13_42,0.21106763820534100
13_43,0.2089561017620400
13_44,0.20486021764255000
13_45,0.20224292764732200
13_46,0.20270944723742600
13_47,0.20804443178876000
13_48,0.20617398499272500
13_49,0.20838869007617600
13_50,0.21346898644331100
13_51,0.21609153986635900
13_52,0.31604516764186200
13_53,0.3164194789719940
13_54,0.31721922455721900
13_55,0.3134441173370930
13_56,0.3096546101631180
13_57,0.3098006471506020
13_58,0.30710450702352700
13_59,0.3022928822454170
13_60,0.30066670602217300
13_61,0.20309604480488200
13_62,0.20405201775406400
13_63,0.20480237019511700
13_64,0.20781126661241700
13_65,0.2079290413580710
13_66,0.2103126616622270
13_67,0.21184517568255100
13_68,0.2128068827047900
13_69,0.2138113150012260
13_70,0.21366097008203000
13_71,0.21938393065704700
13_72,0.2210691435010040
13_73,0.22267079097643700
13_74,0.22636242223911100
13_75,0.22850525267169600
13_76,0.2293449074694080
13_77,0.23079413685930800
13_78,0.234790496809048
13_79,0.23663725210589200
13_80,0.23388314694513800
13_81,0.23775045924519600
13_82,0.23734818701178000
13_83,0.23687642967030700
13_84,0.2351747891359970
13_85,0.23742303499091600
13_86,0.23810588318264000
13_87,0.2380594885312990
13_88,0.3333247622914740
13_89,0.42813700445254300
13_90,0.42638878165220000
13_91,0.43119142969746100
13_92,0.5257927090706870
13_93,0.5265931545489840
13_94,0.5215023106474040
13_95,0.5185639010139680
13_96,0.512630647540432
13_97,0.5127673671315920
13_98,0.41283746243510800
13_99,0.4051625818413070
13_100,0.39863120159818700
13_101,0.2983457305276320
13_102,0.2959812566923110
13_103,0.29249476341702200
13_104,0.2930939045692950
13_105,0.2946111563831680
13_106,0.29294151880705100
13_107,0.29529070046426000
13_108,0.30049437766113500
13_109,0.3006923492560250
13_110,0.30363209848286500
13_111,0.3049233690526150
13_112,0.3055625032008180
13_113,0.30529012999533000
13_114,0.30486304391474000
13_115,0.21328283339506000
13_116,0.21404608196951600
13_117,0.21761807807408800
13_118,0.21831861803173100
13_119,0.21979323529634300
13_120,0.22019058524416300
13_121,0.3202907146050760
13_122,0.4162915070142560
13_123,0.4142645097329080
13_124,0.4103340784687850
13_125,0.4105137187267020
13_126,0.4069321096239870
13_127,0.4064995682330970
13_128,0.4069950071140730
13_129,0.40964780175725000
13_130,0.31201156312318400
13_131,0.21599884252148500
13_132,0.31379780923304400
13_133,0.31365465895445400
13_134,0.3147723382864910
13_135,0.3139032536238370
13_136,0.31471636754182500
13_137,0.31425363129885600
13_138,0.3104959387092690
13_139,0.3128104519258600
13_140,0.3141777348987690
13_141,0.21751551031600000
13_142,0.21483014795165700
13_143,0.217916765307239
13_144,0.21914963350808500
13_145,0.21584284909566200
13_146,0.21229327733345200
13_147,0.20873720992148600
13_148,0.20647515661243700
13_149,0.20443382522545200
13_150,0.20648428971468500
13_151,0.20992582342107200
13_152,0.20577173287670200
13_153,0.2064420997565600
13_154,0.2110709123503920
13_155,0.3091977794959560
13_156,0.3130115975947270
13_157,0.31636956119915100
13_158,0.3204223425988750
13_159,0.3187478747849500
13_160,0.32161798648742800
13_161,0.3210240615065370
13_162,0.32103054909399600
13_163,0.31877249767574000
13_164,0.22305660031796200
13_165,0.22049867158288900
13_166,0.22013460627006000
13_167,0.21342205958503900
13_168,0.2138082485675660
13_169,0.2112848706478350
13_170,0.21119120124721100
13_171,0.20999322068002200
13_172,0.20995242158772500
13_173,0.21168020606601500
13_174,0.2104618297763050
13_175,0.2102046231859850
13_176,0.2146900527382450
13_177,0.21206346421469900
13_178,0.21151714382344600
13_179,0.21137990528592600
13_180,0.21105040638744900
13_181,0.2075032590859570
13_182,0.20522506697671500
13_183,0.20801742235693500
13_184,0.20753419572218300
13_185,0.20971336799022100
13_186,0.21521067116753400
13_187,0.21657146906513900
13_188,0.21609761582260500
13_189,0.2182026890013130
13_190,0.22302958283866200
13_191,0.22525489289250300
13_192,0.32172182243944800
13_193,0.32116167172584400
13_194,0.3187165420980780
13_195,0.31684759603619300
13_196,0.3149351583914070
13_197,0.316717104213195
13_198,0.31538725159705500
13_199,0.31435188121983800
13_200,0.31425990487068900
13_201,0.2196494496478800
13_202,0.22030120298079100
13_203,0.22051418068288900
13_204,0.22046273810548400
13_205,0.22204893058215700
13_206,0.22252693761193200
13_207,0.22314297457923600
13_208,0.22323102182798100
13_209,0.22284888385169400
13_210,0.3173464752000960
13_211,0.3176127530680780
13_212,0.3178825163086810
13_213,0.31511627712347900
13_214,0.31513052107250700
13_215,0.3174763634431930
13_216,0.31708326556688800
13_217,0.3181245580130450
13_218,0.3184101856617140
13_219,0.2200732912520020
13_220,0.2187675795379360
13_221,0.21783808300560100
13_222,0.22175235945519400
13_223,0.22138770448605500
13_224,0.2227742168317790
13_225,0.22807335883288500
13_226,0.23375141467391200
13_227,0.23674009370937100
13_228,0.24587714106527400
13_229,0.2528985918566640
13_230,0.2591656919134450
13_231,0.2628176128058180
13_232,0.26984376845514800
13_233,0.26669232522362600
13_234,0.26784793573565100
13_235,0.265092160964181
13_236,0.26931044980205500
13_237,0.3591440198691140
13_238,0.35747769183003200
13_239,0.35905124681480000
13_240,0.3610722000690920
13_241,0.3552409860283260
13_242,0.4479061238714120
13_243,0.4421744838903720
13_244,0.5332146799604780
13_245,0.5249707209188400
13_246,0.4270390684019570
13_247,0.4189467761213920
13_248,0.40942159022969600
13_249,0.4011917685431840
13_250,0.3988211771134760
13_251,0.3038105070016420
13_252,0.3013420868724450
13_253,0.20792296123695800
13_254,0.3028137231527340
13_255,0.30602634294648700
13_256,0.3154509405263210
13_257,0.32507068661595600
13_258,0.3318238713139060
13_259,0.33798160351892600
13_260,0.3443873081375340
13_261,0.3470173884363890
13_262,0.3483935080339800
13_263,0.258606484849081
13_264,0.2661702152736690
13_265,0.27046469985912600
13_266,0.2725659154354260
13_267,0.2756766206846490
13_268,0.277665779882958
13_269,0.2804044094858900
13_270,0.3725381512065640
13_271,0.3750796745043580
13_272,0.3704455301189440
13_273,0.3621794884309520
13_274,0.35321794395512000
13_275,0.3425172782154070
13_276,0.4308245409523830
13_277,0.42131529667591900
13_278,0.41131185051123300
13_279,0.3158730292894780
13_280,0.3081696776130020
13_281,0.301440329642997
13_282,0.29982083959185400
13_283,0.29758710416358200
13_284,0.39491670850304100
13_285,0.3941744253853750
13_286,0.39924207595223000
13_287,0.3974239293726500
13_288,0.3956083157240810
13_289,0.3998449392973780
13_290,0.5024601495475050
13_291,0.5997689366306890
13_292,0.5943811285186260
13_293,0.4960108370054810
13_294,0.3982625189989420
13_295,0.39443780105626200
13_296,0.39653572158639500
13_297,0.3979364643295960
13_298,0.3961602205432770
13_299,0.2999869925361590
13_300,0.20295135257947900
13_301,0.21111727844289900
13_302,0.21543806776912600
13_303,0.21689511318093500
13_304,0.21770946253813300
13_305,0.21839008413298500
13_306,0.2179678274772830
13_307,0.21411912750084200
13_308,0.21235206622189100
13_309,0.3098294928712030
13_310,0.3079518972456380
13_311,0.30658292282389600
13_312,0.30470788097464300
13_313,0.30522831250675800
13_314,0.30669980669388100
13_316,0.309594147719771
13_317,0.31241310788280000
13_318,0.3105785858072940
13_319,0.20943562071530700
13_320,0.20843437339005100
13_321,0.20376985932032500
13_323,0.19996370616948500
13_324,0.19323155348268000
13_325,0.1857611758335150
13_327,0.17959683320542600
13_328,0.17408392516152400
13_329,0.1709977395425980
13_330,0.1694429696938490
13_331,0.16475640434028900
13_332,0.1628083758045030
13_333,0.16361722075709400
13_335,0.1645856174673520
13_336,0.16550087848788000
13_337,0.16554739277051700
13_338,0.16640694847325300
13_339,0.1704705042061580
13_340,0.1703472167604120
13_341,0.27255620272970100
13_342,0.27150644142233700
13_343,0.26957040667636800
13_344,0.2685328778312540
13_345,0.26688887651093700
13_346,0.26576728673236700
13_348,0.26677017025627800
13_349,0.26236987991794700
13_350,0.36412307078284600
13_351,0.2641859377322790
13_352,0.26816759584008200
13_353,0.26734294506789700
13_354,0.270024356885001
13_355,0.2694316187484470
13_356,0.2682301607676490
13_357,0.26266075758846600
13_358,0.26145679850393400
13_359,0.1576568791620250
13_360,0.1533142667075100
13_361,0.2511681627097650
13_363,0.2512832623890230
13_364,0.348325921253718
13_365,0.3540275025135360
13_367,0.3551143275918780
13_368,0.35852257114374500
13_369,0.3636020885132420
13_370,0.46632227961469700
13_371,0.46845755040783900
13_372,0.3645915119800380
13_374,0.36339637586225600
13_375,0.2627202563938320
13_376,0.2575377990899030
13_378,0.2598887130302640
13_379,0.25849713143310200
13_380,0.25307545682714200
13_381,0.14626304415713300
13_382,0.24710760578451100
13_383,0.24324966775300100
13_384,0.23852474166224800
13_385,0.23188194889132700
13_386,0.23065277758320200
13_387,0.22628819400460800
13_388,0.3298043620789940
13_389,0.32825654114368000
13_390,0.3347475954636120
13_391,0.22772405025794700
13_392,0.23055123543715900
13_393,0.23801202350446800
13_394,0.24752806950412200
13_395,0.25248446582035700
13_396,0.3544162202307730
13_397,0.2525072038175450
13_398,0.2603896114895150
13_399,0.3600081347223990
13_400,0.4678961959086630
13_401,0.4865203102864060
13_402,0.49419811512723300
13_403,0.5015198321622060
13_404,0.5077872838019280
13_405,0.4165074328569980
13_407,0.4250801521246970
13_409,0.4289695490457810
13_410,0.3343799984601670
13_411,0.23694744951474000
13_412,0.2288205700233920
13_413,0.2292716115146050
13_414,0.22633432102925200
13_415,0.31807480698873500
13_416,0.3176226160916630
13_417,0.3180014867993790
13_418,0.31950921545656700
13_419,0.3290516000376720
13_421,0.34232715964664100
13_422,0.432041352130745
13_423,0.4380222080505250
13_424,0.44382871509821400
13_425,0.353987906625219
13_426,0.4452092548934880
13_427,0.44938843560820600
13_428,0.45548883414515500
13_429,0.45818887912328100
13_430,0.45841660389803100
13_432,0.37332079933648800
13_433,0.3706482398582300
13_435,0.37397244387465300
13_436,0.46532782615694000
13_437,0.38487770966721000
13_438,0.3954778443754990
13_439,0.4050670454722540
13_440,0.4137088859377480
13_441,0.42078767472428900
13_443,0.4351628977060680
13_444,0.44565858689817300
13_445,0.45090413800324900
13_446,0.3683795495693320
13_447,0.3733399679858800
13_448,0.37656304838703
13_449,0.3850302208882580
13_450,0.3915080000735170
13_451,0.39513448801056100
13_453,0.4719839176400220
13_454,0.47050342859675300
13_455,0.4810784922477510
13_456,0.48647410873577300
13_457,0.483514309757729
13_459,0.4758935313543120
13_460,0.4585955135276830
13_461,0.44095484163858700
13_462,0.42844827354375700
13_463,0.3405302771636810
13_464,0.33894413254569300
13_465,0.32643288219337500
13_466,0.320784109830594
13_467,0.3161398960235370
13_468,0.3128769451980380
13_469,0.31250369751730600
13_470,0.3125091746889680
13_471,0.4006057187558030
13_472,0.40581095239889200
13_473,0.41480990727162200
13_474,0.4323523829171920
13_475,0.4644286383628880
13_476,0.5017683732465570
13_477,0.5309295302624550
13_478,0.5665318117910780
13_479,0.605046833754298
13_480,0.5515795752678080
13_481,0.5861845680628880
13_482,0.5996946579377730
13_483,0.6123220318755350
13_484,0.604930976932431
13_485,0.5891883304815090
13_487,0.5784482132503000
13_488,0.5611943129172820
13_489,0.5442075156971720
13_491,0.5233835195659220
13_493,0.49883544563110700
13_494,0.49498408520628000
13_495,0.48585014379535200
13_496,0.5413062096077030
13_497,0.5402875707762350
13_498,0.5385100868801500
13_499,0.5351224858956550
13_500,0.5974009035698320
13_501,0.6060567214768410
13_502,0.607980966820816
13_503,0.6020415717541260
13_504,0.588676490462563
13_505,0.5177537130925700
13_506,0.5180294072465390
13_507,0.5157745008253950
13_508,0.5123120116537620
13_509,0.445601448883368
13_510,0.444270779174732
13_511,0.44763753129342300
13_512,0.44504570971644600
13_513,0.4391333179158850
13_514,0.42290616107386500
13_515,0.3965258969832280
13_516,0.37434255958531500
13_517,0.3584655333802520
13_518,0.3357974794118590
13_519,0.30270101772930200
13_520,0.270190544242906
13_521,0.247075853623478
13_522,0.23453903637557700
13_523,0.32252805024548500
13_524,0.3251036629746320
13_525,0.3289975086826620
13_526,0.3264730644985820
13_527,0.31735439178516600
13_528,0.30937363755780600
13_529,0.30081456971521700
13_530,0.4001073658204360
13_532,0.3831663181191430
13_533,0.27633626275353100
13_534,0.25920711153997900
13_535,0.24831493648936600
13_536,0.24093287476043500
13_537,0.24210949775404500
13_538,0.24707887858042100
13_539,0.25224427735155200
13_540,0.14748572521576400
13_541,0.16153251646367900
13_542,0.17603149625032300
13_543,0.18664959033385300
13_544,0.18722262440855400
13_545,0.18830837549127400
13_546,0.18992546946738900
13_547,0.19223766752469800
13_548,0.19921509430120700
14_0,0.21188782056251800
14_1,0.20902561968063800
14_2,0.20907730366231700
14_3,0.20817959993337200
14_4,0.20622170448156000
14_5,0.20599005497159700
14_6,0.20430558054361600
14_7,0.20025284886877600
14_8,0.19322290524612900
14_9,0.1859975872183250
14_10,0.18125601944120200
14_11,0.17447269020919300
14_12,0.1731575396731020
14_13,0.17243543444375300
14_14,0.17652299018090600
14_15,0.18113525966987800
14_16,0.18643572513642700
14_17,0.19221825083368300
14_18,0.19773230579695600
14_19,0.2017532865662090
14_20,0.20492675923552600
14_21,0.3030684671810770
14_22,0.30204809908504200
14_23,0.29606743357626200
14_24,0.29448048610037300
14_25,0.39020521129394100
14_26,0.3873749194134970
14_27,0.3896305511667930
14_28,0.39287538444458600
14_29,0.39708669603975800
14_30,0.29966704441837500
14_31,0.3021990715714550
14_32,0.3010039752009930
14_33,0.2941326245382500
14_34,0.18538454179567800
14_35,0.17473274930478400
14_36,0.16031733289707900
14_37,0.14646203007629800
14_38,0.2424877470106490
14_39,0.23228528653201800
14_40,0.22481056944323700
14_41,0.22514034477326600
14_42,0.2293637339197090
14_43,0.23621931785171400
14_44,0.2404823596327780
14_45,0.24525543535918900
14_46,0.2476512290591810
14_47,0.13981039329450700
14_48,0.13584232775855200
14_49,0.12746048441598500
14_50,0.11258717406343900
14_51,0.09668479568214640
14_52,0.0829411908615148
14_53,0.07703206142538170
14_54,0.06889636156967600
14_55,0.06390828048490330
14_56,0.05623937154234840
14_57,0.05553911904493080
14_58,0.056001985810105500
14_59,0.06006454780555270
14_60,0.06473325954585020
14_61,0.07284452801478770
14_62,0.07543432382910340
14_63,0.08294564708587880
14_64,0.08982837166937350
14_65,0.10529070887577000
14_66,0.2188148387856860
14_67,0.22619285206692300
14_68,0.23127798676181000
14_69,0.23550234156594800
14_70,0.23284882210440100
14_71,0.33793314369549400
14_72,0.3293855833991710
14_73,0.3229585001272750
14_74,0.3080838592575180
14_75,0.19441842812786900
14_76,0.18917718779783400
14_77,0.18672666649977600
14_78,0.18448283209697300
14_79,0.18677570845311200
14_80,0.0805279135194511
14_81,0.08560643957491580
14_82,0.1975411656947970
14_83,0.20160080919764200
14_84,0.2045458094869920
14_85,0.20518313330350100
14_86,0.20398048384915500
14_87,0.2008270212714950
14_88,0.19756761305066700
14_89,0.1973025709073600
14_90,0.19831439134040100
14_91,0.08663970949143350
14_92,0.1990155910054990
14_93,0.19273896654320100
14_94,0.186802205174886
14_95,0.18431388844368400
14_96,0.1833942032301540
14_97,0.18092508565771300
14_98,0.18430909214437000
14_99,0.17958357590327700
14_100,0.29494171636918300
14_101,0.18204025996572300
14_102,0.18659585348439800
14_103,0.3044881257371170
14_104,0.3078087550456860
14_105,0.30973898649558400
14_106,0.31100495180790000
14_107,0.41873632063350200
14_108,0.4236557479970080
14_109,0.31091373569441300
14_110,0.3142401835107110
14_111,0.42860567748208100
14_112,0.31809858408494500
14_113,0.3183735634826330
14_114,0.3201035825556180
14_115,0.32074666006480200
14_116,0.20845656852885200
14_117,0.3170472810950460
14_118,0.31370809172057800
14_119,0.30828361772628700
14_120,0.1927570238008520
14_121,0.1881301744840720
14_122,0.2989709335571800
14_123,0.2944528712251520
14_124,0.40636522834545900
14_125,0.4070466554205190
14_126,0.29633920631787100
14_127,0.29987830999813800
14_128,0.30589823262298000
14_129,0.4212072189399190
14_130,0.4278448538754680
14_131,0.4290183440227370
14_132,0.43490518140691800
14_133,0.4347233331478330
14_134,0.5462422063842580
14_135,0.5480292240902540
14_136,0.549096192465472
14_137,0.5486249815527540
14_138,0.4396143922032910
14_139,0.43653389425381500
14_140,0.3246729673143440
14_141,0.3229816378317100
14_142,0.2126057278785640
14_143,0.21217900795801400
14_144,0.2097633880107460
14_145,0.20684425472735100
14_146,0.20450626228064900
14_147,0.20244594142098800
14_148,0.20288718309111300
14_149,0.20352793963452000
14_150,0.20522887640923300
14_151,0.20615919975407200
14_152,0.0944486570261266
14_153,0.09472979031996330
14_154,0.0953874696123428
14_155,0.09509994861030120
14_156,0.09147049059993840
14_157,0.08883424745770430
14_158,0.08802508542749580
14_159,0.08335852282938880
14_160,0.07936903107452470
14_161,0.07682927327699790
14_162,0.0768964621931634
14_163,0.0734767828030014
14_164,0.07112818874042070
14_165,0.0705355920552105
14_166,0.07115139708446310
14_167,0.06743177888581440
14_168,0.06687807363603070
14_169,0.06638179619043310
14_170,0.06606869253168180
14_171,0.06314575833392310
14_172,0.06267055424957890
14_173,0.06201154816345290
14_174,0.06192762012245120
14_175,0.06042326447087220
14_176,0.06193005091200310
14_177,0.06145273756058940
14_178,0.05719980947538400
14_179,0.055883468203701500
14_180,0.056380663312601500
14_181,0.05732010106450430
14_182,0.05829976932958470
14_183,0.057337069337679100
14_184,0.1705822970636580
14_185,0.16863020181556100
14_186,0.28246556092509800
14_187,0.2850366980714600
14_188,0.28597876083457200
14_189,0.28538683172148600
14_190,0.28288988344817300
14_191,0.3962611299611830
14_192,0.3982685125940210
14_193,0.2850229432179730
14_194,0.28428389185941600
14_195,0.17041351850160100
14_196,0.16941964521113500
14_197,0.16813254996573200
14_198,0.16710166429503300
14_199,0.16779237509724400
14_200,0.05186797681281880
14_201,0.048864000569336700
14_202,0.04638154696958400
14_203,0.04689602431007870
14_204,0.16188360130427300
14_205,0.1635638439946850
14_206,0.16506466622741400
14_207,0.16600041996167400
14_208,0.16471054728939600
14_209,0.16753518194134700
14_210,0.1683454092320160
14_211,0.1673231329989610
14_212,0.16413315716386300
14_213,0.0457121936353591
14_214,0.04216204732329940
14_215,0.03852880747097180
14_216,0.03410351135412470
14_217,0.03424160574941230
14_218,0.03024168407924640
14_219,0.028458236987740400
14_220,0.02749550081017510
14_221,0.029831976613372000
14_222,0.03153093750422390
14_223,0.032697567271641900
14_224,0.032684407271779900
14_225,0.03289791345301050
14_226,0.03201774576015980
14_227,0.03086312036391610
14_228,0.028882740958285300
14_229,0.03231144099478830
14_230,0.029924699210535600
14_231,0.030212731663019200
14_232,0.032360428706447500
14_233,0.03684727068469290
14_234,0.04247465721034660
14_235,0.04765492711584130
14_236,0.05419433495857970
14_237,0.061946320496541600
14_238,0.06605846215358390
14_239,0.07440261567979790
14_240,0.08180761600727360
14_241,0.08705836335582220
14_242,0.09067917125451690
14_243,0.09262585520660890
14_244,0.09575837027071700
14_245,0.2046140989138120
14_246,0.20562364508029000
14_247,0.21134739764959500
14_248,0.2146138457809510
14_249,0.21569707811417700
14_250,0.2185554224168230
14_251,0.22180192933785800
14_252,0.22687485568325500
14_253,0.23174959430681600
14_254,0.23315518955047700
14_255,0.24018189965800400
14_256,0.2425184257835030
14_257,0.24659511971317800
14_258,0.35473036284349700
14_259,0.35825744278333800
14_260,0.4625845931067680
14_261,0.46717271263776900
14_262,0.4707078433525670
14_263,0.3685749577530540
14_264,0.3672618239591040
14_265,0.3643475413950940
14_266,0.36116943217864100
14_267,0.25280794612317900
14_268,0.24698766988368300
14_269,0.1407758585205240
14_270,0.13487990040010000
14_271,0.23516030328660600
14_272,0.2341316975011480
14_273,0.2338215135641570
14_274,0.23707113210730000
14_275,0.24316473306950600
14_276,0.2523264999810960
14_277,0.2631235368233610
14_278,0.2741904805412720
14_279,0.28475907348866700
14_280,0.18990279713416000
14_281,0.1971067924319570
14_282,0.20666180355531200
14_283,0.22015672504974800
14_284,0.22725453855320800
14_285,0.323931397311825
14_286,0.3314668673090750
14_287,0.3362135761739420
14_288,0.4292908105015430
14_289,0.43399739085685000
14_290,0.44032686219293800
14_291,0.4464555409806610
14_292,0.4473313022414160
14_293,0.4501290513997190
14_294,0.4512290931735970
14_295,0.4540540232445870
14_296,0.5451979477519530
14_297,0.4626450717293990
14_298,0.553231454507326
14_299,0.6459186558236670
14_300,0.7361136878094470
14_301,0.7422976666947240
14_302,0.750945200756657
14_303,0.6645172631730160
14_304,0.6647210804701690
14_305,0.5796694585800460
14_306,0.58511592352399
14_307,0.5035774887072780
14_308,0.4256056893122680
14_309,0.351052514018915
14_310,0.42994063985886200
14_311,0.43401231460369300
14_312,0.4420918506661100
14_313,0.44877660121005700
14_314,0.45477775546087300
14_315,0.4592338104141760
14_316,0.46721548628703200
14_317,0.539574832565939
14_318,0.5423839967294090
14_319,0.4713548939639250
14_320,0.4747114663877700
14_321,0.4787384850171050
14_322,0.4885468172244900
14_323,0.4938057967161570
14_324,0.500163618432366
14_325,0.5080194814155830
14_326,0.5048671109650370
14_327,0.5070842443043570
14_328,0.5114054508590270
14_329,0.5210319704936830
14_330,0.5334560881571430
14_331,0.5375860228415790
14_332,0.5475518795143070
14_333,0.5502995761883750
14_334,0.5451484429476240
14_335,0.4810189610247980
14_336,0.4722727281675720
14_337,0.46423803980465500
14_338,0.5289633787608090
14_339,0.5149010556876270
14_340,0.5803324067028890
14_341,0.5670169996384430
14_342,0.5558912442652530
14_343,0.623709523419493
14_344,0.6153151902517520
14_345,0.607593541498221
14_346,0.6003351640634650
14_347,0.5140146694173090
14_348,0.5101751628207760
14_349,0.4249754308394160
14_350,0.4255557426179900
14_351,0.41813417535851400
14_352,0.3360174535820680
14_353,0.33047391994457600
14_354,0.33178880090165800
14_355,0.33074936532821500
14_356,0.33561801413384300
14_357,0.3355832697708660
14_358,0.34552551957144800
14_359,0.3559260975122550
14_360,0.3783544968980640
14_361,0.411032677038819
14_362,0.4336069878761630
14_363,0.4359071945726610
14_364,0.5169620600636740
14_365,0.5193393689032070
14_366,0.5973746766702660
14_367,0.5932784592512090
14_368,0.6579778118000860
14_369,0.6369050632337940
14_370,0.608284193794577
14_371,0.5892705128331620
14_372,0.6604744165254720
14_373,0.5779557847396190
14_374,0.5711612762394160
14_375,0.48821998347191800
14_376,0.5648714329332360
14_378,0.4693712103652730
14_379,0.548961345909723
14_380,0.525784363071858
14_381,0.5034518371066700
14_382,0.4112121166800460
14_383,0.40615836779928200
14_384,0.40081288111463400
14_385,0.40209802555242500
14_386,0.4026300336066570
14_388,0.4102920979446300
14_389,0.3223098364952180
14_390,0.3300849460390060
14_391,0.340697741863762
14_392,0.35506348501879800
14_393,0.35979068394981300
14_394,0.36153236412714200
14_395,0.4450573051375080
14_396,0.36936973063585200
14_397,0.37508450802657300
14_398,0.3902550124329760
14_399,0.4125675334760860
14_400,0.4253274495620160
14_401,0.43439289336597500
14_402,0.5243325434790380
14_403,0.6136189954137890
14_404,0.5230738608702950
14_405,0.6044747632285780
14_407,0.6929927401913160
14_408,0.7730772948200310
14_409,0.7511351700605360
14_410,0.7350039823531350
14_411,0.7192383493561180
14_412,0.6273627359959990
14_413,0.5347819645606240
14_414,0.5361108602904390
14_415,0.45080752890252300
14_416,0.3712594476511140
14_417,0.2883775809549030
14_418,0.31557424864679300
14_419,0.34971941755411400
14_421,0.3740096770634280
14_422,0.3977754355508640
14_423,0.4132536661199210
14_424,0.4220402074656220
14_425,0.4408450626899620
14_426,0.45358633084824200
14_427,0.4678416636343010
14_428,0.47133678400357900
14_430,0.4650030654017250
14_431,0.46688399736373500
14_432,0.47833911464495000
14_433,0.49963496863947900
14_434,0.5093350759902400
14_435,0.47850316576946800
14_436,0.5386387488942590
14_437,0.49980165548298200
14_438,0.4638348042970700
14_440,0.44033990624462500
14_441,0.4141596274269390
14_442,0.3746834354843840
14_443,0.33435024255996600
14_444,0.3066070530823810
14_445,0.30981382997032300
14_446,0.2216736782002150
14_447,0.23262672552733900
14_449,0.23248659315862700
14_450,0.21945999120447100
14_451,0.21028807267107800
14_452,0.20096970930646500
14_453,0.19444929259250000
14_454,0.19169052417648100
14_455,0.18570977651062700
14_456,0.17434186684409900
14_457,0.16263659846875000
14_458,0.15961839937603800
14_459,0.16034965452240100
14_461,0.16138752836956700
14_462,0.161921389634173
14_463,0.16169368553305600
14_464,0.1630828714020390
14_466,0.15946507123826800
14_467,0.26271005723170300
14_468,0.2612485411384500
14_469,0.26012398065096900
14_470,0.26257662702689600
14_471,0.3675642810582230
14_472,0.47106010640555
14_473,0.47288248946897200
14_474,0.4795353798906800
14_475,0.4816804144211410
14_476,0.3839583352985190
14_477,0.38989522235954400
14_479,0.3927579496361950
14_480,0.3923155037039470
14_481,0.286846289332435
14_482,0.18698497849363100
14_483,0.192925803913384
14_484,0.19519103723578000
14_485,0.20784652023798900
14_486,0.2189938471078060
14_487,0.23532217168630400
14_488,0.2482888219747350
14_489,0.2566164851303610
14_490,0.2651578907996520
14_491,0.2676050436478730
14_493,0.3617086956384190
14_494,0.35667097356846900
14_495,0.3490474840378800
14_496,0.34280355843410700
14_497,0.33678826565616000
14_498,0.3338880707333120
14_499,0.33244004952198200
14_500,0.3305100003360990
14_501,0.3272306095740760
14_502,0.22143385512432300
14_503,0.22226798214261300
14_504,0.22021228387965600
14_505,0.21367176078711300
14_506,0.2021106652471000
15_251,0.2631715060275480
15_252,0.4011065288207160
15_253,0.3807144339544460
15_254,0.3670049199192880
15_255,0.44630141036788600
15_256,0.44709812036678400
15_257,0.44517004930130700
15_258,0.447276875456635
15_259,0.5375811801762480
15_260,0.5420929548006780
15_261,0.45264646817481800
15_262,0.45692295029427400
15_263,0.4635001725167780
15_264,0.3794415967147530
15_265,0.46935151165273500
15_266,0.4788772451098530
15_267,0.5676993314564440
15_268,0.49445244052997200
15_269,0.5063366155953820
15_270,0.5186264461695130
15_271,0.5345777870645650
15_272,0.5412859676198270
15_273,0.5527881627622970
15_274,0.4766703821687650
15_275,0.5582441340333610
15_276,0.4746226065195550
15_277,0.47354861471349300
15_278,0.46897677498530200
15_279,0.46796891439416900
15_280,0.46271868916133900
15_281,0.46037736164222200
15_282,0.45443598187698000
15_283,0.44992965654322800
15_284,0.3691929654395160
15_285,0.3650643714146780
15_286,0.35576193902899200
15_287,0.3506373366452260
15_288,0.34316499528344000
15_289,0.33383467573143100
15_290,0.4153825483546620
15_291,0.4048586952673510
15_292,0.4864133726412050
15_293,0.4741849384043570
15_294,0.5615395226851600
15_295,0.5512867553504200
15_296,0.5404447947373110
15_297,0.5283886545409490
15_298,0.5177807153662770
15_299,0.4172368571700700
15_300,0.40944960334624000
15_301,0.3145806239987350
15_302,0.3109880890668850
15_303,0.21713212555829100
15_304,0.22488720135627600
15_305,0.2334977885701880
15_306,0.24181223442191500
15_307,0.24691575140595400
15_308,0.2550070298136910
15_309,0.259754513858975
15_310,0.2611273128295180
15_311,0.2630134477661530
15_312,0.2649726858403440
15_313,0.2694409812027430
15_314,0.27908636743928200
15_315,0.29117211455415300
15_316,0.30501214730168700
15_317,0.3154732647293110
15_318,0.3237489129062110
15_319,0.32907211331121100
15_320,0.3379827494498430
15_321,0.34285826246205700
15_322,0.33587300045030100
15_323,0.4209526278081050
15_324,0.4122589791352630
15_325,0.4027641503182790
15_326,0.48349263612620600
15_327,0.48607596448156100
15_328,0.49136686092488000
15_329,0.4991906421766480
15_330,0.5085214939250170
15_331,0.5177226831885820
15_332,0.42785420376272200
15_333,0.4279405601777580
15_334,0.4301384962860070
15_335,0.3422102773615720
15_336,0.3334714022115390
15_337,0.3290040073970790
15_338,0.31891175303421700
15_339,0.30627284131378800
15_340,0.3009353490897100
15_341,0.2978969015182140
15_342,0.2985479530713540
15_343,0.2991230173757180
15_344,0.3004007154934640
15_345,0.39307973567783100
15_346,0.3858315193917330
15_347,0.3765991410574890
15_348,0.3687971351054670
15_349,0.3545586064659530
15_350,0.4459362867272280
15_351,0.4291492591802100
15_352,0.5149065463327930
15_353,0.5042679237211190
15_354,0.407413844529003
15_355,0.40963403260613000
15_356,0.40984488433487600
15_357,0.4144517302741280
15_358,0.4231946022519270
15_359,0.324195942296108
15_360,0.33274021285913500
15_361,0.33169502117221200
15_362,0.3329701728788720
15_363,0.33368104842340500
15_364,0.33148368337655800
15_365,0.337906656207266
15_366,0.34194217874483000
15_367,0.4322016284114750
15_368,0.44630700230275900
15_369,0.45553501538786800
15_370,0.3715910936699210
15_371,0.38168519533691300
15_372,0.38821389937483600
15_373,0.39142542234384900
15_374,0.3889241530594270
15_375,0.3860227849472490
15_376,0.2924464919687450
15_377,0.2742763061995980
15_378,0.259972083576282
15_379,0.24408619180827000
15_380,0.23350639224584000
15_381,0.22726398801959400
15_382,0.2273971406773410
15_383,0.23194346377517300
15_384,0.24194381588458500
15_385,0.25739725858167600
15_386,0.2800731677792270
15_387,0.29745641894136800
15_388,0.3146011939734980
15_389,0.32764128177919100
15_390,0.3322209594025610
15_391,0.3289108333535160
15_392,0.3233916958261880
15_393,0.312632043136755
15_394,0.3013549167666180
15_395,0.28613583257784700
15_396,0.2733278619432270
15_397,0.35714224590618900
15_398,0.3479857818912330
15_399,0.3455576605406900
15_400,0.3469043746919570
15_401,0.34630848998936600
15_402,0.34369596702235200
15_403,0.3393827621169680
15_404,0.3378538982609140
15_405,0.338063968602613
15_406,0.23986239590932300
15_407,0.24000084558710200
15_408,0.23973007762625300
15_409,0.24018787747907700
15_410,0.24464417836070900
15_411,0.3409641163448180
15_412,0.34553117259283100
15_413,0.3545764957335870
15_414,0.3605508286755030
15_415,0.3675385643937440
15_416,0.36631629415870700
15_417,0.3594558035030460
15_418,0.3489952388597710
15_419,0.3355149401480490
15_420,0.22956342213553500
15_421,0.216508832457821
15_422,0.1977746342713620
15_423,0.18404920071343200
15_424,0.1735405843294220
15_425,0.165391651190734
15_426,0.1664450062866390
15_427,0.17146814695996400
15_428,0.17697482676229700
15_429,0.18525519455459100
15_430,0.18971607986007200
15_431,0.1925690374878500
15_432,0.19118626191714300
15_433,0.19036485438093800
15_434,0.2954319595033380
15_435,0.2918585916200380
15_436,0.290632148649117
15_437,0.2893848428068310
15_438,0.2864959469818780
15_439,0.28915712017668300
15_440,0.29779055550078000
15_441,0.3111979656742270
15_442,0.31832642471898800
15_443,0.22327844706797100
15_444,0.23224225860626700
15_445,0.23502682966431500
15_446,0.2385712433857890
15_447,0.24315075400043800
15_448,0.24773883535139100
15_449,0.24792986144882700
15_450,0.2470286965807310
15_451,0.2494652926750090
15_452,0.24788485096749300
15_453,0.33886122069571000
15_454,0.34144538732307300
15_455,0.34374612398043100
15_456,0.3448828669937830
15_457,0.34778618686019800
15_458,0.347544839838036
15_459,0.34057583693931800
15_460,0.3378630306035690
15_461,0.3316754524658160
15_462,0.23507551810723200
15_463,0.2305537361935280
15_464,0.23147968802628400
15_465,0.2284176714693390
15_466,0.22396364549912700
15_467,0.3149905751317590
15_468,0.3181910236104800
15_469,0.41310612110010800
15_470,0.417846641950353
15_471,0.4218051476071730
15_472,0.43019525363984500
15_473,0.4316587726895110
15_474,0.43828307072623300
15_475,0.4374276897835530
15_476,0.3425233890594240
15_477,0.33908173441019900
15_478,0.24174542317285700
15_479,0.23532685429583700
15_480,0.22690028045226500
15_481,0.21390881401632800
15_482,0.21460594070050800
15_483,0.22082061971482900
15_484,0.23294177026687600
15_485,0.24657164767470000
15_486,0.2604720055133680
15_487,0.2711598731606450
15_488,0.37472677246634900
15_489,0.38870194260527900
15_490,0.40754842780783800
15_491,0.5035282266611930
15_492,0.5070688804130160
15_493,0.5064383470751810
15_494,0.507628175910934
15_495,0.5080522908689730
15_496,0.51360013978588
15_497,0.4309085772364970
15_498,0.4388248123951120
15_499,0.44218127988014700
15_500,0.3539402909523400
15_501,0.3499352584430890
15_502,0.3481231671438840
15_503,0.3451956143245940
15_504,0.4300230980682840
15_505,0.43215056789466300
15_506,0.43318220152860600
15_507,0.43451426890124100
15_508,0.43463237720008100
15_509,0.4411754339650720
15_510,0.44963566584162800
15_511,0.4537505908292200
15_512,0.45584882237637900
15_513,0.3736547310008280
15_514,0.3740882754575850
15_515,0.4562609307086060
15_516,0.45732997060548400
15_517,0.45757634582356700
15_518,0.45400693580744200
15_519,0.534400677346632
15_520,0.618558124042811
15_521,0.6269981318849130
15_522,0.6336436484280230
15_523,0.6417743002263970
15_524,0.5630576743600010
15_525,0.6441534935669430
15_526,0.6513762180837140
15_527,0.6603778864901350
15_528,0.581847954704685
15_529,0.501042330556424
15_530,0.49899607673893800
15_531,0.4996443266629430
15_532,0.4981802489389740
15_533,0.5030465189908830
15_534,0.4320843777251880
15_535,0.4372229542786010
15_536,0.43961182933309400
15_537,0.44545648873047700
15_538,0.44986443607254500
15_539,0.45342319519734300
15_540,0.5299792619364030
15_541,0.5261005750432640
15_542,0.5196008858822250
15_543,0.5078551278681590
15_544,0.49505470768612400
15_545,0.48307859643319200
15_546,0.47377278332706200
15_547,0.46994275481322100
15_548,0.5455357874563540
15_549,0.4679182750076100
15_550,0.4689534274882250
15_551,0.47346322326662100
15_552,0.555613064696254
15_553,0.5621810249982290
15_554,0.5681736650101320
15_555,0.5715502064314520
15_556,0.568734943278246
15_557,0.49147262272082400
15_558,0.49120479224024500
15_559,0.569025023490132
15_560,0.5631376234697490
15_561,0.4834104955315210
15_562,0.4749386099827470
15_563,0.4670260648744920
15_564,0.4604140757814600
15_565,0.4569087617251710
15_566,0.447578821210636
15_567,0.4326488332469880
15_568,0.4346141557946940
15_569,0.41808289824673400
15_570,0.5019807148167530
15_571,0.48990799982173300
15_572,0.47850122622993800
15_573,0.4654391839550190
15_574,0.5517595274721560
15_575,0.5430870520677370
15_576,0.5408219212445610
15_577,0.4422477653066610
15_578,0.44194325327736600
15_579,0.3360927242047570
15_580,0.33273467836200600
15_581,0.329731288426901
15_582,0.32856730767662400
15_583,0.23041294767954600
15_584,0.2278213143123080
15_585,0.2248223845984420
15_586,0.2240653153395530
15_587,0.22558144752968500
15_588,0.22623373639108200
15_589,0.22792287816344400
15_590,0.3269378164411260
15_591,0.3249661352211480
15_592,0.32322016113958800
15_593,0.3215300231697700
15_594,0.3186349326155950
15_595,0.3133971152034310
15_596,0.30949579121513700
15_597,0.308724859373682
15_598,0.305646463180071
15_599,0.30553414342275100
15_600,0.3051574332090800
15_601,0.3015753732731520
15_602,0.2986495369896380
15_603,0.2964057438952050
15_604,0.2943151882819210
15_605,0.2913459661225400
15_606,0.2896669127312070
15_607,0.2922768803812140
15_608,0.1933188363874470
15_609,0.1972623907779290
15_610,0.2054102468634490
15_611,0.2123916484316150
15_612,0.3140130183182480
15_613,0.41880794184014600
15_614,0.4260891006727000
15_615,0.4357696968316530
15_616,0.4386209785215500
15_617,0.43551503367165
15_618,0.42543356430510700
15_619,0.41498755791820500
15_620,0.4066769846165160
15_621,0.3032389326390600
15_622,0.20245605518727800
15_623,0.20067308330894500
15_624,0.19462992993869100
15_625,0.19286920333995400
15_626,0.1976693174236940
15_627,0.20807117238217500
15_628,0.22017762638572800
15_629,0.22688538765571800
15_630,0.23273383226345200
15_631,0.23706668636302700
15_632,0.2436262898281670
15_633,0.24941017886821200
15_634,0.2501961864686720
15_635,0.3495684921165440
15_636,0.34615015936462800
15_637,0.3398605202417750
15_638,0.33783617186441500
15_639,0.3368755735597340
15_640,0.3338074249474370
15_642,0.32650604969743700
15_643,0.3213534026595650
15_644,0.3208245341429290
15_645,0.22048556125152400
15_646,0.22307227784657100
15_647,0.22559234213191000
15_648,0.22598586618505500
15_649,0.2275226798003180
15_650,0.2295932576250520
15_651,0.22966673665213300
15_652,0.3300892174158040
15_653,0.3287154835861070
15_654,0.32908702351372700
15_655,0.32827388151063900
15_656,0.3276143613783380
15_657,0.32920090764973800
15_658,0.3342478140030300
15_659,0.33794066165297100
15_660,0.34314372597120000
15_661,0.2524879940883710
15_662,0.2620882073326160
15_663,0.26549765790419400
15_664,0.26773006063563600
15_665,0.2672041417394260
15_666,0.2653419380230630
15_667,0.2615954487651970
15_668,0.2560388004124570
15_669,0.2535712063820370
15_670,0.2477731883624010
15_671,0.2434352917539230
15_672,0.24337635198404100
15_673,0.24433313309518000
15_674,0.2466599993287630
15_675,0.24680939247568
15_676,0.24647864518238100
15_677,0.2471446657858330
15_678,0.24220088236582800
15_679,0.23445282419860900
15_680,0.22884059552408700
15_681,0.22348839467271300
15_682,0.21690149580767700
15_683,0.21364975542860200
15_684,0.3110976651227600
15_685,0.3093663825069780
15_686,0.3102431701476060
15_687,0.31178677363692200
15_688,0.3199012589189310
15_689,0.32233098730651500
15_690,0.32524927095263900
15_691,0.32998639605882900
15_692,0.3293800218766520
15_693,0.2309065753826570
15_694,0.2304055845721600
15_695,0.2293120439739930
15_696,0.22951178093225500
15_697,0.22434179761877500
15_698,0.22508719397541100
15_699,0.22687611934786400
15_700,0.2272190028387230
15_701,0.23221118413033700
15_702,0.3319738565494210
15_703,0.3385271558603090
15_704,0.3443103924075820
15_705,0.4430252041149920
15_706,0.4496692160013240
15_707,0.4513053064951960
15_708,0.4535150941100570
15_709,0.46037024836862600
15_710,0.4666019825650450
15_711,0.37778824241691000
15_712,0.3822506742783380
15_714,0.47295001708692000
15_715,0.38312770023481100
15_716,0.38413755116231400
15_717,0.38580644599504100
15_718,0.3834842840064160
15_719,0.3773125505223860
15_720,0.3691434613584460
15_721,0.3618287983965310
15_722,0.3520606605027400
15_723,0.26101897525853900
15_724,0.26075360111916000
15_725,0.2643481629386080
15_726,0.2697243653364530
15_727,0.2776632504698680
15_728,0.2796778038938450
15_729,0.2857591871654590
15_730,0.29114313474891700
15_731,0.29826244633912300
15_732,0.30430885618127000
15_733,0.30930398765415200
15_734,0.311761294366844
15_735,0.31167187364400100
15_736,0.30915022281451800
15_737,0.31131876084624100
15_738,0.3102431523031960
15_739,0.3051894083509460
15_740,0.2979843240462650
15_741,0.28893901858365000
15_742,0.27683485771468500
15_743,0.26697141023264700
15_744,0.2570225397423280
15_745,0.24808098365394000
15_746,0.24063398085548200
15_747,0.23292354886098700
15_748,0.22749223968166800
15_749,0.2237817992442400
15_750,0.21692845605314100
15_751,0.2127646874021730
15_752,0.20690139622150500
15_753,0.19952621971901000
15_754,0.19653402977396100
15_755,0.29605951462279300
15_756,0.29680292571921600
15_757,0.29734389233213400
15_758,0.30149608212891100
15_759,0.3073553139557470
15_760,0.3127781528226840
15_761,0.31903776102113
15_762,0.3335066660231940
15_763,0.34106547201142400
15_764,0.24812373786597900
15_765,0.2560022061741830
15_766,0.2690088668171030
15_767,0.277474872280951
15_768,0.28341058586930900
15_769,0.28979353554037800
15_770,0.29293208447873400
15_771,0.2899624239952890
15_772,0.2884878056508360
15_773,0.28540673197285800
15_774,0.28358261293464200
15_775,0.2781833394900760
15_776,0.27450470121912300
15_777,0.2731093978449300
15_778,0.27414699627566500
15_779,0.2806845464578680
15_780,0.28871329022067200
15_781,0.2968746611180220
15_782,0.3045384784911100
15_783,0.30778979692404300
15_784,0.3088017268170990
15_785,0.39808900077228000
15_786,0.3973499003576940
15_787,0.38898596248690000
15_788,0.3799711474009950
15_789,0.37023915822915600
15_790,0.3633866649608880
15_792,0.3528513584619540
15_793,0.3396011771788970
15_794,0.42981347659255600
15_795,0.3343983795580000
15_796,0.4242269500508600
15_797,0.42538623621927000
15_798,0.42404369601694700
15_799,0.4259539532169550
15_800,0.42372730182083000
15_802,0.4236145076167920
15_803,0.4275778074651760
15_804,0.3276664317981390
15_805,0.3267196994364480
15_807,0.2298610639848000
15_808,0.2266566267864790
15_809,0.2228649664899030
15_810,0.21616405079095400
15_811,0.21250526794745700
15_812,0.21266780765525700
15_813,0.2153575225001940
15_814,0.21754824322229700
15_815,0.3151141324882780
15_816,0.3189440918397330
15_817,0.3204146180136770
15_818,0.32467354390197400
15_819,0.3266942790594930
15_820,0.32966309097693
15_821,0.4252502645087800
15_822,0.4257149012089930
15_823,0.4289576428262600
15_824,0.42821284406024400
15_825,0.4304158462535540
15_826,0.4337407050063040
15_827,0.43713012856726700
15_828,0.4411573528038650
15_830,0.4434059737278690
15_831,0.3529330295863060
15_832,0.3568846666138890
15_833,0.35774595852622200
15_834,0.2630516386027680
15_835,0.25882658501902200
15_836,0.25669878563523600
15_837,0.2523707192789180
15_838,0.2508310169228690
15_839,0.2517709803621540
15_840,0.250076996690392
15_842,0.337458789231147
15_843,0.3385091523978220
15_844,0.34136682087071600
15_845,0.4352782133500530
15_846,0.43632550578493300
15_847,0.43749370421329600
15_848,0.43559247364939200
15_849,0.43106087487102600
15_850,0.4260386144325840
15_851,0.3311712713280480
15_852,0.324964720181002
15_853,0.3214066863186370
15_854,0.22778480885199300
15_855,0.2254147392317520
15_856,0.22610955570885400
15_858,0.2260299333509870
15_859,0.22772330763395100
15_861,0.23272632920581900
15_862,0.2346297303019160
15_863,0.23740814324757200
15_864,0.23951255367534700
15_865,0.24001159596378600
15_866,0.3355128396188250
15_867,0.3348296131743270
15_868,0.33663040006122700
15_870,0.33323052199732400
15_871,0.3295391862361040
15_872,0.33110632218128200
15_873,0.3279618781784400
15_874,0.3204801999066590
15_875,0.31545600104694900
15_877,0.21770963929744000
15_878,0.21073793797323900
15_879,0.20531697481152100
15_880,0.20612574528646400
15_881,0.2100804548866970
15_882,0.20919639841998600
15_883,0.2130388439705400
15_884,0.21988389318778900
15_886,0.22842263053309300
15_887,0.23223486456507200
15_889,0.23834364284859800
15_890,0.24355977619226600
15_891,0.2472518246292720
15_892,0.24806924726320300
15_893,0.2503810921059130
15_894,0.2523577799390570
15_895,0.25337247739957000
15_896,0.24988862265114300
15_897,0.24801703619470100
15_898,0.24704838484042400
15_899,0.24372009156833600
15_900,0.2403437081692680
15_901,0.23523605322580700
15_902,0.2333971822444140
15_903,0.2267770255808140
15_904,0.22390679681933200
15_906,0.32238944087274200
15_907,0.3207414776432470
15_908,0.317425392331244
15_909,0.3142876987252560
15_910,0.31273690774703400
15_911,0.3123044085662230
15_912,0.30919686906718000
15_913,0.31031962897613500
15_914,0.3044739995302770
15_915,0.20166747274430300
15_916,0.3021686288348070
15_917,0.3002206477006020
15_918,0.301587311625895
15_919,0.30104204225920000
15_920,0.30200223465974200
15_921,0.3027543340448640
15_922,0.3011473717372190
15_923,0.3075351270291310
15_924,0.3095152967146680
15_925,0.20529231772461300
15_926,0.3082263539639790
15_927,0.3018036526003080
15_928,0.2970659812028960
15_929,0.2923976777445830
15_930,0.2862583672324110
15_931,0.28241025131940700
15_932,0.27660267045629200
15_934,0.2723740799618910
15_935,0.27127305086039300
15_936,0.27151009112391400
15_937,0.27405415252160500
15_938,0.2734788152435780
15_939,0.2712447117706500
15_940,0.26844318260616800
15_941,0.26431589220556200
15_942,0.26108220445336400
15_943,0.25678584766567300
15_944,0.36252720541674200
15_945,0.25365718473085700
15_946,0.2530877837866740
15_947,0.25166951612369800
15_948,0.2488870743951590
15_949,0.24619001568116300
15_950,0.3570637530044050
15_951,0.4660477133038450
15_952,0.45929749786897600
15_953,0.3440417600482220
15_955,0.4545317250764500
15_956,0.4452268931892660
15_957,0.44072178435644300
15_958,0.4359527800004120
15_959,0.4327163796435450
15_960,0.31670155944891700
15_961,0.19920567490009600
15_962,0.3161230250839410
15_963,0.3149725110552200
15_965,0.19873307744472800
15_966,0.19910447931647300
15_967,0.19849831548645800
15_968,0.1993981804271630
15_969,0.2014658055492500
15_970,0.20276523443597300
15_971,0.20469229520740500
15_972,0.20480983836351200
15_973,0.20282086190498000
15_974,0.1994064565203430
15_975,0.19434706073179300
15_977,0.1902087257222870
15_978,0.1859297835737010
15_979,0.1821151218806750
15_980,0.1805153339503990
15_981,0.17955507132011300
15_982,0.06504750688581270
15_983,0.0694292236305469
15_984,0.07520677178279790
15_985,0.19659478583903800
15_986,0.2024646890274250
15_987,0.20625759087888900
15_988,0.20764650309600700
15_989,0.21108751549662700
15_990,0.21213606845365000
15_991,0.3257204927026390
15_992,0.3234719181730010
15_993,0.3206282694138810
15_994,0.20288603289108500
15_995,0.199420967622551
15_996,0.19810802642953100
15_997,0.21195891914482300
15_998,0.22712831315554900
15_999,0.2501756660996280
15_1000,0.07572518505557570
16_0,0.09374341041162130
16_1,0.25801291863630100
16_2,0.23470529381143400
16_3,0.21388465215126700
16_4,0.19752833782100300
16_5,0.19639382532610100
16_6,0.19302222870249500
16_7,0.19362386314362700
16_8,0.19178343409655800
16_9,0.18846927277186800
16_10,0.07770788415576020
16_11,0.07810218280130850
16_12,0.08349587910567760
16_13,0.0912906640478258
16_14,0.09873170413555640
16_15,0.10771181382118100
16_16,0.11440621635596600
16_17,0.1193265336992350
16_18,0.1285913748251440
16_19,0.13931795623021300
16_20,0.14551963437045900
16_21,0.1472666451287700
16_22,0.1426941428666010
16_23,0.13472947258865000
16_24,0.1289160542924090
16_25,0.1259459874874840
16_26,0.1285585292523630
16_27,0.1303088975274580
16_28,0.12789382633684000
16_29,0.12796299550880000
16_30,0.13337328913659900
16_31,0.1423076524402870
16_32,0.2549319693461350
16_33,0.261519664756021
16_34,0.2628616836556010
16_35,0.2617969265571220
16_36,0.25671802822383000
16_37,0.36381385752833400
16_38,0.3634313922575840
16_39,0.3635277068949060
16_40,0.361329808595024
16_41,0.25172108789637900
16_42,0.2493681947818100
16_43,0.24829059872591900
16_44,0.2517422841838630
16_45,0.25905386929871100
16_46,0.1535667135055020
16_47,0.15816781181370600
16_48,0.15871615634991400
16_49,0.26416285920820200
16_50,0.27225742363275100
16_51,0.28072563416352400
16_52,0.28498018903388200
16_53,0.2883288920129670
16_54,0.2877153429054380
16_55,0.39196715136115700
16_56,0.3848677352335810
16_57,0.38293335476549100
16_58,0.2783218613235540
16_59,0.2794625907471250
16_60,0.2826592955129380
16_61,0.29247905364297600
16_62,0.39031107348002200
16_63,0.3922723359662110
16_64,0.29513406669121800
16_65,0.3132407866410200
16_66,0.32429816330549200
16_67,0.32834120515491
16_68,0.42264998013163400
16_69,0.41569129851471800
16_70,0.5080624735564760
16_71,0.41384372346865900
16_72,0.4154817569249580
16_73,0.4093821126865550
16_74,0.3984092375144450
16_75,0.3856487838542070
16_76,0.37811057192011500
16_77,0.27513954393978500
16_78,0.2751419592535710
16_79,0.1727400897363890
16_80,0.168025428854283
16_81,0.17191556879148000
16_82,0.1811112396144310
16_83,0.2793789538334330
16_84,0.2910773606664120
16_85,0.30396570247067900
16_86,0.31591085741065600
16_87,0.32166473570045800
16_88,0.3285381700801700
16_89,0.32932938887958300
16_90,0.4205342780259060
16_91,0.5109704157800780
16_92,0.40622723282987300
16_93,0.39373746885960200
16_94,0.488236526739099
16_95,0.47554944876011100
16_96,0.458612695309894
16_97,0.4404440767012690
16_98,0.4256708696499240
16_99,0.31349585114489200
16_100,0.1995133716760160
16_101,0.18950447149066800
16_102,0.1788062858480880
16_103,0.1794525645110920
16_104,0.1763052261780940
16_105,0.1788832415644180
16_106,0.1825006757770290
16_107,0.18541980072807200
16_108,0.1883396074347020
16_109,0.1940262937567030
16_110,0.20013164289369800
16_111,0.20597989478383400
16_112,0.09617091522291300
16_113,0.09726323859609290
16_114,0.09859831974755790
16_115,0.10033903322774200
16_116,0.20924106076589900
16_117,0.211647278003163
16_118,0.2111253993349700
16_119,0.21318706178611300
16_120,0.3214500825130730
16_121,0.4273936013089340
16_122,0.42503647714382100
16_123,0.42363677622313700
16_124,0.42267862125164400
16_125,0.42627055729147100
16_126,0.42643615677339500
16_127,0.4236634817179990
16_128,0.4192719490877520
16_129,0.42255753107424700
16_130,0.3092343304453490
16_131,0.3067450533599540
16_132,0.4169678688027510
16_133,0.41135790494814700
16_134,0.2944951014112340
16_135,0.290211262559296
16_136,0.2907059313524290
16_137,0.2890103445245370
16_138,0.17033626799805000
16_139,0.17073856531210500
16_140,0.17125465072781900
16_141,0.05923085852549020
16_142,0.06432252665433730
16_143,0.07034200524543150
16_144,0.1812159815394770
16_145,0.18749081050829800
16_146,0.196440567930771
16_147,0.2076712803091400
16_148,0.21449758902701800
16_149,0.22421939126956500
16_150,0.22726774096752500
16_151,0.3351472366181960
16_152,0.3323773447468500
16_153,0.21946045322309300
16_154,0.20866160106690300
16_155,0.3124774420178230
16_156,0.30259537837666000
16_157,0.2939666321382970
16_158,0.2822308515385920
16_159,0.39154607285957700
16_160,0.2762477004562770
16_161,0.2712605950580490
16_162,0.26892539888187900
16_163,0.26781629742451300
16_164,0.1517745401956620
16_165,0.1500687137079660
16_166,0.14940713004579500
16_167,0.15146883766442700
16_168,0.03913365014486010
16_169,0.0435055937960611
16_170,0.050628322245440500
16_171,0.057369395520132700
16_172,0.06465920129924610
16_173,0.07195022368158060
16_174,0.08034274838839940
16_175,0.08812230665045640
16_176,0.09216122766364120
16_177,0.09373013496592090
16_178,0.09538919951585910
16_179,0.09375106036251560
16_180,0.09169510111185210
16_181,0.08936663917282680
16_182,0.0846220782925893
16_183,0.0791911447006782
16_184,0.07706851588812340
16_185,0.07116799405210020
16_186,0.06512111389793920
16_187,0.06111260580148240
16_188,0.05968495847645740
16_189,0.05968035411867810
16_190,0.057790761059392100
16_191,0.055279427475123300
16_192,0.054592248282259000
16_193,0.050810615905148300
16_194,0.052952938736210400
16_195,0.05662908710800150
16_196,0.060012809052042000
16_197,0.060259609123794700
16_198,0.06050853526496760
16_199,0.06226040579952610
16_200,0.06478026988097690
16_201,0.06234089664952290
16_202,0.06012780125222130
16_203,0.05614827510862000
16_204,0.052602163504451700
16_205,0.04920567203752130
16_206,0.047450197089352900
16_207,0.1605369190818200
16_208,0.15766413421688500
16_209,0.15534340260157000
16_210,0.15605430936248600
16_211,0.15810871015911300
16_212,0.16069117254121500
16_213,0.16176515182633100
16_214,0.16155106411475700
16_215,0.16070471353720500
16_216,0.04594684606131970
16_217,0.04920243978326230
16_218,0.05330215724032010
16_219,0.05644367287126590
16_220,0.05838376204830750
16_221,0.06049433742518920
16_222,0.17379437874844600
16_223,0.17656185703570200
16_224,0.17890568305224600
16_225,0.17835404102232300
16_226,0.17451003469645500
16_227,0.286434070102391
16_228,0.2822789674650080
16_229,0.279982391617039
16_230,0.27554830030566100
16_231,0.15999292900806500
16_232,0.15444239118348000
16_233,0.1490798258944970
16_234,0.1442767323337620
16_235,0.13986417924504400
16_236,0.01925752274976380
16_237,0.01576610414010990
16_238,0.0099987355953621
16_239,0.12478146698233300
16_240,0.1231349171584500
16_241,0.12068114181538500
16_242,0.1195102532479230
16_243,0.1201637294415920
16_244,0.2381883748662300
16_245,0.24119453693348300
16_246,0.2451340803828740
16_247,0.2513178388566420
16_248,0.14070321652817300
16_249,0.1492413650825640
16_250,0.27220167207447500
16_251,0.28092523072333200
16_252,0.2897826341077080
16_253,0.1775519729498850
16_254,0.17924909945939900
16_255,0.17902884169345500
16_256,0.17728301641199000
16_257,0.17094427431099400
16_258,0.16141921241438400
16_259,0.039934944142190000
16_260,0.03363689345891910
16_261,0.02560070227217610
16_262,0.021589080573597000
16_263,0.01993812021237350
16_264,0.022123809581845500
16_265,0.023506077319285600
16_266,0.03030617920127540
16_267,0.15004586934995000
16_268,0.15963969091796500
16_269,0.16721828634899200
16_270,0.1750931690031320
16_271,0.18236845930133
16_272,0.19070519210494200
16_273,0.1938031617756540
16_274,0.198481795295919
16_275,0.19977717250506000
16_276,0.08549603174097670
16_277,0.19938725281252200
16_278,0.3124349023566340
16_279,0.3062775022918610
16_280,0.30283458462805800
16_281,0.29529024589947200
16_282,0.2911049636699730
16_283,0.4053103612252230
16_284,0.40011908438067200
16_285,0.3998277093081840
16_286,0.28268080116299200
16_287,0.280397685703343
16_288,0.2827785562875240
16_289,0.2869016306290910
16_290,0.2928791377760450
16_291,0.2956369118100230
16_292,0.2945248178361980
16_293,0.2947781198429510
16_294,0.2922161434815590
16_295,0.2862477078950010
16_296,0.16653146933656600
16_297,0.1649253828823520
16_298,0.15960300097198800
16_299,0.1547255096226940
16_300,0.1509919591149620
16_301,0.03389635289050450
16_302,0.036031913898560000
16_303,0.040456599313544800
16_304,0.04449283548044700
16_305,0.049273024139116500
16_306,0.05041494223098860
16_307,0.05212210295168150
16_308,0.05288446042026870
16_309,0.0555642580986001
16_310,0.05565498808143920
16_311,0.054912568970115100
16_312,0.16724393402691300
16_313,0.16700897439378400
16_314,0.28110595125221800
16_315,0.28081345787192000
16_316,0.279791924658277
16_317,0.2798796577131950
16_318,0.28259253226635300
16_319,0.28488214060443300
16_320,0.2855126653057930
16_321,0.286980246108539
16_322,0.28779716751066000
16_323,0.17389717047222000
16_324,0.1755500675211880
16_325,0.17684840066031400
16_326,0.17738141845851800
16_327,0.1744789138211770
16_328,0.1736080685464510
16_329,0.17703870557088500
16_330,0.17819707469194700
16_331,0.18412528135509400
16_332,0.18512782110599400
16_333,0.18741950927170400
16_334,0.18983120922426500
16_335,0.19292278431463300
16_336,0.19718133659842400
16_337,0.19856613198569700
16_338,0.19478827711558700
16_339,0.08048351801182640
16_340,0.18785050892013000
16_341,0.1856473946160340
16_342,0.1821458239232810
16_343,0.18085053534605900
16_344,0.17826054447783100
16_345,0.17390227977651300
16_346,0.17467732374933500
16_347,0.1779821435390830
16_348,0.17999022681676100
16_349,0.06985655507485500
16_350,0.07430993606236440
16_351,0.07696624686352860
16_352,0.077218669862852
16_353,0.07529071324387250
16_354,0.07269693160208110
16_355,0.1837365479380090
16_356,0.1803462156464800
16_357,0.17572926028285500
16_358,0.17173663529627300
16_359,0.1669941562529130
16_360,0.16440243364327400
16_361,0.1596151323423050
16_362,0.15847699030012200
16_363,0.2760012522567940
16_364,0.15826892963499000
16_365,0.15508461908432500
16_366,0.15346051858086700
16_367,0.15468337487031300
16_368,0.15848704239530000
16_369,0.27689887289464200
16_370,0.2833533898223500
16_371,0.2884238148559530
16_372,0.17870890469436200
16_373,0.18508200219251300
16_374,0.18940740675972100
16_375,0.18969741631299200
16_376,0.18747896413792200
16_377,0.18420785406159500
16_378,0.06457943347747530
16_379,0.05927406220590120
16_380,0.05609160385490820
16_381,0.047494296270065500
16_382,0.15966691731333300
16_383,0.15504283452234100
16_384,0.15299145614217700
16_385,0.2683047989882420
16_386,0.38136462005723600
16_387,0.37929608666596200
16_388,0.3785179078193980
16_389,0.3765254233139380
16_390,0.3780605554185280
16_391,0.26170176654191400
16_392,0.2653382302490600
16_393,0.2689866893745940
16_394,0.15328992964770500
16_395,0.1531258635398360
16_396,0.15424990139200000
16_397,0.15499607237291500
16_398,0.15530547050203800
16_399,0.15389309449290500
16_400,0.14980574273793000
16_401,0.14769924371065200
16_402,0.1446894695846810
16_403,0.1414040587360400
16_404,0.022156155372075100
16_405,0.01779086137586000
16_406,0.01320037973787300
16_407,0.008645978663638020
16_408,0.005804658709703910
16_409,0.006946221456109580
16_410,0.12296098900506400
16_411,0.2400084137618570
16_412,0.24323867877739000
16_413,0.24795067590954100
16_414,0.25247422092183600
16_415,0.2558532787068470
16_416,0.2599951280634850
16_417,0.37940981585316300
16_418,0.3788097388470280
16_419,0.258248764203362
16_420,0.13799000045973700
16_421,0.13355116345386700
16_422,0.12894246831412200
16_423,0.1240150505889540
16_424,0.1212727351003010
16_425,0.11949163233820800
16_426,0.0024827029226154700
16_427,0.00474386895967621
16_428,0.010605679394694400
16_429,0.018109310681126500
16_430,0.02747020835297570
16_431,0.03870812831973220
16_432,0.05168227457593740
16_433,0.06448707133588500
16_434,0.0757010634737998
16_435,0.08764486565905670
16_436,0.20360574648811400
16_437,0.21024610689851800
16_438,0.21780366938877300
16_439,0.22106290669100800
16_440,0.22749610469314400
16_441,0.23226281088373900
16_442,0.23908222167594800
16_443,0.24763511217722700
16_444,0.3483388863070620
16_445,0.2500697155639140
16_446,0.2533399985875420
16_447,0.2529719076182420
16_448,0.25343710695485400
16_449,0.2502731323973480
16_450,0.24564208230000900
16_451,0.34037193898550600
16_452,0.33223299677772400
16_453,0.3354336688382280
16_454,0.3250521480851520
16_455,0.3215229743740550
16_456,0.3211590553087520
16_457,0.3247817270367920
16_458,0.32502523047926600
16_459,0.328044728093783
16_460,0.232117920731255
16_461,0.24095275775001500
16_462,0.14450371620376700
16_463,0.15537391220092200
16_464,0.2609632554245240
16_465,0.2585956453070120
16_466,0.2537360201475210
16_467,0.25100866639180900
16_468,0.25097103556688400
16_469,0.2497128052725090
16_470,0.3416543505283570
16_471,0.33557927073342200
16_472,0.33033666375278900
16_473,0.3270060576897660
16_474,0.33804387008095400
16_475,0.3514718430834430
16_476,0.36655873325502400
16_477,0.38121835619188300
16_478,0.3881180407199830
16_479,0.2960310687288930
16_480,0.302943252831283
16_481,0.3071607538078360
16_482,0.2081050996332050
16_483,0.3020413555293200
16_484,0.2854039033394340
16_485,0.26570635797679500
16_486,0.24146971037879800
16_487,0.22409784160717600
16_488,0.21014496698496700
16_489,0.19723604952302400
16_490,0.18518342271686400
16_491,0.17920976832334700
16_492,0.07757316988526740
16_493,0.08981540504269970
16_494,0.10552573985529800
16_495,0.12489973932518800
16_496,0.14756253282416500
16_497,0.16824149727642800
16_498,0.18132208205239200
16_499,0.19959219052651100
16_500,0.21698567481027600
16_501,0.22095856127628100
16_502,0.21776144150679100
16_503,0.20807800816219000
16_504,0.19496747639345400
16_505,0.17654482424207500
16_506,0.1587598924889840
16_507,0.14294263341038400
16_508,0.12067879122042500
16_509,0.0992258969716771
16_510,0.08585829737668660
16_511,0.07600006710187870
16_512,0.0722675690485586
16_513,0.06795830278023900
16_514,0.06402418404613040
16_515,0.06196379442777340
16_516,0.06284060176271950
16_517,0.06486484598634720
16_518,0.06714439850242450
16_519,0.18389500569255400
16_520,0.18331837184105500
16_521,0.1810480328867500
16_522,0.1827056484434580
16_523,0.18799823753636900
16_524,0.1921031419059050
16_525,0.1985640378450320
16_526,0.20336517309759100
16_527,0.21071258282304100
16_528,0.21105243800164700
16_529,0.21887301666902000
16_530,0.22519192019205300
16_531,0.2292980933938130
16_532,0.22837494259700900
16_533,0.22746117822304700
16_534,0.2250910169523290
16_535,0.22621025260669400
16_536,0.22654050333391800
16_537,0.22300171979720700
16_538,0.22474684460102800
16_539,0.2263050719994120
16_540,0.22599941547647700
16_541,0.33470513677690800
16_542,0.33688288051452600
16_543,0.3375553026584710
16_544,0.4463465581714890
16_545,0.4441905463025880
16_546,0.3385005569793290
16_547,0.33654197795708900
16_548,0.3360121203893570
16_549,0.3368887048168670
16_550,0.23202029024821900
16_551,0.23317051851949800
16_552,0.2313439238423180
16_553,0.11982190541691000
16_554,0.11530581118991300
16_555,0.10970639926101500
16_556,0.10311532878485200
16_557,0.09671331793249720
16_558,0.09315041294304930
16_559,0.08945328477493510
16_560,0.08642165148718900
16_561,0.08677664326460850
16_562,0.08986684122873800
16_563,0.09560712141263680
16_564,0.1038579508190770
16_565,0.11100121965753100
16_566,0.11625133718436500
16_567,0.22526673431627600
16_568,0.22288728449644600
16_569,0.22039573731933000
16_570,0.33087060535310700
16_571,0.43902417660981200
16_572,0.434674607433104
16_573,0.43055346883343300
16_574,0.4278625298483200
16_575,0.4302570578342650
16_576,0.3242608085300350
16_577,0.33231083507657400
16_578,0.44341809561889200
16_579,0.3409731259674380
16_580,0.2375105527493760
16_581,0.24486288801425400
16_582,0.2465392563487680
16_583,0.2463465705481240
16_584,0.24716519794555100
16_585,0.24719245255990200
16_586,0.2474184509741710
16_587,0.25002001401933600
16_588,0.24542615152505400
16_589,0.2431326891738980
16_590,0.23829952543990900
16_591,0.2353646204996630
16_592,0.34638479008104400
16_593,0.3380192923898720
16_594,0.3299372658884420
16_595,0.43416338163116000
16_596,0.31778191975109900
16_597,0.30914623942557800
16_598,0.2986175015162260
16_599,0.29110271594143100
16_600,0.2843957913300350
16_601,0.16588566197035600
16_602,0.1604204417935290
16_603,0.27431551399351200
16_604,0.1574055123195210
16_605,0.15694420585318100
16_606,0.1594748727714220
16_607,0.16230758777698200
16_608,0.16515397326965800
16_609,0.16957415702835200
16_610,0.17145186709473900
16_611,0.17967663733712300
16_612,0.07020641014116330
16_613,0.07506961756625130
16_614,0.07716154423869510
16_615,0.0764303544423237
16_616,0.07603727694281130
16_617,0.07462800675918480
16_618,0.0706679678507306
16_619,0.06749983261463400
16_620,0.0599880479868466
16_621,0.05506247831251020
16_622,0.0489190530910893
16_623,0.04668977503761510
16_624,0.04149448356666510
16_625,0.038621659708520400
16_626,0.03662330015763510
16_627,0.03368561130531590
16_628,0.03150996106905750
16_629,0.030788457043948600
16_630,0.14262081657656000
16_631,0.14375548789644400
16_632,0.14335009844186500
16_633,0.14644632907305400
16_634,0.14783768362510800
16_635,0.14834043963770300
16_636,0.14962816241567900
16_637,0.15048567045682300
16_638,0.14896441093181000
16_639,0.033978551835355000
16_640,0.02930798747249860
16_641,0.024661895543694200
16_642,0.019421543910626700
16_643,0.015145121845318100
16_644,0.012403837726538600
16_645,0.011419933203241200
16_646,0.0128091406857987
16_647,0.015889469786150200
16_648,0.017618947972241000
16_649,0.02189642835039780
16_650,0.02533360505541680
16_651,0.028783373971089000
16_652,0.032970605500662600
16_653,0.037809892447158700
16_654,0.044959251929070600
16_655,0.04855027990479990
16_656,0.04988287112756850
16_657,0.04786632426358690
16_658,0.04485086557964300
16_659,0.04075411702441180
16_660,0.036215945268562800
16_661,0.030588980288118500
16_662,0.023477273770643600
16_663,0.01421951303550250
16_664,0.006965193712969970
16_665,0.0013109344340159300
16_666,0.0
16_667,0.11790974352667200
16_668,0.11945284874251900
16_669,0.12338030313835900
16_670,0.12763469071847100
16_671,0.13401329481367900
16_672,0.14251590375018300
16_673,0.15023502140606600
16_674,0.15875701707672400
16_675,0.1673780860107230
16_676,0.058295873410998700
16_677,0.06573932084824770
16_678,0.07084509967061130
16_679,0.07460790453836610
16_680,0.07936129578781590
16_681,0.07986698016834050
16_682,0.19191269363598200
16_683,0.19221689178607600
16_684,0.19132013915495200
16_685,0.19013103190559200
16_686,0.19215798164066200
16_687,0.19469134652037400
16_688,0.19696393029129400
16_689,0.1985371123331100
16_690,0.3075791666074340
16_691,0.19883521493596000
16_692,0.20136006064708000
16_693,0.20415708571037700
16_694,0.20380265776829800
16_695,0.20053979004196600
16_696,0.1981343689865870
16_697,0.19702308717189000
16_698,0.19333211506277100
16_699,0.08364170809936770
16_700,0.07978715166131110
16_701,0.07499586396270720
16_702,0.06953426924590950
16_703,0.0663635823047623
16_704,0.06464980186147610
16_705,0.06039460703273400
16_706,0.0572833219846458
16_707,0.054737864474744700
16_708,0.05611579351916540
16_709,0.17209588168459900
16_710,0.17244773641476800
16_711,0.17264558849692500
16_712,0.17289941728843200
16_713,0.17188027590313500
16_714,0.17393822724660200
16_715,0.17422063677399200
16_716,0.1763069998815210
16_717,0.1773275167481570
16_718,0.06533347468039520
16_719,0.06918551743105570
16_720,0.07263329232879550
16_721,0.07840030247094690
16_722,0.08336161552757220
16_723,0.09566560525110560
16_724,0.2061528080837220
16_725,0.24567443940761300
16_726,0.2942185759238010
16_727,0.3585147846523780
16_728,0.43804443206250400
16_729,0.5197207609038710
16_730,0.5987562827122500
16_731,0.684432418935841
16_732,0.7628960266211330
16_733,0.7408170172440440
16_734,0.7981349963656960
16_735,0.8423485217058070
16_736,0.8630276030515310
16_737,0.8704528065780990
16_738,0.8792997145760140
16_739,0.8923684173573130
17_0,0.8680106305859790
17_1,0.8509223259414470
17_2,0.8381089314080070
17_3,0.8290119453302530
17_4,0.8249837570108910
17_5,0.8262185868039330
17_6,0.8240999754443200
17_7,0.7938935809785330
17_8,0.8309254715393690
17_9,0.8693710581938420
17_10,0.8818550950355980
17_11,0.8968429144595710
17_12,0.9085268064693200
17_13,0.9140984454130520
17_14,0.9157834750534900
17_15,0.9219332454733610
17_16,0.9548953137454720
17_17,0.9192971890438130
17_18,0.9175611781081980
17_19,0.909596574019942
17_20,0.8913677564401450
17_21,0.8766780310935580
17_22,0.8604902728728600
17_23,0.8372612354389910
17_24,0.8120778805440740
17_25,0.7599549946142740
17_26,0.7465910046910030
17_27,0.7022575030178490
17_28,0.6900267772289740
17_29,0.6840674739984320
17_30,0.6819549828424390
17_31,0.6852116283535310
17_32,0.6952579822293430
17_33,0.7021656368488720
17_34,0.7104264941692710
17_35,0.7150114793493270
17_36,0.7583094226686480
17_37,0.7604768790573530
17_38,0.7641157648506940
17_40,0.7652781967962830
17_41,0.7644148139301280
17_42,0.8063651430108200
17_43,0.7995216945781000
17_44,0.7976782051806560
17_45,0.7973912207508020
17_46,0.7574225350486200
17_47,0.757772566606127
17_48,0.7540133164967180
17_49,0.7540899627321290
17_50,0.756045124823205
17_51,0.7144879343106200
17_52,0.7247927731053900
17_53,0.7258272638502130
17_54,0.7303435863947370
17_55,0.7343499375929610
17_56,0.734775221836773
17_57,0.744923801096948
17_58,0.7473881705885110
17_59,0.7934934989146240
17_60,0.8395138673130490
17_61,0.8421152264532210
17_62,0.8433310984188050
17_63,0.8404950621061250
17_64,0.8836348702569240
17_65,0.88610470560606
17_66,0.8832686463241610
17_67,0.8849782918893360
17_68,0.8415580703498260
17_69,0.7981850694168270
17_70,0.7976627321465300
17_71,0.7973439830209950
17_72,0.8027558163086530
17_73,0.8021731461803750
17_74,0.8054170162111610
17_75,0.8092973702983870
17_76,0.8526239687022940
17_77,0.8617316026102040
17_78,0.8705752655694210
17_79,0.9144869786227070
17_80,0.9227821329997580
17_81,0.9261235673856160
17_82,0.8893459602299200
17_83,0.8901579664018750
17_84,0.8880594544339980
17_85,0.8443781348613210
17_87,0.8311292166128060
17_89,0.8215414207880500
17_90,0.7773991594398520
17_91,0.7666257230313110
17_92,0.8009905103199860
17_93,0.8033838315835960
17_94,0.8039542536385690
17_95,0.8057385813841880
17_97,0.8063294852050010
17_98,0.8101952900656910
17_99,0.8127561746313580
17_100,0.8136665893605070
17_101,0.819893140615584
17_102,0.7801577993668080
17_103,0.7682958490373960
17_104,0.760144971343562
17_105,0.756879222714427
17_106,0.7563828787358720
17_107,0.7553705236980750
17_108,0.7498633669375690
17_109,0.7531855187155890
17_110,0.7584499308327090
17_111,0.7629870750954190
17_112,0.7749766723971260
17_113,0.7896925540753370
17_114,0.8055859943858150
17_115,0.8173689196355290
17_116,0.8285590151147760
17_117,0.8722290386946430
17_118,0.8762384830072360
17_119,0.8684394005444310
17_121,0.8581347226563130
17_122,0.8872575727513240
17_123,0.8755484283874270
17_124,0.8578371330355970
17_125,0.8435479944998650
17_126,0.8315537713608950
17_127,0.7871188862659530
17_128,0.7788406090393250
17_129,0.7874418791167670
17_130,0.8011708342815530
17_131,0.7760251573212510
17_132,0.7886024959471000
17_133,0.8022239549979470
17_134,0.8161055580131690
17_136,0.8308781513469220
17_137,0.8468707526999110
17_138,0.8565201515368690
17_139,0.890657610855884
17_140,0.9213780843739810
17_141,0.9076179022385280
17_142,0.8909839291198370
17_143,0.9180439785355980
17_145,0.902010509934455
17_146,0.887695564641706
17_147,0.8787125651215460
17_148,0.8750188460941790
17_149,0.8458712554615060
17_150,0.8185356513236720
17_151,0.8345160111534950
17_152,0.8517898357222120
17_153,0.819950268485116
17_154,0.8339322464042810
17_156,0.8396432985113900
17_157,0.8402759233705760
17_158,0.8324079659404560
17_159,0.8579651963964350
17_160,0.8324676404497950
17_161,0.7983685036537960
17_162,0.7728507549392080
17_163,0.8060569119000420
17_164,0.801066827724895
17_165,0.7996060585396640
17_166,0.802124081838008
17_167,0.8076049022293590
17_169,0.7692294759921980
17_170,0.777896305450629
17_171,0.797119659835163
17_172,0.8127404634254750
17_173,0.8092746962322830
17_174,0.8072537132947560
17_175,0.8022302169679200
17_176,0.7969260808707310
17_177,0.7971972968222400
17_178,0.7988596452779060
17_179,0.8091067802204690
17_180,0.8464458800922970
17_181,0.8483582112946820
17_182,0.8143396510908670
17_183,0.8190250089130310
17_184,0.8319839600174210
17_185,0.8363304290732680
17_186,0.8376520605054940
17_187,0.8420067127669490
17_188,0.8383648678821530
17_189,0.8380776895350930
17_190,0.8715546679650050
17_191,0.8774703000919900
17_192,0.8696154166871460
17_193,0.85708117046554
17_194,0.8407804920373050
17_195,0.8282528106243220
17_196,0.8104114637504250
17_197,0.8001505680542590
17_198,0.7512389780310650
17_199,0.7035358100653260
17_200,0.6853664456949330
17_201,0.683618483186065
17_202,0.6885668090353700
17_203,0.7080050912151280
17_204,0.7200703598069980
17_205,0.7387944538246430
17_206,0.747638209819431
17_207,0.7609794247519070
17_208,0.7744075778660430
17_209,0.7938638592298270
17_210,0.8060151838715930
17_211,0.8446716515929260
17_212,0.8445509198229230
17_213,0.8463874831926240
17_214,0.8416321892636170
17_215,0.8382669191592330
17_216,0.8310917375293070
17_217,0.8243325387960800
17_218,0.8134383869650630
17_219,0.8083979176362280
17_220,0.7735126402030830
17_221,0.7743725604779630
17_222,0.7755439278634480
17_223,0.8092533077925830
17_224,0.8183144888219350
17_225,0.8242107641454050
17_226,0.8256178957776770
17_227,0.8265070409954420
17_228,0.8174494868425940
17_229,0.8134605955099200
17_230,0.8437356029684400
17_231,0.8338767727618800
17_232,0.7914682194337660
17_233,0.7770081924386550
17_234,0.765247331464553
17_235,0.7620567575611320
17_236,0.7599090641459340
17_237,0.770908598458358
17_238,0.7772953952558640
17_239,0.743292699249706
17_240,0.7813263625522230
17_241,0.7840620029555480
17_242,0.7948200308083400
17_243,0.8112861871240350
17_244,0.8248657591368410
17_245,0.8349232031336340
17_246,0.8352319485550820
17_247,0.8326759486026130
17_248,0.833492785577741
17_249,0.8026062504737750
17_250,0.8165316608460760
17_251,0.8234503747374080
17_252,0.8261024978340080
17_253,0.8305714206130620
17_254,0.8346983521242960
17_255,0.8358094683062970
17_256,0.8417538780601240
17_257,0.8465271734858110
17_258,0.8787514466604570
17_259,0.8746507919841310
17_260,0.8729491278081400
17_261,0.8741516489619540
17_262,0.8640024698583230
17_263,0.8929513319952080
17_264,0.8759373568767260
17_265,0.8509646988569720
17_266,0.8797872803700260
17_267,0.8386392658705570
17_268,0.8708818486307020
17_269,0.852449310997564
17_270,0.8405841387470550
17_271,0.8361308457708460
17_272,0.8019799834026200
17_273,0.8238862406728740
17_274,0.8486990537501840
17_275,0.8147618803539060
17_276,0.8268720233431900
17_277,0.7950534640523130
17_278,0.8121796930623720
17_279,0.8202299673781020
17_280,0.8228954809617730
17_281,0.8242433516565020
17_282,0.8169298789443500
17_283,0.805570203778475
17_284,0.7919586362712510
17_285,0.774980203151288
17_286,0.7547032161610930
17_287,0.7337688776025500
17_288,0.7633476041381690
17_289,0.7624070763382360
17_290,0.7648322296821660
17_291,0.767569226296332
17_292,0.7666879669949930
17_293,0.8109540319813240
17_294,0.8223711023639460
17_295,0.8404203570578550
17_296,0.8907191668218480
17_297,0.8611811972498910
17_298,0.8676261115034820
17_299,0.8658661493392420
17_300,0.8955374498637370
17_301,0.8985173569104280
17_302,0.858276692055114
17_303,0.8452193304912570
17_304,0.8324565644618970
17_305,0.7928079314115260
17_306,0.7897385376426790
17_307,0.7876869307174530
17_308,0.7845040455893230
17_309,0.7492431362319370
17_310,0.7481408722044780
17_311,0.7548242163917350
17_312,0.7687177466271660
17_313,0.778993688800111
17_314,0.7880409861269050
17_315,0.7891244510568240
17_316,0.7902069735261240
17_317,0.7879771066683040
17_318,0.7865473616046450
17_319,0.7860911001589800
17_320,0.7862546876505910
17_321,0.78711324688978
17_322,0.7864504888552540
17_323,0.7821683798508490
17_324,0.777800426198233
17_325,0.7737061017313960
17_326,0.8136531931700120
17_327,0.8137281732043690
17_328,0.8120793997157610
17_329,0.8108408409600480
17_330,0.803812080391535
17_331,0.7990546652610750
17_332,0.788873509609826
17_333,0.7824076179768020
17_334,0.7757056706413060
17_335,0.7280574298315320
17_336,0.7194818274582130
17_337,0.7129294406192570
17_338,0.7055529958842020
17_339,0.7030363514514330
17_340,0.6952342686596740
17_341,0.7453547620111620
17_342,0.7456148151019990
17_343,0.7478753293640980
17_344,0.7456061763320280
17_345,0.7471816444765320
17_346,0.7475047580402660
17_347,0.7461369962619050
17_348,0.7456629317260310
17_349,0.7498658202721280
17_350,0.7042520447003660
17_351,0.7100946344723620
17_352,0.7199182656205500
17_353,0.7686285119402660
17_354,0.7830675204889510
17_355,0.8009010710492450
17_356,0.8149372607535180
17_357,0.8230764376900140
17_358,0.8310968054963630
17_359,0.8333275870207950
17_360,0.8242014591446840
17_361,0.8085791047929250
17_362,0.7563939872229980
17_363,0.7289021597488370
17_364,0.7050925943142740
17_365,0.6894733463795000
17_366,0.6777893305314680
17_367,0.7155342402601730
17_368,0.7068796116235360
17_369,0.7015435411832660
17_370,0.6953559760936260
17_371,0.6936199038960310
17_372,0.6959341085055000
17_373,0.6922708213957680
17_374,0.6871301233665190
17_375,0.6815461115486570
17_376,0.6298495844564320
17_377,0.6291660458130530
17_378,0.6327203264397340
17_379,0.6349486401368760
17_380,0.6311684258830790
17_381,0.6314951677819010
17_382,0.628132708893074
17_383,0.6246112610938170
17_384,0.6215337089236420
17_385,0.6139744315916750
17_386,0.6115828438398120
17_387,0.6072480935426670
17_388,0.6026257419838250
17_389,0.6055469686120370
17_390,0.6090557746033840
17_391,0.6160302497986840
17_392,0.6209330955496370
17_393,0.6265677646556130
17_394,0.6329979532469600
17_395,0.688180973848627
17_396,0.6867343851118890
17_397,0.7474878024635570
17_398,0.74077015908083
17_399,0.7304460298534520
17_400,0.7221718328116760
17_401,0.7168623337756950
17_402,0.7087832322883920
17_403,0.7047481432885960
17_404,0.6434470659323470
17_405,0.6435238439446320
17_406,0.5836742342884900
17_407,0.5917863421133570
17_408,0.6555262109658700
17_409,0.670662404018843
17_410,0.7288548193590180
17_411,0.7375039020764070
17_412,0.7412210242869330
17_413,0.7421451673824540
17_414,0.7445845587426970
17_415,0.7492317523857630
17_416,0.7555326719860210
17_417,0.7083573988786190
17_418,0.7095220522090560
17_419,0.6688844026310320
17_420,0.687487151625944
17_421,0.705289368980583
17_422,0.7208308351314500
17_423,0.735567502315708
17_424,0.7510462616783820
17_425,0.7610232242168440
18_0,0.7844738660494320
18_1,0.7795616949383250
18_2,0.7621707286613050
18_3,0.7588218107752250
18_4,0.7556538598320690
18_5,0.7488767468961230
18_6,0.7392814057545340
18_7,0.7315870443192140
18_8,0.7254965295778010
18_9,0.7175409151993910
18_10,0.7073756148778970
18_11,0.7090646201077000
18_12,0.7066275342405160
18_13,0.7070584023902800
18_14,0.7151866923421120
18_15,0.7205182022604230
18_16,0.721612540501271
18_17,0.7261852728964720
18_18,0.7345971891951280
18_19,0.7485504221548310
18_20,0.7649817898475670
18_21,0.7729213145872050
18_22,0.7832401461510340
18_23,0.7949092847262310
18_24,0.8040538206585960
18_25,0.8354453906817320
18_26,0.8322566990893710
18_27,0.8667829679115040
18_28,0.8649839971071830
18_29,0.8538064580776920
18_30,0.8437725834473500
18_31,0.827082713377472
18_32,0.8042942133152950
18_33,0.7906472357589070
18_34,0.7543433054283640
18_35,0.7506762343122870
18_36,0.7112266160035980
18_37,0.7048121065944490
18_38,0.710990926064743
18_39,0.7196107181277100
18_40,0.7284779747826630
18_41,0.7381418013583070
18_42,0.7390587474421990
18_43,0.7421577888099190
18_44,0.7451902567230280
18_45,0.7787160123066510
18_46,0.771103709701527
18_47,0.755455964037754
18_48,0.7425532201951060
18_49,0.727307825964951
18_50,0.7174783192643790
18_51,0.7055562328077450
18_52,0.6957213820694690
18_53,0.6877952781495780
18_54,0.6500150886700260
18_55,0.6563499169744090
18_56,0.6681803152078350
18_57,0.6781630245161220
18_58,0.6926163370141710
18_59,0.7028890957237720
18_60,0.7522528664414250
18_61,0.7627116917055390
18_62,0.7635779261545690
18_63,0.7651027348390000
18_64,0.765424681936898
18_65,0.7615662381193840
18_66,0.796157737887224
18_67,0.7901535530143490
18_68,0.7853375044726980
18_69,0.7482770174002170
18_70,0.7466156003957900
18_71,0.7547065858911490
18_72,0.7565633930920970
18_73,0.7614306086892980
18_74,0.7664977893656680
18_75,0.7680632644135860
18_76,0.7761599762723740
18_77,0.8147507709595870
18_78,0.8251382029912230
18_79,0.8346940113205280
18_80,0.8443178522190120
18_81,0.8543912382074730
18_82,0.8620478891987410
18_84,0.8686649852931290
18_85,0.8678855317528290
18_86,0.8700374609690480
18_87,0.8380060019884110
18_88,0.8641209820740590
18_89,0.8530244957849710
18_90,0.8427640420708170
18_91,0.829815886363444
18_92,0.81565149892382
18_93,0.8391858096015520
18_94,0.801679511850621
18_95,0.7900417093354630
18_96,0.781055203064415
18_97,0.7331570493891490
18_98,0.7185850642514400
18_99,0.6997059556458390
18_100,0.6879528194986350
18_101,0.6684085409286200
18_102,0.6160029401760170
18_103,0.6054473764312730
18_104,0.5987601877513670
18_105,0.591309193038482
18_106,0.5918964540132290
18_107,0.594285245815948
18_108,0.5994116732918950
18_109,0.6056676811778480
18_110,0.6218766072537510
18_111,0.6354568710076050
18_112,0.6413049333137140
18_113,0.6389761486941860
18_114,0.6452285988659140
18_115,0.6580238545004500
18_116,0.7097245648921760
18_117,0.7226397334290710
18_118,0.7310140764550150
18_119,0.7356968484213260
18_120,0.735777381112001
18_121,0.7360648371889350
18_123,0.7451569056815690
18_124,0.7466668056724440
18_125,0.7397110477253340
18_126,0.6964464140211940
18_128,0.7290657295061980
18_129,0.7260400087392190
18_130,0.7234530210774120
18_131,0.7239918786586980
18_132,0.722473883540156
18_133,0.7214549222939800
18_135,0.7206220316067940
18_136,0.7194339539493030
18_137,0.7193404823302860
18_138,0.6769168575251570
18_139,0.679635806775712
18_140,0.6797477926627300
18_142,0.6780678227405260
18_143,0.6752582934658500
18_144,0.675782378475419
18_145,0.6693614788273990
18_146,0.7091182639032420
18_147,0.7026896579361790
18_148,0.7491372200342040
18_149,0.7372019825446610
18_150,0.7237480733354190
18_151,0.7141619746423950
18_153,0.7082988890926740
18_154,0.7098674674801120
18_155,0.7168391555245960
18_156,0.68484173865532
18_157,0.6956044575115690
18_159,0.6538823728126290
18_160,0.6612591866771520
18_161,0.6704692063966220
18_162,0.6771379414284990
18_163,0.6822696598802550
18_165,0.7226696723352070
18_166,0.7154000332280130
18_167,0.7057025972406020
18_168,0.6969368625444020
18_169,0.6993432180069020
18_171,0.7079824683050410
18_172,0.719155501487798
18_173,0.7309604130427230
18_174,0.742253603972471
18_175,0.7032462483777040
18_176,0.7092464769053980
18_177,0.7512459451762420
18_178,0.7505189563229000
18_179,0.7463742878425080
18_180,0.7396200056403420
18_181,0.7296785406722070
18_182,0.720812629455442
18_183,0.7113223532396910
18_184,0.7016492953529670
18_185,0.6960128544802300
18_186,0.6995569457703300
18_187,0.693793580935913
18_188,0.6949835590017580
18_189,0.6907642688208190
18_190,0.6921921779951760
18_191,0.6947799468814370
18_192,0.701240329081104
18_193,0.7157023386932570
18_194,0.7325260237999920
18_195,0.6970599491423140
18_196,0.7482928160376870
18_197,0.7511470247917410
18_199,0.7553082361916280
18_200,0.7579760673548030
18_201,0.7572931424346880
18_202,0.7533593531242250
18_203,0.7444187065940100
18_204,0.7313532924558600
18_206,0.7208825595738570
18_207,0.676419477203171
18_208,0.6709543518413350
18_209,0.6704833106817890
18_210,0.7112675447197740
18_211,0.7104361210955780
18_212,0.7132879923227130
18_213,0.7168447875703150
18_214,0.7220231420702200
18_215,0.723235433813737
18_216,0.726437975853323
18_217,0.7258989647604020
18_218,0.7241744701280730
18_219,0.6797034900372220
18_220,0.6784950624133190
18_221,0.6735183170730700
18_223,0.6728970130788620
18_224,0.6764796942657220
18_225,0.6873291303934570
18_226,0.698299083828632
18_227,0.712518307154291
18_228,0.756932533526434
18_231,0.7659448419157450
18_232,0.7849940446658270
18_233,0.8037584836587590
18_234,0.8244445100695270
18_235,0.8732164573076620
18_237,0.8828351446454760
18_239,0.8915485260462310
18_240,0.8992516612128580
18_241,0.8749939325073730
18_242,0.8853942634760350
18_243,0.8784784860206930
18_244,0.8765166050806530
18_245,0.8648604585042000
18_246,0.8268749362530040
18_247,0.8231353095471920
18_249,0.8173847103703230
18_250,0.8147206761471580
18_251,0.8137329029350120
18_252,0.8123052655847110
18_253,0.8221553974005990
18_255,0.8246965406216700
18_256,0.8359035018276900
18_257,0.8379668631163070
18_258,0.8455187828463420
18_259,0.8538464221845400
18_260,0.8581131146934840
18_261,0.8615451538321610
18_262,0.8644945626042800
18_263,0.8632581065435470
18_264,0.8609454551401680
18_265,0.8585038286844520
18_266,0.8542292824992160
18_267,0.8444328787698560
18_268,0.8399955273604870
18_269,0.8388212418226380
18_270,0.8348632914126670
18_271,0.8320359989664800
18_272,0.8317291867023470
18_273,0.8361175431436820
18_274,0.8358383569017400
18_275,0.8376734384114500
18_276,0.8431074727381240
18_277,0.8433115179245170
18_278,0.8428740514288790
18_279,0.8456204253901680
18_280,0.8486668726459840
18_281,0.8486396553632290
18_282,0.8768010963619150
18_283,0.8757197762663770
18_284,0.8736072014390180
18_285,0.9018483957920490
18_286,0.897275397079641
18_287,0.9226476493306020
18_288,0.9151812871689050
18_289,0.9235026498916910
18_291,0.9343560234024140
18_292,0.9054996625094680
18_293,0.9180328336777000
19_0,0.6032626256899910
19_1,0.5510905683705390
19_2,0.5147606721033390
19_3,0.4870000807911120
19_4,0.4621166903808450
19_5,0.4662344622948040
19_6,0.37364359161671700
19_7,0.4599948107061730
19_8,0.45574471908401600
19_9,0.45232536186660800
19_10,0.4493434017203330
19_11,0.4494540370630880
19_12,0.44694479048709800
19_13,0.45215317946108500
19_14,0.36674814001401600
19_15,0.3725890108803510
19_16,0.28696791581273700
19_17,0.2894437754612890
19_18,0.286813966010792
19_19,0.28484034863627600
19_20,0.27917963364864700
19_21,0.2817150781656370
19_22,0.28068385037650900
19_23,0.2801653082142840
19_24,0.2820874857152100
19_25,0.2826783325291380
19_26,0.29540805213800600
19_27,0.3205873358436100
19_28,0.35075756641426800
19_29,0.3715210463895470
19_30,0.393967208290074
19_32,0.4145090061027100
19_33,0.5020703381908650
19_34,0.513857304862739
19_35,0.5973678072351160
19_36,0.6010294403168500
19_37,0.5932467328086320
19_38,0.5896514041941330
19_39,0.5936348263972020
19_40,0.5928448790447070
19_41,0.6544238888171200
19_42,0.5891842837292380
19_43,0.6002246152989410
19_45,0.5427293393352850
19_46,0.5481610488132840
19_47,0.6170687786024720
19_48,0.6202513420623160
19_50,0.6218778338184860
19_51,0.6184014031825690
19_52,0.5484513020316650
19_53,0.5377690504469660
19_54,0.5283624373859620
19_55,0.5132247027201150
19_56,0.5034801378887310
19_57,0.4277717937203220
19_58,0.40994375990182700
19_59,0.39298531242400600
19_60,0.38076304602312000
19_61,0.37378537671905000
19_62,0.36725205313338800
19_64,0.3607457363694470
19_65,0.35524121559227600
19_66,0.3442756398034740
19_67,0.4326980856774860
19_68,0.4375525714716320
19_69,0.4507702714542460
19_71,0.4549853639991090
19_72,0.4561948578371090
19_73,0.44997352205195
19_74,0.4449406070706580
19_75,0.458316287206902
19_76,0.4825150107497750
19_77,0.40887890961868800
19_78,0.4196620337857020
19_80,0.4248284996589880
19_81,0.43727769360368300
19_82,0.45204286988178300
19_83,0.47177760415839700
19_84,0.4880552606440200
19_85,0.48284977098918200
19_86,0.47781944951581700
19_87,0.47664611943725700
19_88,0.4699979684382520
19_90,0.45885326736129600
19_91,0.4485199751962270
19_92,0.43905631811151000
19_93,0.4252187102312750
19_95,0.42058650455576000
19_96,0.4183154654838630
19_97,0.41349220837837700
19_99,0.40496533710158300
19_100,0.4005510775645150
19_101,0.404940707506713
19_102,0.4071489956953620
19_103,0.4115766931738350
19_104,0.4181087883866360
19_105,0.4220153041090740
19_107,0.43140816120245200
19_108,0.49844391170733000
19_109,0.5156855895436670
19_110,0.5271688347320980
19_111,0.5309219777106630
19_112,0.5278099417767100
19_113,0.5922488493427270
19_114,0.5918993597587130
19_115,0.5925063406945740
19_116,0.5924701070080810
19_117,0.5429662276851330
19_118,0.5456165985433960
19_119,0.5510869238221600
19_120,0.5467710765032180
19_122,0.538772500695249
19_123,0.54178889010047
19_124,0.5404555591011610
19_125,0.530041245697836
19_126,0.5306432209752560
19_127,0.5197365465912760
19_128,0.5104559679665480
19_129,0.4995102755061720
19_131,0.49908553009738700
19_132,0.5079273921815370
19_133,0.4331888928438920
19_134,0.4321587774107970
19_135,0.4405874012203400
19_136,0.44020700279484000
19_137,0.44995613415156000
19_138,0.45816223290114500
19_139,0.4692501212620190
19_140,0.4748769172734220
19_141,0.4822327263866630
19_142,0.48057789320494200
19_143,0.47484241004541700
19_144,0.46691894225237900
19_145,0.5327626571976770
19_146,0.5009867852824480
19_147,0.46826376368123400
19_148,0.43802943490251400
19_150,0.4177616432042680
19_151,0.40055996509480000
19_152,0.3962886383746270
19_153,0.40048821010551000
19_154,0.39930377195292800
19_155,0.3224369371754120
19_157,0.4035896422381710
19_158,0.4073279002141980
19_159,0.4143171083860700
19_160,0.4172841241853900
19_161,0.501051391725461
19_162,0.5071387436623270
19_163,0.4996517574221180
19_164,0.49209387104553900
19_165,0.4752153373626520
19_167,0.3911686174920820
19_168,0.3875922000578670
19_169,0.37729088377373300
19_170,0.3695801319759980
19_171,0.27473360760591500
19_172,0.25725816437979300
19_173,0.2483010435436830
19_174,0.24170346564751600
19_175,0.2432741464382020
19_176,0.24223552566347000
19_177,0.24282487900944900
19_178,0.24924217172776700
19_179,0.25281558907633300
19_180,0.26458969702824700
19_181,0.28087281202969100
19_182,0.2951527936588800
19_183,0.3073435071724830
19_184,0.31694437986583500
19_185,0.32371309246800700
19_186,0.4140915265404780
19_187,0.4128617840172580
19_188,0.4144249239389390
19_189,0.41129251651271800
19_190,0.40527052762506600
19_191,0.40300479586601000
19_192,0.4826819990537050
19_193,0.48785187274604400
19_194,0.5748864613303200
19_196,0.5040195903851940
19_197,0.520994825912806
19_198,0.5339439123008360
19_199,0.5499317326092110
19_200,0.5619833426431320
19_201,0.5662675722549800
19_202,0.48839790044396
19_203,0.5650469207230040
19_204,0.4777539758878650
19_205,0.4651966558608290
19_206,0.4552744159995840
19_207,0.4506383896229410
19_208,0.4479315555473170
19_209,0.4474734628264640
19_210,0.4453535880950660
19_211,0.441502988708976
19_212,0.3572008667046440
19_213,0.36254676350921300
19_214,0.3615132303258400
19_215,0.3584936612819840
19_216,0.3577246503402950
19_218,0.35866601700167400
19_220,0.3607679290736570
19_221,0.36697687734187600
19_222,0.3739340598411900
19_223,0.38415466455031100
19_224,0.39583728002713900
19_226,0.41264091071813200
19_227,0.4949115367046470
19_228,0.5092153556718570
19_229,0.5139285382358500
19_230,0.5106100167973910
19_231,0.5119047980875370
19_232,0.5146905923018150
19_233,0.517906649570245
19_234,0.5169180915919410
19_235,0.506575192065016
19_236,0.4378860077515710
19_237,0.5032416093527980
19_238,0.5038268671804370
19_239,0.5080644785101160
19_240,0.5105848698397590
19_241,0.5157908633417520
19_242,0.5246238305245500
19_243,0.5300478992824630
19_244,0.5477858819866920
19_245,0.5615642229853580
19_246,0.47450200055584300
19_247,0.4757823030188410
20_0,0.18152484421684000
20_1,0.17722719550434400
20_2,0.16930607554938200
20_3,0.16420972914313800
20_4,0.1615442281946580
20_5,0.15054769161485600
20_6,0.14298751584399500
20_7,0.13981231164472300
20_8,0.13610382658622200
20_9,0.13035001847178100
20_10,0.1284699969193040
20_11,0.13039520091080300
20_12,0.1312672185043340
20_13,0.13193847605437400
20_14,0.13337154729318900
20_15,0.1382593474537190
20_16,0.13946121391895300
20_17,0.1382242160628070
20_18,0.13750435078010100
20_19,0.13852702998973700
20_20,0.14476931615710300
20_21,0.2522117238071160
20_22,0.26185489700701600
20_23,0.273321395232557
20_24,0.37676772330815800
20_25,0.38322210753586000
20_26,0.49130213458395600
20_27,0.4974337425746540
20_28,0.6013105175995550
20_29,0.6970349430024720
20_30,0.5850476915462750
20_31,0.5696941001308410
20_32,0.5569721883121220
20_33,0.4536619086349530
20_34,0.5545506467278110
20_35,0.45279355406675300
20_36,0.45330544434155500
20_37,0.3502467040345710
20_38,0.2467994613647080
20_39,0.24639395078455200
20_40,0.24547727206078000
20_41,0.3559747467025040
20_42,0.3458590429340040
20_43,0.23254208069231600
20_44,0.2291735430012410
20_45,0.22500495219141300
20_46,0.22781944458475100
20_47,0.23402478432250700
20_48,0.24668547383209600
20_49,0.25879697114682100
20_50,0.15703846354923000
20_51,0.16859564661898500
20_52,0.17956793738289200
20_53,0.18946795216682900
20_54,0.20115830158593500
20_55,0.20798972930340800
20_56,0.21796761573731200
20_57,0.22773820895957400
20_58,0.3326379762346320
20_59,0.3423875438257080
20_60,0.3517331119379420
20_61,0.35625749250526000
20_62,0.45402232036428300
20_63,0.45646993916076600
20_64,0.5507254472973470
20_65,0.56099952742056
20_66,0.6489593195633310
20_67,0.5866332225663920
20_68,0.6224288583466340
20_69,0.6573763412502910
20_70,0.7561346290765890
20_71,0.6841969627892000
20_72,0.70387379546373
20_73,0.7074107070858310
20_74,0.703951765130458
20_75,0.6108060369498180
20_76,0.5782360869444390
20_77,0.5469430306658460
20_78,0.5181375063104120
20_79,0.42790076610477600
20_80,0.40590019974193700
20_81,0.3890882016067430
20_82,0.3104578742628560
20_83,0.3219820525987200
20_84,0.34276237221720900
20_85,0.37342845543938600
20_86,0.4132005771839880
20_87,0.49798672952067600
20_88,0.5855068306466220
20_89,0.6289396205390860
20_90,0.6775914303256670
20_91,0.710967631595659
20_92,0.7369187341942380
20_93,0.8054330742782870
20_94,0.7950136690345110
20_95,0.7562315078439390
20_96,0.7007972895106000
20_97,0.6533066158784870
20_98,0.6416400073490090
20_99,0.6226232138924330
20_100,0.6641815009252940
20_101,0.6356803721323890
20_102,0.5517919404517260
20_103,0.6182103273858440
20_104,0.6288941542112990
20_105,0.6080316660187300
20_106,0.5969840820499330
20_107,0.6045162480058930
20_108,0.6033851393737240
20_109,0.5246204836100930
20_110,0.5123568545575480
20_111,0.5113389467947490
20_112,0.4176427374222170
20_113,0.4027014649672990
20_114,0.3911247775160330
20_115,0.44966918328510100
20_116,0.4099279399457320
20_117,0.3770231022566150
20_118,0.36249358361144500
20_119,0.35327491857052900
20_120,0.33983616732861500
20_121,0.33467996097437800
20_122,0.3241799885613370
20_123,0.3183650156144770
20_124,0.2187890922256560
20_125,0.209649040897497
20_126,0.20349587958106300
20_127,0.201959002682359
20_128,0.20373625301095500
20_129,0.21351697064083200
20_130,0.22268476320181800
20_131,0.2272000732262850
20_132,0.2310620524418730
20_133,0.23642679722812600
20_134,0.24458779923950000
20_135,0.25330269527047200
20_136,0.255327443726033
20_137,0.2557775849200470
20_138,0.3519108779121360
20_139,0.3475124052478670
20_140,0.34394465774319700
20_141,0.33712153721904900
20_142,0.33293334955286100
20_143,0.4286829349835370
20_144,0.43425793421245500
20_145,0.4476237269909220
20_146,0.4623023859392760
20_147,0.4632878469020310
20_148,0.46809747462108500
20_149,0.4686488923692650
20_150,0.47184411680266600
20_151,0.4747318496708990
20_152,0.37517342207148400
20_153,0.3620543782029020
20_154,0.34507973282637400
20_155,0.32871721355743400
20_156,0.22457647558149400
20_157,0.2153047258746840
20_158,0.21322123114262300
20_159,0.2114549485328030
20_160,0.208689591203436
20_161,0.2077889954250620
20_162,0.305836602951079
20_163,0.3003242352980370
20_164,0.2947771412665000
20_165,0.396064492350389
20_166,0.3902204162164330
20_167,0.49285243347406200
20_168,0.4858907792770530
20_169,0.4785839520218370
20_170,0.4695149070573010
20_171,0.3601288331110470
20_172,0.3516698048507670
20_173,0.3425481886463440
20_174,0.23170674335300400
20_175,0.3406748101610680
20_176,0.22820668698812600
20_177,0.33376999758225900
20_178,0.3287994267101620
20_179,0.32393411021820100
20_180,0.3207570174472840
20_181,0.31945419956202700
20_182,0.3216915194344150
20_183,0.4317304296461770
20_184,0.3229183057595790
20_185,0.32431824817508000
20_186,0.21443540612164400
20_187,0.21658576904950100
20_188,0.22140469371314900
20_189,0.22931723973195000
20_190,0.22912727759919300
20_191,0.2267368665200370
20_192,0.11418453596143700
20_193,0.10621289647893000
20_194,0.09936858075314850
20_195,0.09617270982244820
20_196,0.09530740689406040
20_197,0.09281378251147550
20_198,0.09065389367271920
20_199,0.09847656120666910
20_200,0.10346682292456500
20_201,0.10912914309294100
20_202,0.11870269958824200
20_203,0.12748735870085000
20_204,0.13414710080284100
20_205,0.13618921683148000
20_206,0.13976339115368100
20_207,0.14798080893762200
20_208,0.16149014374886600
20_209,0.18045070770230000
20_210,0.19812334840261000
20_211,0.20725495424143400
20_212,0.20977975372884600
20_213,0.21861176378423000
20_214,0.23573349639843000
20_215,0.2499050816414730
20_216,0.25949876927657700
20_217,0.2593800873432210
20_218,0.2500491378757670
20_219,0.23867879482397700
20_220,0.2344499931215070
20_221,0.23826262761119800
20_222,0.2320588816431150
20_223,0.2162379315044550
20_224,0.2008830355513340
20_225,0.18413884747277200
20_226,0.16936877560744400
20_227,0.159615404543139
20_228,0.15539371693263000
20_229,0.1528510315695320
20_230,0.14879502555284900
20_231,0.14177942695266900
20_232,0.13881751384601100
20_233,0.1432935185678240
20_234,0.15511841322613800
20_235,0.1681761757687470
20_236,0.18607462457503900
20_237,0.2928295036544210
20_238,0.30517322168262300
20_239,0.3114965808339600
20_240,0.3300616810180220
20_241,0.43961822266240500
20_242,0.4568818252049200
20_243,0.45677948600392400
20_244,0.4471573774668740
20_245,0.4366882003379870
20_246,0.33791371387896800
20_247,0.3345314343413840
20_248,0.33293669091977400
20_249,0.31701995269736200
20_250,0.2142627716003410
20_251,0.3003484651446930
20_252,0.2895109776055630
20_253,0.2870146468364570
20_254,0.2877416378846610
20_255,0.2876282764980980
20_256,0.28331585861108100
20_257,0.38030280913356600
20_258,0.37962303515730300
20_259,0.3777750488313650
20_260,0.2718486417480830
20_261,0.2757604897100140
20_262,0.28254071709676200
20_263,0.2820623128389050
20_264,0.2837445683478690
20_265,0.2858618216081620
20_266,0.18912407888108000
20_267,0.1998521585544610
20_268,0.3048659553356970
20_269,0.32505775046358000
20_270,0.34599921412078600
20_271,0.368729266329409
20_272,0.4015574688683670
21_0,0.29231188781916500
21_1,0.28959627827102800
21_2,0.29098011973538500
21_3,0.30061607016713300
21_4,0.3031329137061210
21_5,0.3009981569323310
21_6,0.30379988385021400
21_7,0.3922426854704560
21_8,0.39340424394014200
21_9,0.38862087361327300
21_10,0.39196366842055600
21_11,0.3933076754300840
21_12,0.38937213488140700
21_13,0.39473160260704800
21_14,0.40656435128551900
21_15,0.4186560925587620
21_16,0.3445953832469510
21_17,0.3511912772927600
21_18,0.36722606368341600
21_19,0.38084188666273200
21_20,0.3851658924787580
21_21,0.3875482546439930
21_22,0.3888407365485610
21_23,0.3869486685337540
21_24,0.3836807994889620
21_25,0.37353059729955400
21_26,0.3793799723745840
21_27,0.4568507661004920
21_28,0.5293064305774530
21_29,0.5373684919453310
21_30,0.5485813404920540
21_31,0.5521643915116130
21_32,0.548836993129
21_33,0.5490956754578370
21_34,0.5595264527570810
21_35,0.5675374362785870
21_36,0.4992883363011220
21_37,0.4274292038590320
21_38,0.43621587419533100
21_39,0.4389870156510650
21_40,0.4387644383295200
21_41,0.4446946338669040
21_42,0.4549968002931590
21_43,0.46037530957176100
21_44,0.45639821607445700
21_45,0.45494978194638100
21_46,0.45292621883526800
21_47,0.4381536915954710
21_48,0.4305108428193610
21_49,0.42085484035172400
21_50,0.4182593745515330
21_51,0.4084136546139730
21_52,0.4745674075862880
21_53,0.4723428106930000
21_54,0.4607266134167870
21_55,0.4502265076251690
21_56,0.44838110230019000
21_57,0.4376094788724270
21_58,0.4352403237438120
21_59,0.41942573159679900
21_60,0.4099581561283940
21_61,0.3202423858438850
21_62,0.29716037003861100
21_63,0.26703914150399400
21_64,0.24699347256242700
21_65,0.21849868263152700
21_66,0.19535156557891600
21_67,0.2814301556680370
21_68,0.2657649878593160
21_69,0.2461502920650430
21_70,0.23033063117295400
21_71,0.2195715282187360
21_72,0.23349424516817000
21_73,0.2467233461457830
21_74,0.27185734269874400
21_75,0.3050506663480620