Id,Predicted
1_939,0.8359756110590211
1_940,0.8359756110590211
1_941,0.8359756110590211
1_942,0.8359756110590211
1_943,0.8359756110590211
1_944,0.8359756110590211
1_945,0.8359756110590211
1_946,0.8359756110590211
1_947,0.8915352169763239
1_948,0.900091236671691
1_949,0.9061201375787534
1_950,0.9089787065026054
1_951,0.914781396308611
1_952,0.9059285302309409
1_953,0.8998877090404335
1_954,0.888644026324891
1_955,0.879556333965009
1_956,0.8717512586908652
1_957,0.8741586880121328
1_958,0.8751430794093362
1_959,0.869616498714974
1_960,0.862478974917195
1_961,0.8584170243780983
1_962,0.8508640626522261
1_963,0.8478124083501508
1_964,0.8452180260956176
1_965,0.8367639007491999
1_966,0.8282099902224395
1_967,0.8292295939377409
1_968,0.8287209793561637
1_969,0.8359056800423449
1_970,0.8400672305525186
1_971,0.840002382098559
1_972,0.8279811793159411
1_973,0.8190625454507143
1_974,0.8190096623332137
1_975,0.8246440721726317
1_976,0.8297206731532881
1_977,0.8329178639586649
1_978,0.8320766866426836
1_979,0.8336458604726384
1_980,0.8288662832045065
1_981,0.8232875023278928
1_982,0.8178170634967068
1_983,0.8076015190004362
1_984,0.7938120317165627
1_985,0.7771984755409338
1_986,0.7888952688010977
1_987,0.7897724674265719
1_988,0.8017807429138999
1_989,0.7884037885452236
1_990,0.7933909725671148
1_991,0.7986515029224107
1_992,0.7817961364193297
1_993,0.7679746963375432
1_994,0.753453801535129
1_995,0.7427324799809437
1_996,0.7427087496870185
1_997,0.7332355163812542
1_998,0.7227850096718511
1_999,0.7123810785403605
1_1000,0.7066474351978058
1_1001,0.6755234504121919
1_1002,0.6665118946153145
1_1003,0.6486313314486911
1_1004,0.6551109341373093
1_1005,0.6292135909462833
1_1006,0.6097252641025509
1_1007,0.6044739156615595
1_1008,0.6243704477229212
1_1009,0.6461108471963816
1_1010,0.6445419408060089
1_1011,0.6345774004818098
1_1012,0.6277838155915144
1_1013,0.6286238738090115
1_1014,0.6349280331413247
1_1015,0.6321017063519151
1_1016,0.6316665013561901
1_1017,0.615591160230767
1_1018,0.5972927490553946
1_1019,0.5784190479333172
1_1020,0.5708426987468671
1_1021,0.5548456134501605
1_1022,0.5828579934155791
1_1023,0.5862889270645316
1_1024,0.5869935919972051
1_1025,0.6142722116696163
1_1026,0.60836964552598
1_1027,0.6102036130527583
1_1028,0.6104573506602265
1_1029,0.6008399057966082
1_1030,0.5968777144431292
1_1031,0.6275768914085913
1_1032,0.6624565871079704
1_1033,0.6585197237103518
1_1034,0.6601393143935437
1_1035,0.6554545275030323
1_1036,0.6475415221761083
1_1037,0.6129956170372335
1_1038,0.5766254971877903
1_1039,0.5314060918324001
1_1040,0.49017782709553476
1_1041,0.48439990729408117
1_1042,0.48018487943207044
1_1043,0.5060628421506532
1_1044,0.537558007465497
1_1045,0.530540829003672
1_1046,0.48934997227020216
1_1047,0.4513770102962731
1_1048,0.4509868742758616
1_1049,0.4619901329065938
1_1050,0.4681289344503279
1_1051,0.5113743498631403
1_1052,0.5453121244078999
1_1053,0.5449535166727079
1_1054,0.5529175551762645
1_1055,0.5576525166698397
1_1056,0.5637499876742621
1_1057,0.5738740323545938
1_1058,0.5422124647997381
1_1059,0.5039286373012655
1_1060,0.5074500990686064
1_1061,0.5142971454506298
1_1062,0.5202864799255238
1_1063,0.5288131843452363
1_1064,0.5129390302174301
1_1065,0.4971579046852082
1_1066,0.49623245428851886
1_1067,0.4962449572771096
1_1068,0.4988731235558578
1_1069,0.5052008049475254
1_1070,0.5083477260785494
1_1071,0.4939605466097737
1_1072,0.4736682691271769
1_1073,0.46678544378229936
1_1074,0.4679132065608678
1_1075,0.47542608951553883
1_1076,0.47211113654890796
1_1077,0.4631833341737504
1_1078,0.4534844395369882
1_1079,0.4522027662176116
1_1080,0.452051787396826
1_1081,0.4124415974372238
1_1082,0.37403919794320584
1_1083,0.36040210629177405
1_1084,0.34498752653723613
1_1085,0.3355408344227135
1_1086,0.3441896777204757
1_1087,0.35420725808871634
1_1088,0.3577513064065899
1_1089,0.34621366992354985
1_1090,0.3292342532458061
1_1091,0.3140269663500195
1_1092,0.30458712613274447
1_1093,0.2949377451488227
1_1094,0.2865715529074779
1_1095,0.2860156094364668
1_1096,0.27419810576604325
1_1097,0.31299055081935007
1_1098,0.3591408743522018
1_1099,0.3599106314346059
1_1100,0.3552448311708782
1_1101,0.3453237242386749
1_1102,0.33330891390645395
1_1103,0.3249756053284601
1_1104,0.3234814875511666
1_1105,0.31998691349913244
1_1106,0.32289173431386536
1_1107,0.3733580099490183
1_1108,0.42156213313013235
1_1109,0.42534917630089153
1_1110,0.43479934117078906
1_1111,0.44040966586992736
1_1112,0.3870920684159315
1_1113,0.3893414671546411
1_1114,0.4309674667744806
1_1115,0.43173839088571203
1_1116,0.43275811326629887
1_1117,0.42921518532949104
1_1118,0.4227571606684885
1_1119,0.43444330981050766
1_1120,0.44831566374295245
1_1121,0.4987565630723768
1_1122,0.4977563918200218
1_1123,0.4565830716374579
1_1124,0.4550436733615808
1_1125,0.4449632737145844
1_1126,0.4430410616522053
1_1127,0.45109441396172545
1_1128,0.401730705431228
1_1129,0.3596710900339913
1_1130,0.3586348739795682
1_1131,0.353371040402595
1_1132,0.3536907975983787
1_1133,0.36083398361689906
1_1134,0.3587162828921323
1_1135,0.397014411704061
1_1136,0.39440774227540903
1_1137,0.34769829467726915
1_1138,0.34469683757785835
1_1139,0.34448867917196513
1_1140,0.36344864060358123
1_1141,0.3818714653302025
1_1142,0.392925668685331
1_1143,0.3991822650468661
1_1144,0.4101001908172447
1_1145,0.41795543682270353
1_1146,0.42377302010089307
1_1147,0.4320167991732081
1_1148,0.436325792489947
1_1149,0.4761287897424342
1_1150,0.4756073163039956
1_1151,0.43031725128839404
1_1152,0.43061130374769757
1_1153,0.4243452990757279
1_1154,0.41773739310658903
1_1155,0.3988571973371001
1_1156,0.37879714203953263
1_1157,0.3589834716334181
1_1158,0.34832687122451955
1_1159,0.33866538971356963
1_1160,0.32982579173272725
1_1161,0.3223028993497694
1_1162,0.30951371249614795
1_1163,0.3040555179434951
1_1164,0.26301285740921415
1_1165,0.21456037117583546
1_1166,0.21037437420451197
1_1167,0.20699082418334763
1_1168,0.20956616812284995
1_1169,0.21368047778380805
1_1170,0.20700778490887414
1_1171,0.20134661090365513
1_1172,0.2549377363408751
1_1173,0.3066099614182582
1_1174,0.3065635199493247
1_1175,0.3017056994317844
1_1176,0.30987458462330514
1_1177,0.31580085813769093
1_1178,0.3052502576995489
1_1179,0.2958488761818709
1_1180,0.29474177776306226
1_1181,0.29676287769900694
1_1182,0.2979570473959734
1_1183,0.29404407469721877
1_1184,0.29639093234400243
1_1185,0.30569709603181866
1_1186,0.30686882745977334
1_1187,0.24992658638587925
1_1188,0.19387301607979046
1_1189,0.23814463403761602
1_1190,0.2913143763724028
1_1191,0.28066180911495686
1_1192,0.2751619107493454
1_1193,0.2780107101014098
1_1194,0.2824358626168354
1_1195,0.28602551820999383
1_1196,0.33680396612836716
1_1197,0.3865870497810653
1_1198,0.38386366342607575
1_1199,0.4297096528105515
1_1200,0.476350301311118
1_1201,0.47558632533407247
1_1202,0.47558393832812584
1_1203,0.5316523335727994
1_1204,0.5305869965047106
1_1205,0.4830866626284164
1_1206,0.5049804065653086
1_1207,0.5146360346940907
1_1208,0.5101130688355633
1_1209,0.502830231381892
1_1210,0.4970899581325419
1_1211,0.44428256705814856
1_1212,0.3940531920312226
1_1213,0.39200453022674947
1_1214,0.3335805966980662
1_1215,0.2833020353083197
1_1216,0.2926398261309175
1_1217,0.3012514680571934
1_1218,0.30080384775678953
1_1219,0.30071948183164976
1_1220,0.2957017925370725
1_1221,0.27785234290337096
1_1222,0.26911253089373094
1_1223,0.2747482791035408
1_1224,0.27776998990855095
1_1225,0.28128315427555195
1_1226,0.2853218802223705
1_1227,0.28767716172217755
1_1228,0.3442565620181456
1_1229,0.4018470395044576
1_1230,0.45031842872217104
1_1231,0.4947561712209636
1_1232,0.4947552147081982
1_1233,0.4434998602454942
1_1234,0.39207449323330346
1_1235,0.3845381912095138
1_1236,0.3839083231192987
1_1237,0.3852506625281201
1_1238,0.4371344374685704
1_1239,0.489023871883002
1_1240,0.4897417568745522
1_1241,0.48023278460878915
1_1242,0.5283501963532353
1_1243,0.509488819348592
1_1244,0.509399476000229
1_1245,0.4617348526368349
1_1246,0.4134488149451894
1_1247,0.4031853505697087
1_1248,0.40042049615954955
1_1249,0.4010367179597312
1_1250,0.40930154001391855
1_1251,0.40769104319031485
1_1252,0.4078394639070269
1_1253,0.36348501174707637
1_1254,0.3137024128357322
1_1255,0.3074582563941702
1_1256,0.3112765407377899
1_1257,0.2543046370038871
1_1258,0.2167875016266955
1_1259,0.16170995147873782
1_1260,0.15432593704589018
1_1261,0.14641985818468048
1_1262,0.14788386131341694
1_1263,0.1503109223684331
1_1264,0.14910786532300438
1_1265,0.14269146872872993
1_1266,0.14029213902285612
1_1267,0.1425786805782393
1_1268,0.14427804356021795
1_1269,0.1386617934873987
1_1270,0.1500609508960962
1_1271,0.20337962289675818
1_1272,0.2582528093057246
1_1273,0.26220080544819124
1_1274,0.31853760465733055
1_1275,0.3724258964247229
1_1276,0.3782252664139157
1_1277,0.38833746545007897
1_1278,0.38588746094571735
1_1279,0.3843785722426196
1_1280,0.401929291132803
1_1281,0.4098218874497607
1_1282,0.4027166785016642
1_1283,0.3899808418695231
1_1284,0.39134536291776706
1_1285,0.4345141194996128
1_1286,0.4134572628249298
1_1287,0.4138685113775987
1_1288,0.41672225172170724
1_1289,0.37027864466870664
1_1290,0.33811505353650784
1_1291,0.3891427734887661
1_1292,0.43476565575771603
1_1293,0.43982095556895817
1_1294,0.449816933553376
1_1295,0.4488604467091099
1_1296,0.4462446772914797
1_1297,0.44242044381579165
1_1298,0.4385863298126899
1_1299,0.4525260854572916
1_1300,0.40965123237822326
1_1301,0.37796889196454697
1_1302,0.3256282266699405
1_1303,0.3187095844233633
1_1304,0.30705589180524406
1_1305,0.3430884399133783
1_1306,0.341656536636004
1_1307,0.283083292229124
1_1308,0.27854595294234225
1_1309,0.27198187010633385
1_1310,0.2523515891707222
1_1311,0.2435088804279889
1_1312,0.24360851011681037
1_1313,0.24320013332207696
1_1314,0.2299868265867405
1_1315,0.2279379086018286
1_1316,0.22740542829167698
1_1317,0.23380520116946304
1_1318,0.23904991198222517
1_1319,0.29654582471721175
1_1320,0.2921584737826121
1_1321,0.24241474037990207
1_1322,0.24868837839617325
1_1323,0.2457747921070844
1_1324,0.23677050445975975
1_1325,0.24545214016833736
1_1326,0.2509133485872459
1_1327,0.2581708182314455
1_1328,0.265117282768928
1_1329,0.2632578829840871
1_1330,0.30925060615842875
1_1331,0.3616316306484107
1_1332,0.3583948639683713
1_1333,0.359053825945283
1_1334,0.3025861550276314
1_1335,0.3065190226494657
1_1336,0.35590832712282355
1_1337,0.3590923482325409
1_1338,0.3586650556290447
1_1339,0.41862242931342497
1_1340,0.46789351038250065
1_1341,0.47263898128644694
1_1342,0.4687239069552819
1_1343,0.46312616823546254
1_1344,0.46319266918048674
1_1345,0.4072108135680295
1_1346,0.34766728369417055
1_1347,0.3456575162050825
1_1348,0.3458138910668383
1_1349,0.3430329090719305
1_1350,0.2881160202420975
1_1351,0.23826200429274744
1_1352,0.2359121154240835
1_1353,0.25040258023740575
1_1354,0.2010402952107886
1_1355,0.14651462355104275
1_1356,0.1406220056024498
1_1357,0.19712308662623315
1_1358,0.2529787033462376
1_1359,0.251307215191398
1_1360,0.2484291606684899
1_1361,0.2550877793322434
1_1362,0.25673898988013505
1_1363,0.2629761135584149
1_1364,0.28506530044986517
1_1365,0.29868173523060637
1_1366,0.3112204690014835
1_1367,0.3172475891272703
1_1368,0.30905645248559044
1_1369,0.30986124604772275
1_1370,0.32208688190977713
1_1371,0.3312325843316852
1_1372,0.28306033148611015
1_1373,0.2359021980318468
1_1374,0.24936790065139172
1_1375,0.2515075477465407
1_1376,0.25001373587103665
1_1377,0.25275042774386647
1_1378,0.25434951382042853
1_1379,0.2404943722418872
1_1380,0.22843103783124263
1_1381,0.21550874602700806
1_1382,0.2139202667911693
1_1383,0.21789372725045583
1_1384,0.21841222085893966
1_1385,0.2114637733668653
1_1386,0.20775196473514657
1_1387,0.2093317796244572
1_1388,0.21111709610456275
1_1389,0.20092899547965615
1_1390,0.20525951233815215
1_1391,0.2596400853634154
1_1392,0.3067709399375531
1_1393,0.29493342170677284
1_1394,0.2876987107407787
1_1395,0.2857468620631314
1_1396,0.29387437645511577
1_1397,0.2954761861731864
1_1398,0.2961957992640899
1_1399,0.2937310321109375
1_1400,0.2936159604876537
1_1401,0.3020441120761757
1_1402,0.3006201530925204
1_1403,0.28901004776272293
1_1404,0.2992309725582529
1_1405,0.3041014009457157
1_1406,0.2670977547854915
1_1407,0.2685288639931719
1_1408,0.322189445636669
1_1409,0.31997149958246657
1_1410,0.3269909341466156
1_1411,0.32882481115188045
1_1412,0.3270883282710632
1_1413,0.3329755915667533
1_1414,0.33484121777836795
1_1415,0.3416084288073364
1_1416,0.330715018940861
1_1417,0.327514590097036
1_1418,0.34190388608164923
1_1419,0.3364776250682445
1_1420,0.33319945355610847
1_1421,0.32201552506321873
1_1422,0.26125642234320023
1_1423,0.20954619887010031
1_1424,0.21653388094357695
1_1425,0.2085806740925684
1_1426,0.22376795325769075
1_1427,0.24503061517060498
1_1428,0.2564722111996407
1_1429,0.25872485392080724
1_1430,0.2567561645729782
1_1431,0.5112205395690946
1_1432,0.5112205395690946
1_1433,0.5112205395690946
1_1434,0.5112205395690946
1_1435,0.5112205395690946
1_1437,0.5112205395690946
1_1438,0.5112205395690946
2_0,0.3958397682608409
2_1,0.3958397682608409
2_2,0.3958397682608409
2_3,0.3958397682608409
2_4,0.3958397682608409
2_5,0.3958397682608409
2_6,0.3958397682608409
2_7,0.3958397682608409
2_8,0.4528541345962963
2_9,0.4690636027247318
2_10,0.48694775631097303
2_11,0.45930722845484967
2_12,0.44923910131502504
2_13,0.4390077217073408
2_14,0.4306131412640273
2_15,0.42932570672968523
2_16,0.47949376643659786
2_17,0.5194541125025592
2_18,0.5028124632505783
2_19,0.4972782252259515
2_20,0.4882297135689436
2_21,0.47946167528082656
2_22,0.4215173195643976
2_23,0.4226249362115986
2_24,0.4199991909026837
2_25,0.42116044360519683
2_26,0.46872337488079036
2_27,0.46160475869705514
2_28,0.4654630619398962
2_29,0.45417480397544646
2_30,0.5015883917626954
2_31,0.49818268883540345
2_32,0.44062484280081793
2_33,0.43930445718314315
2_34,0.4513683863480912
2_35,0.4670015116948293
2_36,0.46981535203809427
2_37,0.4691698846836336
2_38,0.41521934680382666
2_39,0.3689422509408997
2_40,0.3234104206519043
2_41,0.27699461736344466
2_42,0.2783708799985577
2_43,0.27588965644088376
2_44,0.28805643669228015
2_45,0.2337801495053883
2_46,0.17675692907495139
2_47,0.2351161122892971
2_48,0.2930394953729228
2_49,0.28366259404205735
2_50,0.271768128972961
2_51,0.2751759232715785
2_52,0.2838644304420089
2_53,0.2835821846251601
2_54,0.2838627843425394
2_55,0.28412292403535033
2_56,0.2728807981080289
2_57,0.26583781311595006
2_58,0.26067451026928895
2_59,0.2509871956760273
2_60,0.2460881998002554
2_61,0.30499047736481016
2_62,0.2848632549823317
2_63,0.2651113413782214
2_64,0.3163993303610215
2_65,0.37213983190349037
2_66,0.42150246497157656
2_67,0.427642785495774
2_68,0.43384145642431415
2_69,0.42629288071507765
2_70,0.4192531495004187
2_71,0.47655615934413037
2_72,0.5320826147161651
2_73,0.5342784855098139
2_74,0.5346894913479786
2_75,0.5379467499272422
2_76,0.5355147721540462
2_77,0.5556683388847248
2_78,0.5175883846306809
2_79,0.4587788823528077
2_80,0.40431946251680423
2_81,0.3574453097863732
2_82,0.3458989949986086
2_83,0.34663243114158904
2_84,0.3529207794840089
2_85,0.35189913238766296
2_86,0.2987139666494756
2_87,0.2410469427849607
2_88,0.2360127715771007
2_89,0.24220098529857254
2_90,0.24662005790248084
2_91,0.18888679646273662
2_92,0.1312351415913023
2_93,0.18949971189820797
2_94,0.24750607733364222
2_95,0.2465296419041463
2_96,0.24271202100519204
2_97,0.2454051945865766
2_98,0.2430931511218711
2_99,0.2909153515776057
2_100,0.34276423477655127
2_101,0.34890197867924344
2_102,0.35672987150911656
2_103,0.36509229617070754
2_104,0.36272465410094684
2_105,0.37072789173679227
2_106,0.379544311571507
2_107,0.3785580007075512
2_108,0.32070609249815657
2_109,0.2651986524543139
2_110,0.2681768129430677
2_111,0.2795412475752393
2_112,0.2832391943393515
2_113,0.2889262309688698
2_114,0.2530049770140036
2_115,0.20767690090123517
2_116,0.19486880180794836
2_117,0.19468847685052293
2_118,0.2021220683044516
2_119,0.2016709353830092
2_120,0.19560386043481914
2_121,0.24564261989229774
2_122,0.30300387210760404
2_123,0.3615631774407851
2_124,0.39744478540534434
2_125,0.4482049519502404
2_126,0.436341116991815
2_127,0.48497746612590564
2_128,0.5273929322879276
2_129,0.5043434903614692
2_130,0.5512884460987315
2_131,0.6091157061269569
2_132,0.6065574958661243
2_133,0.5894643153452421
2_134,0.5881092183945272
2_135,0.5829345738724008
2_136,0.5240837024433878
2_137,0.4649092145234689
2_138,0.4043923921188077
2_139,0.3700045545932873
2_140,0.314648031126117
2_141,0.3144202579256997
2_142,0.2622621645694844
2_143,0.2051915204724018
2_144,0.20698685064841313
2_145,0.1512678795962965
2_146,0.09727906997794296
2_147,0.0897996570074902
2_148,0.09025471917843761
2_149,0.09008583580627674
2_150,0.08870977269247142
2_151,0.09536505975956568
2_152,0.10016452920696572
2_153,0.11532931773745772
2_154,0.1326522374954456
2_155,0.13463056592296901
2_156,0.13482382482348082
2_157,0.13258021805409206
2_158,0.13091791288136262
2_159,0.134096039725395
2_160,0.13736634138082032
2_161,0.15277222906412366
2_162,0.2149587878183022
2_163,0.2737496425535784
2_164,0.2689484225897102
2_165,0.2713458906791376
2_166,0.2710324499353144
2_167,0.2675222421284831
2_168,0.2598906440014026
2_169,0.2475925308626408
2_170,0.24291991765180196
2_171,0.2457120760121397
2_172,0.2994423205353023
2_173,0.3589655697637714
2_174,0.35557100155558796
2_175,0.34781072214127645
2_176,0.33190787332771876
2_177,0.27664333052160084
2_178,0.21726073335393695
2_179,0.2776923790429532
2_180,0.3294155863557021
2_181,0.33896208978372205
2_182,0.34360783197606054
2_183,0.34248764471441984
2_184,0.39515410292193526
2_185,0.45198486829240614
2_186,0.4471209792163903
2_187,0.39318376580008313
2_188,0.34144154736723537
2_189,0.34355330939794154
2_190,0.3492316126393815
2_191,0.40598156927938833
2_192,0.45828447663696603
2_193,0.4722610517804179
2_194,0.43162218778329076
2_195,0.39719434421607336
2_196,0.3935222676267845
2_197,0.3886605976989772
2_198,0.4429649387970204
2_199,0.4409049005737474
2_200,0.3846417733494077
2_201,0.38186099293976417
2_202,0.37767607195916114
2_203,0.3721654267167812
2_204,0.3699152936145206
2_205,0.36605706698327306
2_206,0.30615490781940025
2_207,0.24885054383834201
2_208,0.23531426553225077
2_209,0.21660770395696352
2_210,0.19439843832115375
2_211,0.2435092164026203
2_212,0.3019340166189648
2_213,0.2428593293195736
2_214,0.19045978309543452
2_215,0.25041856013052405
2_216,0.30789130991281355
2_217,0.3323943991942775
2_218,0.33964156646871424
2_219,0.3990908316249421
2_220,0.4555061029252986
2_221,0.46166960554176917
2_222,0.46494706328577173
2_223,0.46949349236172455
2_224,0.46910128677673946
2_225,0.47251432462561344
2_226,0.41622741906937105
2_227,0.35801147237076364
2_228,0.35782544617724793
2_229,0.3552999676759321
2_230,0.29789713035861726
2_231,0.24379667234777438
2_232,0.21879877783111165
2_233,0.27145482727016024
2_234,0.2688192354286893
2_235,0.21039264530770857
2_236,0.20414573977959097
2_237,0.20525564711209407
2_238,0.21243437125544737
2_239,0.2255182025090043
2_240,0.2799581236669031
2_241,0.33349617432844475
2_242,0.3408913113268252
2_243,0.39835880232295945
2_244,0.4541340397258893
2_245,0.4568713088341889
2_246,0.45598967239397886
2_247,0.46734384653949057
2_248,0.42149614653199874
2_249,0.3694042912730638
2_250,0.3697190461735179
2_251,0.3711633002109625
2_252,0.36855757937107614
2_253,0.3628466001138872
2_254,0.354265750461845
2_255,0.3011320654530928
2_256,0.24279118048697443
2_257,0.2949136740438719
2_258,0.29521092306603525
2_259,0.2560229610902774
2_260,0.26561218126517117
2_261,0.2686556273156604
2_262,0.26334469654187226
2_263,0.2509499091306588
2_264,0.2593257801347539
2_265,0.27254034471621325
2_266,0.28056639006952966
2_267,0.28842102296998995
2_268,0.29848321014944
2_269,0.30482238339792234
2_270,0.3102787650200239
2_271,0.32678111806619664
2_272,0.28934107252362823
2_273,0.25904650086161185
2_274,0.2981889531919831
2_275,0.34238128260403233
2_276,0.35893307694481164
2_277,0.36100670205100477
2_278,0.3662445623663695
2_279,0.3570184549174152
2_280,0.3541491427987012
2_281,0.36090907077585566
2_282,0.3679190996719936
2_283,0.3659885426800512
2_284,0.3684934485349041
2_285,0.37814298018138615
2_286,0.37888427105721295
2_287,0.369858947623328
2_288,0.35261216852215227
2_289,0.3004104449325112
2_290,0.2519697038788405
2_291,0.24564862302375348
2_292,0.24928984267223617
2_293,0.25685558909000705
2_294,0.2671148016942431
2_295,0.2692934144150339
2_296,0.3121311377296713
2_297,0.3543308276536103
2_298,0.344125817219605
2_299,0.335675503182373
2_300,0.3738953674349058
2_301,0.415300687925809
2_302,0.4219029405398573
2_303,0.4237359875358566
2_304,0.42158326802345564
2_305,0.4161225393102183
2_306,0.41534804259335484
2_307,0.41159521782082037
2_308,0.40461473304425316
2_309,0.398576159355636
2_310,0.4044690216705728
2_311,0.35866813233913414
2_312,0.31166124126683403
2_313,0.3256133570632995
2_314,0.3254514114910425
2_315,0.2767579150003936
2_316,0.22740863679509146
2_317,0.21139735217190997
2_318,0.2009085248153245
2_319,0.20144932963957712
2_320,0.19872684626789086
2_321,0.19456696558994516
2_322,0.20116433969751743
2_323,0.20425101359175066
2_324,0.2549459853820491
2_325,0.2952843504379426
2_326,0.2946387570312969
2_327,0.2941888680089669
2_328,0.2830798943416949
2_329,0.33669636102932576
2_330,0.38475052990881625
2_331,0.38307888586862937
2_332,0.43773095126744593
2_333,0.49509798535559835
2_334,0.5066713923447035
2_335,0.5205631444645131
2_336,0.5271637970063385
2_337,0.5265689979931547
2_338,0.5275474257905416
2_339,0.4771539888377257
2_340,0.4240479497736607
2_341,0.42291994675320316
2_342,0.4196524837176056
2_343,0.42074711010561433
2_344,0.37161644472324684
2_345,0.3243811167293861
2_346,0.32979492083450546
2_347,0.2747237054570683
2_348,0.22584528907280838
2_349,0.22692845319228952
2_350,0.2202187397205256
2_351,0.2105731048586645
2_352,0.2064887540258196
2_353,0.25344854529038957
2_354,0.3027824783065507
2_355,0.30134143232174415
2_356,0.29594756243705456
2_357,0.2978700899580208
2_358,0.3080586372744374
2_359,0.3148122474410867
2_360,0.3152986694486077
2_361,0.3055114354583129
2_362,0.30433103106476983
2_363,0.2995998830892149
2_364,0.29055367982863733
2_365,0.29322171840299477
2_366,0.2998025851164687
2_367,0.34856440301068
2_368,0.3480882917043014
2_369,0.29399604258259227
2_370,0.29541626760840045
2_371,0.29613375146843174
2_372,0.3021432555945468
2_373,0.2903372873320833
2_374,0.27874403528517566
2_375,0.2707066643137554
2_376,0.2723079374560497
2_377,0.27761660703947755
2_378,0.28409433997720923
2_379,0.2856931646953166
2_380,0.27425583032845435
2_381,0.2595595702801291
2_382,0.21264948676441187
2_383,0.21429655410588225
2_384,0.26738016486547345
2_385,0.2696905306960691
2_386,0.28097327527976995
2_387,0.282713489509071
2_388,0.29055236606996904
2_389,0.2951283922756826
2_390,0.29593120022512037
2_391,0.3007641213249299
2_392,0.3154047735828867
2_393,0.3080656419079917
2_394,0.2971540591189303
2_395,0.3005671993955413
2_396,0.3609425766882465
2_397,0.407698008197692
2_398,0.35130706806642
2_399,0.2994539914148645
2_400,0.3004424899039243
2_401,0.30287074072965353
2_402,0.29034039401055917
2_403,0.2844041217603052
2_404,0.27873483382697856
2_405,0.2784481280143614
2_406,0.3288538121889919
2_407,0.3661496714623255
2_408,0.3776338468649136
2_409,0.3915434303182096
2_410,0.4014667967605799
2_411,0.3598733695602389
2_412,0.3164388954596676
2_413,0.32372221623339537
2_414,0.33146975733380374
2_415,0.337926221364577
2_416,0.33417696892513743
2_417,0.3518953478048313
2_418,0.36137731128064404
2_419,0.36635332356336764
2_420,0.42072572294360383
2_421,0.41885679020206357
2_422,0.3758426382869769
2_423,0.3677880232682831
2_424,0.3618135707456636
2_425,0.3517803104059028
2_426,0.3460739344312001
2_427,0.3442786543098445
2_428,0.34169942151509647
2_429,0.33620442786313764
2_430,0.3241640134504947
2_431,0.32656172638067915
2_432,0.3203087610124172
2_433,0.31443349128787657
2_434,0.313567019534842
2_435,0.3125893481241372
2_436,0.3127316665564779
2_437,0.29884112209582775
2_438,0.2926750372577942
2_439,0.2970065510961439
2_440,0.3496923906074943
2_441,0.39358168255222964
2_442,0.3817644386237153
2_443,0.43175595362669983
2_444,0.4821949376529432
2_445,0.5002413447044445
2_446,0.4919337840694852
2_447,0.5328929028746006
2_448,0.5791294185545405
2_449,0.5855315894923422
2_450,0.5389979259217573
2_451,0.538994056676435
2_452,0.5941527606736886
2_453,0.6029941273241751
2_454,0.6058294742948297
2_455,0.5736679304081477
2_456,0.5327854747467761
2_457,0.5311927549303698
2_458,0.4847072193024651
2_459,0.441948795688088
2_460,0.42746697675694656
2_461,0.42110774795477174
2_462,0.3685014554674138
2_463,0.31364512545292084
2_464,0.3055006676847389
2_465,0.29994305326265874
2_466,0.24285461517650708
2_467,0.20015943467388742
2_468,0.19567915634257613
2_469,0.1783372449778123
2_470,0.16580601585572094
2_471,0.16497975635298795
2_472,0.18244187016906652
2_473,0.19008446169216903
2_474,0.18908382318747546
2_475,0.19021880713008166
2_476,0.18859992054067323
2_477,0.18753312554630977
2_478,0.19888347703625675
2_479,0.19645883088071348
2_480,0.1902903454246322
2_481,0.1918197528071836
2_482,0.1780548736723922
2_483,0.18055436282556714
2_484,0.20353651866668943
2_485,0.2004561140417186
2_486,0.1879319136268672
2_487,0.17667408241773847
2_488,0.16129585414644249
2_489,0.14555149615677568
2_490,0.1973256693756646
2_491,0.2532540676907797
2_492,0.2754620601112652
2_493,0.2697342906586363
2_494,0.264862783634904
2_495,0.26853966850643846
2_496,0.3256129694087257
2_497,0.38142186324272276
2_498,0.3754059641867137
2_499,0.36498952891056435
2_500,0.4152114814848764
2_501,0.46965170238024234
2_502,0.4618949124436074
2_503,0.4687242151715676
2_504,0.4845906503427632
2_505,0.48478473281454454
2_506,0.4834026764221313
2_507,0.4556138175284084
2_508,0.45599360754767737
2_509,0.5168073607797466
2_510,0.5721713847759271
2_511,0.5714902045571872
2_512,0.5714646995632162
2_513,0.5841942715696306
2_514,0.6332447134458985
2_515,0.6309994555475036
2_516,0.5821721064750421
2_517,0.5894891623831167
2_518,0.5839817085827901
2_519,0.5678085837670002
2_520,0.5683811024917742
2_521,0.5696874555440309
2_522,0.5757459627349014
2_523,0.5702773077625637
2_524,0.5142390970724032
2_525,0.5163697808807779
2_526,0.5145588467707531
2_527,0.4566922926568563
2_528,0.44025398516904773
2_529,0.38694298785916614
2_530,0.33479862567015123
2_531,0.32468857503130266
2_532,0.3181276391084706
2_533,0.323863280106376
2_534,0.384870815715104
2_535,0.38423327689749354
2_536,0.38569784454091843
2_537,0.43833110407694187
2_538,0.49486526465651226
2_539,0.5494177400534433
2_540,0.49573822337458284
2_541,0.44748222628413203
2_542,0.4465981267341921
2_543,0.45821111460768404
2_544,0.4650004666049082
2_545,0.459798737424257
2_546,0.46022949719707046
2_547,0.46067477095485193
2_548,0.4514091222763363
2_549,0.39537793372297597
2_550,0.337807552242337
2_551,0.28096287750582766
2_552,0.22544270842395678
2_553,0.16775775089778705
2_554,0.11276304904339672
2_555,0.10663801957151872
2_556,0.10114281720724312
2_557,0.11164820696327499
2_558,0.10119527883204621
2_559,0.08992268091190102
2_560,0.09208839467672306
2_561,0.15404511869876475
2_562,0.20973972812594585
2_563,0.2102322217629719
2_564,0.20943283806725022
2_565,0.21273572887824227
2_566,0.21504000937901332
2_567,0.27337431336260737
2_568,0.3300382977215548
2_569,0.32902549718738733
2_570,0.33517628838804636
2_571,0.34403941297160157
2_572,0.3457643026515452
2_573,0.3518200857158175
2_574,0.35564268468766386
2_575,0.3548461623560224
2_576,0.29439642840313496
2_577,0.24259563845798338
2_578,0.24521717669445742
2_579,0.24376833064054165
2_580,0.24169323040369084
2_581,0.2349034533596151
2_582,0.1757249604462876
2_583,0.12039816327682586
2_584,0.12437327848708785
2_585,0.11967271618563038
2_586,0.11100550044408349
2_587,0.1062857019050242
2_588,0.1184496243780097
2_589,0.12837286279943103
2_590,0.13755922651184185
2_591,0.15068063780736074
2_592,0.20628364075079808
2_593,0.2589510890028032
2_594,0.3160212790851851
2_595,0.3722960886611305
2_596,0.38097038642442294
2_597,0.4392864500101504
2_598,0.4959068290880811
2_599,0.505248508621851
2_600,0.5125369389313641
2_601,0.5157623676368963
2_602,0.5136020155066039
2_603,0.5006267741799432
2_604,0.49115457971421556
2_605,0.4828706242373549
2_606,0.4745206703783407
2_607,0.41763352139453386
2_608,0.3657788192541424
2_609,0.36487692500521046
2_610,0.3461013225043525
2_611,0.39497833842669927
2_612,0.3471569636818042
2_613,0.29159868472829786
2_614,0.3351409256990771
2_615,0.3810507877387843
2_616,0.3809749068852647
2_617,0.43669982638285737
2_618,0.48840949824279284
2_619,0.4946953414912302
2_620,0.5075246073128662
2_621,0.5157235097760485
2_622,0.5710880092934577
2_623,0.6233184942974148
2_624,0.5679290546773391
2_625,0.5357928408629937
2_626,0.49194367807164274
2_627,0.48343221649213786
2_628,0.48589442900102603
2_629,0.4310519276392044
2_630,0.38599327731661365
2_631,0.389941771213694
2_632,0.34287105918328276
2_633,0.2925728149519559
2_634,0.29358811792138806
2_635,0.29508864590607614
2_636,0.29714478263075444
2_637,0.24260823432906836
2_638,0.18698285133074588
2_639,0.18758232388132706
2_640,0.1799126236625422
2_641,0.17769560121288422
2_642,0.23338949556277258
2_643,0.28573557943550565
2_644,0.28762891275028657
2_645,0.27611075325606244
2_646,0.2704763033570623
2_647,0.27198169444318115
2_648,0.2746661119011478
2_649,0.3220716000383117
2_650,0.34699350237979826
2_651,0.3891278865791616
2_652,0.38500331563714546
2_653,0.3886575327805515
2_654,0.39125313973527626
2_655,0.38866937751890934
2_656,0.38076030468772615
2_657,0.32281925199196987
2_658,0.27945717113677243
2_659,0.28735809791792677
2_660,0.28816715730082254
2_661,0.34299350466190226
2_662,0.38694735231936495
2_663,0.437278929191381
2_664,0.4350398179528921
2_665,0.39543208221201964
2_666,0.34093775452869113
2_667,0.3476849875682773
2_668,0.4019144142713358
2_669,0.45451771441093514
2_670,0.460675106371378
2_671,0.46324312759943015
2_672,0.4611568910229522
2_673,0.4428128615638197
2_674,0.43695615061594495
2_675,0.4461165307687706
2_676,0.38421693359932524
2_677,0.325612290573849
2_678,0.2735746082975163
2_679,0.22443098167240855
2_680,0.225583725346522
2_681,0.2260514211426856
2_682,0.2802230371674923
2_683,0.2792822303697128
2_684,0.22677935824830261
2_685,0.282241590397111
2_686,0.3360033487658136
2_687,0.3353466484427638
2_688,0.33789345948074523
2_689,0.32860413286361506
2_690,0.31939889169965424
2_691,0.32057483363852823
2_692,0.32753021842375385
2_693,0.3273507573138004
2_694,0.31815424015836824
2_695,0.3146912963683225
2_696,0.3095746743203907
2_697,0.3094896593814454
2_698,0.30932018754180163
2_699,0.3069603318812446
2_700,0.25867189229413295
2_701,0.211024047558393
2_702,0.22155789490824557
2_703,0.23535805358020034
2_704,0.25004997678608487
2_705,0.25379184774016855
2_706,0.25854636175903134
2_707,0.2574433904119101
2_708,0.25211798317270573
2_709,0.25366348944914546
2_710,0.25703666592721014
2_711,0.26188994385313313
2_712,0.20349950489269525
2_713,0.14857392251625906
2_714,0.1504593241790545
2_715,0.14881779036056844
2_716,0.16011243246038642
2_717,0.17280686752949181
2_718,0.1773056883961889
2_719,0.18226105158467126
2_720,0.19648042441180555
2_721,0.212123848082968
2_722,0.23109085455212305
2_723,0.24791437138515485
2_724,0.26488926647977645
2_725,0.2886060450866499
2_726,0.31959677687216365
2_727,0.3361837083317691
2_728,0.35148457535332567
2_729,0.35976579706571454
2_730,0.36651462143869895
2_731,0.36077939731010034
2_732,0.3631912445348459
2_733,0.3724101151210798
2_734,0.412974093966181
2_735,0.4548881926832706
2_736,0.4529597046754338
2_737,0.4410205219620557
2_738,0.4383955498283491
2_739,0.4796891811039958
2_740,0.5114906740774195
2_741,0.4826517280114146
2_742,0.4692433244173152
2_743,0.5096332747865304
2_744,0.5543281013945041
2_745,0.5476891691515973
2_746,0.5512764633583941
2_747,0.5303825038725685
2_748,0.506285885444669
2_749,0.4567089334139134
2_750,0.4573552304702632
2_751,0.49736260854575093
2_752,0.5058374436788123
2_753,0.5134605090831506
2_754,0.4679880615214181
2_755,0.41507131443354156
2_756,0.4092822854330161
2_757,0.4046021089618209
2_758,0.3542947043879346
2_759,0.3074884321897138
2_760,0.3011230960244905
2_761,0.2839414779049557
2_762,0.27958689464930164
2_763,0.2849267715752636
2_764,0.336387285020514
2_765,0.3355144598075826
2_766,0.33745336358522704
2_767,0.3770221573446946
2_768,0.35371000675884934
2_769,0.34411197807482946
2_770,0.3464441937150094
2_771,0.3550681336855842
2_772,0.3632035318030296
2_773,0.3627252938327615
2_774,0.3573781759127918
2_775,0.3610398905288527
2_776,0.35973003641778095
2_777,0.3597177578746281
2_778,0.353741950172546
2_779,0.35254556993262104
2_780,0.35255520751139474
2_781,0.30019012675859474
2_782,0.2451969239173494
2_783,0.24024968618718198
2_784,0.24069072746229953
2_785,0.23927422183591285
2_786,0.23326442010410983
2_787,0.22874558959249183
2_788,0.22253010112709604
2_789,0.2180263739916845
2_790,0.27114222404986044
2_791,0.3278772184164467
2_792,0.3405528126044642
2_793,0.3430012260647128
2_794,0.2907008932063881
2_795,0.23050795922694578
2_796,0.23270784449087958
2_797,0.2451537340987546
2_798,0.25308295892296256
2_799,0.3078178728664539
2_800,0.3594881039421393
2_801,0.36299907996021663
2_802,0.3572807072779145
2_803,0.35335149064175225
2_804,0.3513100350328889
2_805,0.3031821611695431
2_806,0.2626910313444673
2_807,0.2700623130370011
2_808,0.2701124157975846
2_809,0.262442810376646
2_810,0.2714060685502827
2_811,0.27573146196434284
2_812,0.25905608821235165
2_813,0.2579430878321254
2_814,0.1958970033627706
2_815,0.13717875743021166
2_816,0.13231112985526988
2_817,0.1373210544318081
2_818,0.1987321141965035
2_819,0.2570860073740914
2_820,0.24217401175082756
2_821,0.22194515623045818
2_822,0.20130564294834677
2_823,0.20604365041660613
2_824,0.21716737778870493
2_825,0.2699332441790293
2_826,0.3145394039933462
2_827,0.3745248371223501
2_828,0.42961404178055496
2_829,0.433813881001198
2_830,0.4317655312592253
2_831,0.433234088402789
2_832,0.43199993270668646
2_833,0.3752120925564682
2_834,0.31937558105086145
2_835,0.32005485525625443
2_836,0.3245758587267273
2_837,0.3281981730723405
2_838,0.32312741243002535
2_839,0.31000598949093294
2_840,0.24775017666724178
2_841,0.19367082542775946
2_842,0.15105816300337266
2_843,0.10395822564376535
2_844,0.10649016716001079
2_845,0.11147336480799153
2_846,0.16843902045212567
2_847,0.22472093141226007
2_848,0.23119976187258554
2_849,0.22756933905739068
2_850,0.2277383493664236
2_851,0.23519425084227702
2_852,0.24073998090402837
2_853,0.24402615860123988
2_854,0.26349544932498514
2_855,0.2682911080372404
2_856,0.26121703219956693
2_857,0.24088983814603862
2_858,0.23463213985056033
2_859,0.23023805309738485
2_860,0.2418851616976425
2_861,0.19634850546963825
2_862,0.19897549172993226
2_863,0.2459962316184651
2_864,0.3073976794200528
2_865,0.3681421004244906
2_866,0.36410091694104985
2_867,0.35820544858059933
2_868,0.3502348052421518
2_869,0.34826841803532405
2_870,0.357685635472557
2_871,0.3642351348760205
2_872,0.36364829759418993
2_873,0.3582257842165673
2_874,0.3577199311067506
2_875,0.3420020486901146
2_876,0.3259564643077989
2_877,0.26302915072358984
2_878,0.20346959108954144
2_879,0.14165484597189834
2_880,0.14408198921284135
2_881,0.19755482168058414
2_882,0.19567357633219504
2_883,0.2080358819679327
2_884,0.2054709261855634
2_885,0.19162121796059584
2_886,0.24816150817030963
2_887,0.3099175291396107
2_888,0.3708826590764861
2_889,0.4303218462442101
2_890,0.4405619428178021
2_891,0.45180417920328597
2_892,0.4549147864885566
2_893,0.4568457491453896
2_894,0.47005646439393606
2_895,0.41900244500084255
2_896,0.36698232417632237
2_897,0.3712886480368056
2_898,0.3746927560286451
2_899,0.3772564354156544
2_900,0.39441262152597806
2_901,0.34389024413137637
2_902,0.29181496870958884
2_903,0.23795008342600815
2_904,0.18494806420800727
2_905,0.1821073152613394
2_906,0.23171732588870772
2_907,0.2893076746320959
2_908,0.29797232771007776
2_909,0.2867362806392174
2_910,0.2757501460028094
2_911,0.2720226555902188
2_912,0.26822055961804053
2_913,0.3112439816002777
2_914,0.35320408636557504
2_915,0.34798628412539434
2_916,0.39627560199939965
2_917,0.4471157808712098
2_918,0.44467968056799284
2_919,0.4416138807147998
2_920,0.4392060437884321
2_921,0.39249112757730653
2_922,0.33497131561203897
2_923,0.32975844159626766
2_924,0.3322546849593361
2_925,0.33093749644839104
2_926,0.33355816506037644
2_927,0.3369321271619122
2_928,0.29106561168819156
2_929,0.24545568903612108
2_930,0.23328458656693724
2_931,0.17317489501235034
2_932,0.12338767017674183
2_933,0.13650979024227447
2_934,0.19406901973422297
2_935,0.24891024971119582
2_936,0.23889395930356902
2_937,0.25214491799885536
2_938,0.2558943163967489
2_939,0.2512369575965552
2_940,0.26307225450794575
2_941,0.2714861563497915
2_942,0.2813547980015266
2_943,0.281147903233186
2_944,0.2734743944016069
2_945,0.2871812396003757
2_946,0.29964670046072944
2_947,0.31082333971758125
2_948,0.30484496955008195
2_949,0.3051388211100561
2_950,0.3050749018945374
2_951,0.3118041193930117
2_952,0.30388979600995447
2_953,0.3569646930589524
2_954,0.4191118089515514
2_955,0.4689613985333798
2_956,0.5117737727857223
2_957,0.5033969178874176
2_958,0.5007926168781827
2_959,0.5062918322496517
2_960,0.5064392338901935
2_961,0.5086349078819586
2_962,0.4886796635499999
2_963,0.4757624682121314
2_964,0.41308784691910255
2_965,0.3596476161942438
2_966,0.3565599024503197
2_967,0.3596276251143349
2_968,0.3132323319589688
2_969,0.25893810874469647
2_970,0.19964060883120924
2_971,0.15471776887483496
2_972,0.17011886044720417
2_973,0.1625474236652696
2_974,0.1555561855551917
2_975,0.148014286394322
2_976,0.1340179288097502
2_977,0.13389584806170698
2_978,0.13997672598757782
2_979,0.1490690708911014
2_980,0.14294680772798105
2_981,0.14380818075053245
2_982,0.1464618258178253
2_983,0.14196681940967235
2_984,0.13448148582793426
2_985,0.1448155687281746
2_986,0.14908772348652127
2_987,0.14846293389421186
2_988,0.1581492512604196
2_989,0.16371930186811276
2_990,0.17441252016250855
2_991,0.1895329962764224
2_992,0.19809374000557073
2_993,0.21075432056692714
2_994,0.21085574271250992
2_995,0.219729053975773
2_996,0.2720059834551872
2_997,0.3182701335312086
2_998,0.3071665869776091
2_999,0.3090433185161507
2_1000,0.2975289347949099
2_1001,0.28586059348279597
2_1002,0.2705454684376884
2_1003,0.2667433575479645
2_1004,0.26883340049976395
2_1005,0.2654316640879274
2_1006,0.2626427862449045
2_1007,0.25466420619773544
2_1008,0.23597699543206133
2_1009,0.22740074928850645
2_1010,0.21846620638568703
2_1011,0.164889885720185
2_1012,0.1252863179723592
2_1013,0.13720248818631842
2_1014,0.13641271573819624
2_1015,0.1357645928662819
2_1016,0.19199110793102728
2_1017,0.24506167689916047
2_1018,0.2557150361228965
2_1019,0.30581819941484256
2_1020,0.35208996291788563
2_1021,0.40175844076559064
2_1022,0.46007547021150935
2_1023,0.45889583671772005
2_1024,0.45773289732688127
2_1025,0.4584725030900154
2_1026,0.45583208406086684
2_1027,0.43948403622711874
2_1028,0.4285210637528622
2_1029,0.42963395020790357
2_1030,0.4404998382594129
2_1031,0.37967461001978575
2_1032,0.38231429894443136
2_1033,0.42162524300258686
2_1034,0.3667635796649684
2_1035,0.3057755005364221
2_1036,0.2512733534636885
2_1037,0.20519932476128364
2_1038,0.2101644528385755
2_1039,0.21667598232669683
2_1040,0.27696032446372965
2_1041,0.3327901788403606
2_1042,0.33336906746013273
2_1043,0.3371705531256003
2_1044,0.3358026824475894
2_1045,0.32898540232531004
2_1046,0.3857105456505789
2_1047,0.3849834117885874
2_1048,0.32511264281618735
2_1049,0.32886685768290363
2_1050,0.39114060065778716
2_1051,0.4427436342757673
2_1052,0.44241017824893625
2_1053,0.4389174447334341
2_1054,0.43904352085837395
2_1055,0.38354043787587677
2_1056,0.3243844636192533
2_1057,0.3285160521104858
2_1058,0.3322902567918754
2_1059,0.3932772882454851
2_1060,0.44933783599990557
2_1061,0.39861039962663486
2_1062,0.34501979569922114
2_1063,0.4058775777338191
2_1064,0.4538820156605177
2_1065,0.42718968275383
2_1066,0.38775459786619976
2_1067,0.4353665424481582
2_1068,0.4947547640774776
2_1069,0.5467158554662083
2_1070,0.595488699666135
2_1071,0.6552396747730126
2_1072,0.6860995601142346
2_1073,0.7180102979031082
2_1074,0.6909938165452524
2_1075,0.6687010819673695
2_1076,0.6992784977801552
2_1077,0.7284511788967745
2_1078,0.6727527309134108
2_1079,0.6236824832694494
2_1080,0.6009988914026948
2_1081,0.5969727965365322
2_1082,0.5466856264638242
2_1083,0.5153070039039869
2_1084,0.49143058928458944
2_1085,0.4769843615036236
2_1086,0.4395626956254855
2_1087,0.4308254328274438
2_1088,0.41637216706721
2_1089,0.4060683128916061
2_1090,0.38261481205807285
2_1091,0.3528829997843318
2_1092,0.3280447650959065
2_1093,0.34101702187032834
2_1094,0.3438595117335991
2_1095,0.3495866500440666
2_1096,0.3635357552966903
2_1097,0.36883841357623337
2_1098,0.34585399886553225
2_1099,0.31579822536076346
2_1100,0.28522429855598685
2_1101,0.2718844172837423
2_1102,0.2452421954515988
2_1103,0.22673658710046948
2_1104,0.2039304044413929
2_1105,0.19120944126148834
2_1106,0.24375525192886952
2_1107,0.2914965821239613
2_1108,0.28498250651693663
2_1109,0.28612877957447863
2_1110,0.2823270597060677
2_1111,0.263650169315496
2_1112,0.25878273257726964
2_1113,0.2598991279893664
2_1114,0.2627058863321008
2_1115,0.2675545691711657
2_1116,0.27410326992010475
2_1117,0.2782630938797698
2_1118,0.2786221197913402
2_1119,0.2785338806290369
2_1120,0.28416390931793
2_1121,0.2293901774370703
2_1122,0.17320082856226354
2_1123,0.16561636171034158
2_1124,0.15860707970830418
2_1125,0.1583097184806882
2_1126,0.16149518833176552
2_1127,0.15118122427942862
2_1128,0.14659134498336918
2_1129,0.14159619329387438
2_1130,0.18740779996997686
2_1131,0.229789343597135
2_1132,0.24429916465264082
2_1133,0.2971406435171263
2_1134,0.35664346103680294
2_1135,0.3501738193837742
2_1136,0.34388328481053165
2_1137,0.34795254319145186
2_1138,0.36503962263965434
2_1139,0.4204461324667596
2_1140,0.46755542616013007
2_1141,0.4532892750772283
2_1142,0.4535970297667652
2_1143,0.4591117108614764
2_1144,0.4744804827222523
2_1145,0.421652341687299
2_1146,0.3678569143044946
2_1147,0.34673772639488515
2_1148,0.28874474515042553
2_1149,0.2298978223443623
2_1150,0.2313768446780368
2_1151,0.23539929766096745
2_1152,0.2901191469554433
2_1153,0.3284584573690974
2_1154,0.27687790475600216
2_1155,0.2204317001489579
2_1156,0.2204761243558902
2_1157,0.22023596561227746
2_1158,0.2137233325901459
2_1159,0.25782726578193943
2_1160,0.3113198625039683
2_1161,0.31871756695953535
2_1162,0.33014561327157943
2_1163,0.3887478259928321
2_1164,0.4474315363343504
2_1165,0.4497531708166252
2_1166,0.45463316716219787
2_1167,0.4024697112465746
2_1168,0.34780452696326936
2_1169,0.39828709582949795
2_1170,0.4343974056582741
2_1171,0.4938657541266583
2_1172,0.49934690455129105
2_1173,0.505898252486568
2_1174,0.46187079832458483
2_1175,0.4089509723970643
2_1176,0.39688187244261125
2_1177,0.39573029824576633
2_1178,0.34332162412535006
2_1179,0.2827186165961914
2_1180,0.2859182071373842
2_1181,0.28444952013681857
2_1182,0.2819550892035462
2_1183,0.2842064910278449
2_1184,0.2227033669421189
2_1185,0.1871524323731483
2_1186,0.1459492372266204
2_1187,0.19952980895825193
2_1188,0.2520357348498676
2_1189,0.2463344135407669
2_1190,0.24573749442840434
2_1191,0.2517037124610559
2_1192,0.24455487268644532
2_1193,0.24136588930063477
2_1194,0.2405376288864909
2_1195,0.2935107755180805
2_1196,0.3458963932892653
2_1197,0.3531281269757775
2_1198,0.3594045748524485
2_1199,0.36219872156885774
2_1200,0.4182764831541513
2_1201,0.4588300116910144
2_1202,0.397707468364323
2_1203,0.33804944864354025
2_1204,0.23231664583956826
2_1205,0.23231664583956826
2_1206,0.23231664583956826
2_1207,0.23231664583956826
2_1208,0.23231664583956826
2_1209,0.23231664583956826
2_1210,0.23231664583956826
3_173,0.22855098247907266
3_174,0.22855098247907266
3_175,0.22855098247907266
3_176,0.22855098247907266
3_177,0.22855098247907266
3_178,0.22855098247907266
3_179,0.22855098247907266
3_180,0.22855098247907266
3_181,0.24269357789180765
3_182,0.19530907102528927
3_183,0.14516124283771661
3_184,0.145831371326518
3_185,0.15271219306893577
3_186,0.15684038785546647
3_187,0.16236375775212475
3_188,0.18296265366071698
3_189,0.24062197770965776
3_190,0.27998114238900035
3_191,0.3393833682438485
3_192,0.33775014625322974
3_193,0.3826821712803797
3_194,0.44154876444163543
3_195,0.44242454551595434
3_196,0.4417005577175474
3_197,0.4369899672637085
3_198,0.4357843394709285
3_200,0.442247562021424
3_201,0.4450811715525345
3_202,0.443431557650016
3_203,0.4949585549255541
3_204,0.5353457758051026
3_205,0.49414999808638094
3_206,0.46053720296926304
3_207,0.40706985946389845
3_208,0.4006475987294985
3_209,0.3574595943991721
3_210,0.3159101496566104
3_211,0.32995007445028707
3_212,0.32327325107564936
3_213,0.3213830769419489
3_214,0.31299007421360964
3_215,0.2899512691599518
3_216,0.33382123053487167
3_217,0.38451119432431924
3_218,0.3225765138296731
3_219,0.2707315167085383
3_220,0.27197408588552857
3_221,0.2794765782560985
3_222,0.271930348700331
3_223,0.27546540876424247
3_224,0.2739151564735586
3_225,0.26928699297013053
3_226,0.25217791463871203
3_227,0.24679769208599253
3_228,0.24249451379016243
3_229,0.2499658976480704
3_230,0.26251356913036045
3_231,0.20148051505866216
3_232,0.14047594512267425
3_233,0.14581670233693886
3_234,0.14241294112361572
3_235,0.1269876863994658
3_236,0.12065802652464036
3_237,0.1286888487324027
3_238,0.1305616074273301
3_239,0.11713738302498737
3_240,0.10757682211361135
3_241,0.11252478926637652
3_242,0.11165847485956149
3_243,0.11044511386383533
3_244,0.10642720226253356
3_245,0.11292645470756581
3_246,0.13474792431699967
3_247,0.14484940428855111
3_248,0.14615692377270112
3_249,0.1477842801017787
3_250,0.1429292971841238
3_251,0.1447731914802014
3_252,0.15910029035536527
3_253,0.16305210840830212
3_254,0.16909851905140297
3_255,0.17244557778241562
3_256,0.17464967596276856
3_257,0.1822077919496606
3_258,0.2397979026937514
3_259,0.29705816397169826
3_260,0.28016725961485606
3_261,0.274375067483082
3_262,0.27973956200950767
3_263,0.27968483095622393
3_264,0.2743369490221624
3_265,0.2748016981711324
3_266,0.2742318830070702
3_267,0.2631941168323417
3_268,0.25788066340694077
3_269,0.26847901001627034
3_270,0.27944432069575625
3_271,0.28721969683757875
3_272,0.283688093638107
3_273,0.23757032591018742
3_274,0.18869481638150745
3_275,0.20638174004698123
3_276,0.21479034968777397
3_277,0.21324605699666305
3_278,0.220980688894011
3_279,0.23720222338065383
3_280,0.23912219947110572
3_281,0.23860235498314203
3_282,0.22994640181100345
3_283,0.23080787261510696
3_284,0.22700496860474598
3_285,0.22318974630990018
3_286,0.21463959873892416
3_287,0.21638703865787504
3_288,0.2156337777156767
3_289,0.22736470718039642
3_290,0.2687953844396686
3_291,0.3060536349202008
3_292,0.30669652969962985
3_293,0.3249203211713586
3_294,0.3177641671213417
3_295,0.33408794559865856
3_296,0.33324356932324295
3_297,0.3376295030898468
3_298,0.3436609056365283
3_299,0.3519260560542929
3_300,0.35669529110416326
3_301,0.36548807709777514
3_302,0.3825521843621027
3_303,0.3832017306953669
3_304,0.36817093922139926
3_305,0.3276624040930577
3_306,0.28406097290310306
3_307,0.2940745521107513
3_308,0.2875413021150559
3_309,0.29599314964480233
3_310,0.29161859118381905
3_311,0.2932601065913427
3_312,0.2980992523836527
3_313,0.29613298879883426
3_314,0.28029138230373635
3_315,0.27605539287941244
3_316,0.2852376274018325
3_317,0.27761461955891725
3_318,0.26785841429461615
3_319,0.2741089114656862
3_320,0.2700790066383116
3_321,0.2588447823890124
3_322,0.26138274416861457
3_323,0.25414372826476345
3_324,0.29387401411485853
3_325,0.34052746388396266
3_326,0.34380955030277804
3_327,0.3470010750105406
3_328,0.3505800983639869
3_329,0.3679993258412786
3_330,0.380005084346424
3_331,0.3813355309537412
3_332,0.3792193891081978
3_333,0.3801889253263772
3_334,0.37392994422299136
3_335,0.3656393428486512
3_336,0.35930876685580254
3_337,0.3437322880636344
3_338,0.33672331155884294
3_339,0.27768854069767823
3_340,0.21677089174930947
3_341,0.2642916438059195
3_342,0.30890933943836424
3_343,0.31208102593898
3_344,0.30184785971316364
3_345,0.2834264528245224
3_346,0.27358427607009
3_347,0.2737135866869177
3_348,0.2785656427306743
3_349,0.2746278200056542
3_350,0.27197590813940065
3_351,0.28035096087855893
3_352,0.27387467679351557
3_353,0.26449894045358996
3_354,0.26420528241291896
3_355,0.27590173310316596
3_356,0.22778980361928372
3_357,0.16829731579411825
3_358,0.20970141624827346
3_359,0.2546371599741583
3_360,0.25809243431045537
3_361,0.25516910419120875
3_362,0.24280659438323252
3_363,0.23307709910307883
3_364,0.23106284033186011
3_365,0.22895585725564913
3_366,0.22138595893521706
3_367,0.21726441636772975
3_368,0.22580102003509903
3_369,0.24742251377324795
3_370,0.24388919103212123
3_371,0.232838321424662
3_372,0.23428597824770944
3_373,0.17540217575724867
3_374,0.11686272782845619
3_375,0.10523247486967337
3_376,0.099643859645203
3_377,0.106904213184706
3_378,0.11345820100652375
3_379,0.17024890078319768
3_380,0.22748103224481878
3_381,0.22897775521529082
3_382,0.230979193308753
3_383,0.22389813600971709
3_384,0.21938397878057095
3_385,0.22864653002053667
3_386,0.2365988177242529
3_387,0.2457013439793907
3_388,0.24709653434936413
3_389,0.2512169862968878
3_390,0.2605811673633035
3_391,0.2654433389721123
3_392,0.2683098049889607
3_393,0.2859780307454025
3_394,0.24540550817002887
3_395,0.20016590112256533
3_396,0.21213418735723083
3_397,0.2251915587322563
3_398,0.2392177213994097
3_399,0.23088543910837994
3_400,0.22219767264826473
3_401,0.22163598950190308
3_402,0.2245247598700147
3_403,0.23695818886453604
3_404,0.2555226834264114
3_405,0.2669519529162178
3_406,0.2657374873809435
3_407,0.2654833097309607
3_408,0.25167247649665997
3_409,0.24566797437838003
3_410,0.23859444670197744
3_411,0.22277263964160016
3_412,0.20883859486668127
3_413,0.192858117799553
3_414,0.18798865150742916
3_415,0.18234563079541333
3_416,0.18013927641393152
3_417,0.22800149403805559
3_418,0.27393048442445955
3_419,0.2514247328751135
3_420,0.24109816069812726
3_421,0.24409169679793316
3_422,0.24578930987554626
3_423,0.26787594812545074
3_424,0.2692131170198905
3_425,0.32140793125202943
3_426,0.36194842709667874
3_427,0.4218301079733158
3_428,0.4388426724137388
3_429,0.44278085591863553
3_430,0.43832216760225695
3_431,0.4434497864489258
3_432,0.393322600640594
3_433,0.33165429146712916
3_434,0.3303809545581001
3_435,0.3291253846574517
3_436,0.3256649375751706
3_437,0.37362501934928716
3_438,0.40280187929129835
3_439,0.3878252320517632
3_440,0.33231810298970405
3_441,0.2939529468879719
3_442,0.238910001567343
3_443,0.22211709222417125
3_444,0.21946068312524789
3_445,0.23063688280516625
3_446,0.22360685900401486
3_447,0.27190385413260415
3_448,0.33337512624864907
3_449,0.34014663603296685
3_450,0.3346952293991246
3_451,0.38358498610644554
3_452,0.3837054092256127
3_453,0.3367331895464682
3_454,0.3457494975291737
3_455,0.3465604785573888
3_456,0.3525721968760074
3_457,0.34656341651134787
3_458,0.3504994450861697
3_459,0.34757544167487897
3_460,0.3433054351806796
3_461,0.3404030498032727
3_462,0.3411214339024807
3_463,0.34081213876545813
3_464,0.340047280294103
3_465,0.3511353183141349
3_466,0.3093517406053003
3_467,0.2625128394789698
3_468,0.2686958376909078
3_469,0.2704656558764961
3_470,0.277874818517878
3_471,0.29357022988058007
3_472,0.29827282877950684
3_473,0.2945530728796874
3_474,0.2913022413879258
3_475,0.2900320272224255
3_476,0.30103004800581734
3_477,0.24892607192476968
3_478,0.18752676213031166
3_479,0.1906635873155672
3_480,0.18736585836481243
3_481,0.22951911024677996
3_482,0.2763486432432397
3_483,0.2723296727642828
3_484,0.2854519073308431
3_485,0.2919107152478952
3_486,0.2757221236885453
3_487,0.2755387223575213
3_488,0.28127868236432757
3_489,0.28137819824170773
3_490,0.2764251272256089
3_491,0.2627179035790207
3_492,0.2624031601452958
3_493,0.2695869078426829
3_494,0.2600968728717573
3_495,0.26020258067691376
3_496,0.21251623131938663
3_497,0.15320928102572245
3_498,0.14269578046174958
3_499,0.12532747348053866
3_500,0.10618098678737065
3_501,0.11028660329004204
3_502,0.10801608749031442
3_503,0.10760836974487534
3_504,0.10691922470246093
3_505,0.10615323624801755
3_506,0.10779391268491428
3_507,0.10146981560999557
3_508,0.1555497405493408
3_509,0.21559927573815868
3_510,0.20487168016956744
3_511,0.2526223542997059
3_512,0.2910500409920601
3_513,0.3455741596061705
3_514,0.351916065500921
3_515,0.35609809912448664
3_516,0.3460652074949989
3_517,0.3436697121229488
3_518,0.33717585552385826
3_519,0.340646400500304
3_520,0.34267281594270077
3_521,0.35263739804026695
3_522,0.362212483290988
3_523,0.3028571702329714
3_524,0.2497429257646548
3_525,0.2571138716866211
3_526,0.2015321791759056
3_527,0.2212038271055453
3_528,0.2212724625718709
3_529,0.22009078308901733
3_530,0.2302190852075242
3_531,0.2463944796980025
3_532,0.26370329172304036
3_533,0.2727589014384754
3_534,0.28203576514446466
3_535,0.2953532055934392
3_536,0.2856139317286657
3_537,0.2805937185199497
3_538,0.28879610386578114
3_539,0.2829467564162431
3_540,0.28340244210960935
3_541,0.29999717658539893
3_542,0.2617487422629556
3_543,0.20953649293338145
3_544,0.20618024717291022
3_545,0.213274568175959
3_546,0.20709694555647218
3_547,0.1922198219100563
3_548,0.18461039869563134
3_549,0.17380794746916747
3_550,0.15934669990167108
3_551,0.1609809978487492
3_552,0.1564481911613154
3_553,0.14933777300438525
3_554,0.151208713732727
3_555,0.14171575260559552
3_556,0.13139967871511965
3_557,0.17109951119627154
3_558,0.22302327667680677
3_559,0.22311784203939442
3_560,0.20231444708019766
3_561,0.201601161327582
3_562,0.20961903408852617
3_563,0.26888741080398193
3_564,0.33011236995498167
3_565,0.34192243270714007
3_566,0.3573038646687037
3_567,0.3797614913091394
3_568,0.3957606937480629
3_569,0.40131105930370853
3_570,0.41101054509128676
3_571,0.40953285671362455
3_572,0.3552606900308909
3_573,0.2992727961578756
3_574,0.3136421558238169
3_575,0.3421831065180167
3_576,0.3623324352262538
3_577,0.37973438010652216
3_578,0.3496469335922913
3_579,0.31587873598519983
3_580,0.3273223945297878
3_581,0.3385001032949854
3_582,0.3406379495770839
3_583,0.3508111210484078
3_584,0.37272589164237274
3_585,0.3947030722915303
3_586,0.42102142302545803
3_587,0.4385702099131146
3_588,0.4609869436901311
3_589,0.47121999079753274
3_590,0.47014522924012847
3_591,0.45802025705804894
3_592,0.4578067180035109
3_593,0.462772842904661
3_594,0.46635163475287367
3_595,0.4675556128736817
3_596,0.46173517484642884
3_597,0.46088715826026255
3_598,0.4495992678987898
3_599,0.44364570128038683
3_600,0.44395239615914317
3_601,0.4463268496239777
3_602,0.4842476572746085
3_603,0.5034063939259882
3_604,0.5324565109428218
3_605,0.5438734296975737
3_606,0.5538050739076733
3_607,0.5731336710648546
3_608,0.5703666902957487
3_609,0.5730973714027546
3_610,0.5938089641998552
3_611,0.6097492057545317
3_612,0.6191400657848246
3_613,0.6364613275425963
3_614,0.6393671178731579
3_615,0.6430179615200194
3_616,0.6657907821242982
3_617,0.6460204639260393
3_618,0.6601983381355436
3_619,0.61877492197836
3_620,0.5954067117059083
3_621,0.5676872490824335
3_622,0.5249764707854179
3_623,0.4968924523192212
3_624,0.47247324823904147
3_625,0.44809142143474195
3_626,0.4198591655055443
3_627,0.38595372206271716
3_628,0.3608977992244812
3_629,0.3527983944001432
3_630,0.3249788346955265
3_631,0.2689839401769525
3_632,0.22998704398708059
3_633,0.23190337264355215
3_634,0.27115002357074114
3_635,0.25689183958499473
3_636,0.2569232691407536
3_637,0.2638720364811803
3_638,0.2727913862210574
3_639,0.26396483772840323
3_640,0.30352076018123697
3_641,0.35312232666189364
3_642,0.35535371176458214
3_643,0.3613089704034071
3_644,0.36129838844478745
3_645,0.41301679781740486
3_646,0.4489753546361522
3_647,0.5069106734997729
3_648,0.45164545774863796
3_649,0.39884428540055705
3_650,0.39856337654861573
3_651,0.4110939487783626
3_652,0.42048191145505326
3_653,0.41541554698354977
3_654,0.41904286923849227
3_655,0.36974216200609916
3_656,0.33060917182048055
3_657,0.3352963464889358
3_658,0.3279177514958081
3_659,0.3313521128090372
3_660,0.29019923762668076
3_661,0.2585346059550502
3_662,0.19988584989138264
3_663,0.19507455891722006
3_664,0.19529388791596666
3_665,0.2053537614952534
3_666,0.19599922454328322
3_667,0.17596364311574827
3_668,0.16879167676739534
3_669,0.1685174736397562
3_670,0.17069691749817684
3_671,0.16556090805247423
3_672,0.18252984260849978
3_673,0.1839556465214893
3_674,0.16439440049363527
3_675,0.14652769158002246
3_676,0.13871762029712215
3_677,0.14779057946591473
3_678,0.15752964219588997
3_679,0.15286376020630954
3_680,0.14121646545022956
3_681,0.14957888597027866
3_682,0.1615147761925768
3_683,0.22136116828047675
3_684,0.2769510664732137
3_685,0.26996977037094716
3_686,0.2630632815004238
3_687,0.24028344488068196
3_688,0.29229284830314206
3_689,0.34918272402111866
3_690,0.357052666264214
3_691,0.3571288096926958
3_692,0.35648519826120134
3_693,0.40410795625806517
3_694,0.4620027266405431
3_695,0.47470129889517815
3_696,0.4636212757259283
3_697,0.45314398299920955
3_698,0.3926036359977676
3_699,0.3327163434024193
3_700,0.3381129945229236
3_701,0.33971475612497887
3_702,0.3402098683656626
3_703,0.3396974938829319
3_704,0.33796611246611585
3_705,0.34240851775329234
3_706,0.4016097928945262
3_707,0.4518469721131067
3_708,0.45333517585797634
3_709,0.45335123572930985
3_710,0.44238740253532866
3_711,0.50204918197539
3_712,0.5601808283344698
3_713,0.5730164725161816
3_714,0.5766586121988126
3_715,0.5672261945999164
3_716,0.5560869067097902
3_717,0.6146772086962944
3_718,0.614479445711705
3_719,0.5585972689988439
3_720,0.5475125960899188
3_721,0.4906247165880069
3_722,0.4355514028574194
3_723,0.3815192624760169
3_724,0.3211265920163085
3_725,0.32090938726885
3_726,0.2703475292197256
3_727,0.22614282488475113
3_728,0.2721524162958717
3_729,0.32840005631338265
3_730,0.3334244589729926
3_731,0.3929623949651793
3_732,0.3924002818589736
3_733,0.35010345708960244
3_734,0.3654516821656787
3_735,0.37000879541201814
3_736,0.3733327405756838
3_737,0.3753993387628627
3_738,0.3947340663349179
3_739,0.41029148063220616
3_740,0.4085683583635308
3_741,0.3994318147647099
3_742,0.3952047520125888
3_743,0.34795546578720005
3_744,0.28776461634593414
3_745,0.28106630005060446
3_746,0.22349018251599423
3_747,0.1653358409736116
3_748,0.14858150434677944
3_749,0.1389634032044113
3_750,0.15072887183273526
3_751,0.15143928788574573
3_752,0.1501931378517077
3_753,0.14660136724311557
3_754,0.1455054482405842
3_755,0.1554960632218777
3_756,0.16722072681363986
3_757,0.16546940700416232
3_758,0.16545220236931488
3_759,0.1650387940155607
3_760,0.16554450137215787
3_761,0.16956920600831105
3_762,0.17526711487961602
3_763,0.17733345527294445
3_764,0.18724113417938426
3_765,0.18310794783484094
3_766,0.18802181483645553
3_767,0.193649455838489
3_768,0.1770281978780489
3_769,0.22251876673401508
3_770,0.27424731850156064
3_771,0.2789902882125516
3_772,0.2912110742946278
3_773,0.3022608130521506
3_774,0.3130794623656476
3_775,0.31176344268312844
3_776,0.31398674013510447
3_777,0.31394716830051494
3_779,0.31528130106910923
3_780,0.3085080347427169
3_781,0.35503400440684263
3_782,0.40406444638729244
3_783,0.4026676944018062
3_784,0.45676071261188894
3_785,0.4572798426357318
3_786,0.3971157732228783
3_787,0.37952292644038427
3_788,0.37175853914151225
3_789,0.36356665624481493
3_790,0.36056832536908223
3_791,0.3709197468861515
3_792,0.42382340920954625
3_793,0.4764457448910935
3_794,0.491318152873129
3_795,0.4953895294896293
3_796,0.4403793620105113
3_797,0.4391611399871516
3_798,0.4887905182857527
3_799,0.4280398326986639
3_800,0.3673625647674587
3_801,0.36545324125758377
3_802,0.3758212024946248
3_803,0.37119573656762755
3_804,0.371029029444097
3_805,0.3801583799312863
3_806,0.36897090618009104
3_807,0.3164514141411464
3_808,0.27456860593011156
3_809,0.2623739311837425
3_810,0.25698646614419995
3_811,0.2611248578473754
3_812,0.21387350506655503
3_813,0.21427799512982185
3_814,0.2761717425308769
3_815,0.2856697157988656
3_816,0.2956103338387323
3_817,0.28506297941062914
3_819,0.27508042096601437
3_820,0.26721647837619417
3_821,0.2613219235926409
3_822,0.26258523037390735
3_823,0.25459867635993305
3_824,0.23708011439555257
3_825,0.23015475847822783
3_826,0.22045906954995853
3_827,0.21138287142594742
3_829,0.20520585398622274
3_830,0.2029163391910669
3_831,0.20156449864374312
3_832,0.20576672599919227
3_833,0.20431899758441277
3_834,0.21933280072992917
3_835,0.23496733918118812
3_836,0.2361737632583484
3_838,0.23050372641456918
3_839,0.24615017869829187
3_840,0.25977603532742405
3_841,0.2702896707059157
3_842,0.2738465130437207
3_843,0.2757864983558805
3_844,0.2872612782677803
3_846,0.2868181600052295
3_847,0.23683252861600138
3_848,0.17903276493645656
3_849,0.16620833370179414
3_850,0.16318096930293752
3_851,0.1551674682157003
3_852,0.14020902222838175
3_853,0.1325804277294765
3_854,0.127637145623479
3_855,0.17209683088666802
3_856,0.21870308829713753
3_857,0.2101452198007823
3_858,0.20537995742068021
3_859,0.21231849724281215
3_860,0.26117742286750584
3_861,0.3155616664211153
3_862,0.3173305097607295
3_863,0.32577814566889624
3_864,0.32389266138962713
3_865,0.32743157874770584
3_866,0.37956490496542183
3_867,0.44060988109973354
3_868,0.4610189771717853
3_869,0.47474376993043815
3_871,0.4312100591894605
3_872,0.38313111060004285
3_873,0.3897947127744527
3_874,0.4504943099845583
3_875,0.5019948278979134
3_876,0.4479330041979633
3_877,0.4481799169467514
3_878,0.49911619334456
3_879,0.4999570424912274
3_880,0.5106596484582415
3_881,0.5275510003697463
3_882,0.48289617412487756
3_884,0.43860041621261864
3_885,0.42661257333576047
3_886,0.42731245834786186
3_887,0.41630559017236285
3_888,0.4137751016180054
3_889,0.4140466290976024
3_890,0.35917981642863805
3_891,0.30043160193803364
3_893,0.2959043475872963
3_894,0.2539941803400406
3_895,0.19737920697073036
3_896,0.19247998349262468
3_897,0.1902089355921231
3_898,0.17463392357046773
3_899,0.16597467708651856
3_901,0.17470091773118188
3_902,0.1896641225418217
3_903,0.18398669918125923
3_904,0.23747259010987934
3_905,0.2893820118994253
3_906,0.2993327988567626
3_908,0.32277831327540246
3_909,0.3368551215137947
3_910,0.3937294548647086
3_912,0.4353044597244236
3_913,0.4446749169615967
3_914,0.4524775138498437
3_915,0.38121137893146856
3_916,0.38121137893146856
3_917,0.38121137893146856
3_918,0.38121137893146856
3_920,0.38121137893146856
3_921,0.38121137893146856
3_922,0.38121137893146856
4_0,0.38121137893146856
4_1,0.38121137893146856
4_2,0.38121137893146856
4_3,0.38121137893146856
4_4,0.38121137893146856
4_5,0.38121137893146856
4_6,0.38121137893146856
4_7,0.38121137893146856
4_8,0.3935373160926624
4_9,0.39225311870123686
4_10,0.38503907512095864
4_11,0.3917129160156521
4_12,0.34510319059257255
4_13,0.2921692522649628
4_14,0.2902111136440358
4_15,0.29166316673819165
4_16,0.2922244907779349
4_17,0.23730588055089322
4_18,0.18181954567171885
4_19,0.17953516924542032
4_20,0.17236969192159843
4_21,0.16456967865811195
4_22,0.15244444806012042
4_23,0.19996075595426505
4_24,0.25101907118057964
4_25,0.2577107574812065
4_26,0.2511366874692952
4_27,0.29657406075517306
4_28,0.33008297179969476
4_29,0.3856922167066699
4_30,0.38035640957716976
4_31,0.37293585218446695
4_32,0.37047771798286605
4_33,0.3765737084927332
4_34,0.3794242988418489
4_35,0.37466929164797935
4_36,0.3737145261067229
4_37,0.381354285116406
4_38,0.3313810407250059
4_39,0.2812953781490505
4_40,0.27815789943414576
4_41,0.2832982817024072
4_42,0.2347858260018725
4_43,0.2551660807142277
4_44,0.25453936888172696
4_45,0.2605072544175827
4_46,0.2643920230920665
4_47,0.32289362504016866
4_48,0.37507473391618595
4_49,0.3805490441631841
4_50,0.38475263620321853
4_51,0.39005957592696855
4_52,0.38547197859114385
4_53,0.3821536633066404
4_54,0.37404462307863195
4_55,0.36460859010352475
4_56,0.35429887588423914
4_57,0.34421735285545213
4_58,0.3434020629856993
4_59,0.343145820029752
4_60,0.39506265446230837
4_61,0.4514314151395263
4_62,0.39089243666951407
4_63,0.3357601950618297
4_64,0.32961208979479206
4_65,0.3840964422695549
4_66,0.43627467299819866
4_67,0.4342547099502472
4_68,0.4291895814016893
4_69,0.43452900154186397
4_70,0.4527969471291783
4_71,0.4668034978389884
4_72,0.5259434898745092
4_73,0.5242271302665643
4_74,0.4789549011091005
4_75,0.4369724303530447
4_76,0.38157205335366257
4_77,0.38830451097154556
4_78,0.3891373157570266
4_79,0.39408854147773725
4_80,0.34725488618245415
4_81,0.2991725860531842
4_82,0.35764455354847774
4_83,0.4157698448004396
4_84,0.42152158881108537
4_85,0.42273044306578184
4_86,0.428079928595889
4_87,0.3825029066983174
4_88,0.3269990786896987
4_89,0.3718290474321685
4_90,0.41363247376397105
4_91,0.4277878414906881
4_92,0.4326268177251397
4_93,0.43401463970158266
4_94,0.43086274800398955
4_95,0.4202348325911115
4_96,0.4145163408245578
4_97,0.36282408432289304
4_98,0.31022371450872105
4_99,0.30596262530803137
4_100,0.29376040926509145
4_101,0.291032028204539
4_102,0.2885107590594503
4_103,0.2920984559068494
4_104,0.2458226173917334
4_105,0.20112741612642934
4_106,0.19076058701468698
4_107,0.23852239475041656
4_108,0.2699852764786454
4_109,0.30349529010693665
4_110,0.35891970110317595
4_111,0.36926826313746497
4_112,0.3677615516252742
4_113,0.3624330112827723
4_114,0.35621943635536296
4_115,0.3590557335761074
4_116,0.4021094026462258
4_117,0.44870611727331294
4_118,0.45439467126280164
4_119,0.44289857770554003
4_120,0.48775508619203195
4_121,0.539155119213836
4_122,0.4871233823204039
4_123,0.44686563346263725
4_124,0.40999862037556234
4_125,0.3579939941566827
4_126,0.34343219665695973
4_127,0.33910116988135325
4_128,0.3981387286202556
4_129,0.45620425787175234
4_130,0.4480486448356171
4_131,0.3951929678915141
4_132,0.34724554895656445
4_133,0.34763708918975506
4_134,0.366182508411123
4_135,0.316872947633816
4_136,0.25582137481305883
4_137,0.24911198678975324
4_138,0.25481435822155124
4_139,0.263309691578792
4_140,0.31805058045021184
4_141,0.3771792089910979
4_142,0.37980223992075335
4_143,0.3194603806983739
4_144,0.2600843736696287
4_145,0.25407027852109165
4_146,0.24845411928955838
4_147,0.24047921239170392
4_148,0.23289679535333757
4_149,0.21905952446499194
4_150,0.26882622882518975
4_151,0.3084301045952669
4_152,0.34660770978142447
4_153,0.40123304819365196
4_154,0.39159700325108077
4_155,0.3341383837361723
4_156,0.33481330774487045
4_157,0.3891430865819885
4_158,0.39799547659929896
4_159,0.41055743858508287
4_160,0.42118319239014324
4_161,0.4308689241010945
4_162,0.43906215306185425
4_163,0.4368210533967472
4_164,0.43074348511120697
4_165,0.4307942011575815
4_166,0.45087743297986377
4_167,0.426454737334886
4_168,0.4257257884206644
4_169,0.4800265807641928
4_170,0.4812779801993143
4_171,0.4190659743273982
4_172,0.370054704136567
4_173,0.3735124706326812
4_174,0.36969562888932855
4_175,0.37882575937823043
4_176,0.3731156010786191
4_177,0.36769595199359273
4_178,0.38406989873393677
4_179,0.3934959120263134
4_180,0.332430884925057
4_181,0.271913998929839
4_182,0.2696897542933398
4_183,0.23133083335002658
4_184,0.18857349223834594
4_185,0.19519235497989443
4_186,0.19689540920277734
4_187,0.2004546721738895
4_188,0.2001367964123813
4_189,0.19478732781098668
4_190,0.18877444756696626
4_191,0.18699136899989813
4_192,0.20084488301872508
4_193,0.1932066569232295
4_194,0.19040212559830708
4_195,0.1986497261119354
4_196,0.20567291419764827
4_197,0.21047733622573175
4_198,0.2500213139147236
4_199,0.2918715627226521
4_200,0.284586325903143
4_201,0.28761435065260466
4_202,0.2760125410587589
4_203,0.2636108867491778
4_204,0.2597262248220139
4_205,0.2468252882225306
4_206,0.24804116896400666
4_207,0.233285609407316
4_208,0.21995330470987284
4_209,0.2235641416667525
4_210,0.2765575246140942
4_211,0.3096971970575474
4_212,0.35251165435705545
4_213,0.29204698173230076
4_214,0.23460175141628417
4_215,0.23098136325472945
4_216,0.22639327336963316
4_217,0.2235854364310018
4_218,0.23278818683535843
4_219,0.24725076641140767
4_220,0.2675216869196504
4_221,0.27376917738356205
4_222,0.2815492291735716
4_223,0.29966748653008063
4_224,0.29271638701627994
4_225,0.23760630986138528
4_226,0.2019708812170422
4_227,0.20313315724191897
4_228,0.2617733796012257
4_229,0.26066071465576707
4_230,0.2696252184764703
4_231,0.28106304682759625
4_232,0.28149863928913155
4_233,0.27496365069329676
4_234,0.2703613726129182
4_235,0.2613375472980528
4_236,0.2614625691280333
4_237,0.2590971286952047
4_238,0.30283916706661823
4_239,0.3576842523728064
4_240,0.3584039977022016
4_241,0.4145025966046429
4_242,0.41262358493104495
4_243,0.3557158804192061
4_244,0.3709572788271917
4_245,0.3746673951423126
4_246,0.36736188633639366
4_247,0.36820811910901996
4_248,0.37009327217214205
4_249,0.3704522576057651
4_250,0.3706513418368041
4_251,0.36324977003505193
4_252,0.3607199866008868
4_253,0.30721319485436427
4_254,0.25141276894386305
4_255,0.2487538183744986
4_256,0.20005654646809867
4_257,0.15635937945824258
4_258,0.165845549567269
4_259,0.15805865248206827
4_260,0.15572066264179185
4_261,0.1618093316213551
4_262,0.16283471095638588
4_263,0.16788578935489376
4_264,0.17236200076080263
4_265,0.22247392052760706
4_266,0.2613842093794429
4_267,0.31117074997738536
4_268,0.3163543994898152
4_269,0.32362509471106105
4_270,0.32606333848715485
4_271,0.32021341282551846
4_272,0.3032932518120851
4_273,0.297519519226813
4_274,0.2976373630544049
4_275,0.28721660693592505
4_276,0.2820001381607853
4_277,0.28182915676509446
4_278,0.2754936645425754
4_279,0.27804011693178077
4_280,0.23262107612308647
4_281,0.19937627581791798
4_282,0.14992959852780746
4_283,0.1484110492500395
4_284,0.14297624979674675
4_285,0.13796082988674402
4_286,0.13296248530896546
4_287,0.14045549299758245
4_288,0.13620797717892844
4_289,0.14782515561877202
4_290,0.15892413747935646
4_291,0.15850002657922851
4_292,0.16121285275180844
4_293,0.16520974424284185
4_294,0.1554437039399897
4_295,0.14588856537630807
4_296,0.13822795888296474
4_297,0.13651672717068195
4_298,0.1302723660368518
4_299,0.13448695773444863
4_300,0.13672894533040603
4_301,0.14202234657766694
4_302,0.14764875927406623
4_303,0.15235360612742538
4_304,0.1928447046433728
4_305,0.2407222493059434
4_306,0.24846712529415535
4_307,0.26417010609762565
4_308,0.2619904638200337
4_309,0.25951146383818974
4_310,0.3136634830657574
4_311,0.3695055549063945
4_312,0.37494891856310814
4_313,0.3840341162535671
4_314,0.38764337317050745
4_315,0.39492240637788173
4_316,0.4147958026288612
4_317,0.4167925573443113
4_318,0.41137175951216204
4_319,0.35633472995004556
4_320,0.3044886627771715
4_321,0.3140116789175407
4_322,0.31324432625655213
4_323,0.36854337319311536
4_324,0.42076585798440497
4_325,0.3610080007638399
4_326,0.3045373071766652
4_327,0.29319874220669906
4_328,0.28703689797816884
4_329,0.2841731417387189
4_330,0.281942801956159
4_331,0.2715685853769286
4_332,0.2623706487664017
4_333,0.26100056640250285
4_334,0.256220433376767
4_335,0.24845642832007087
4_336,0.28792759796255063
4_337,0.30791297365326403
4_338,0.30642848734067013
4_339,0.26635045335897267
4_340,0.27653434348994843
4_341,0.335280289763109
4_342,0.3757991193707257
4_343,0.42834884928418937
4_344,0.4201090278196066
4_345,0.43540806028792284
4_346,0.4810464102652046
4_347,0.5353685555709823
4_348,0.5365207776244836
4_349,0.53753186909166
4_350,0.5426664828419709
4_351,0.4862049070289391
4_352,0.4553970834496979
4_353,0.45718055216275977
4_354,0.4972638758479811
4_355,0.4988381949702077
4_356,0.4448017644104457
4_357,0.41916438713932885
4_358,0.37455336700844527
4_359,0.38425088442305927
4_360,0.377116874179199
4_361,0.3192299228654283
4_362,0.2704570669000679
4_363,0.27164199601000344
4_364,0.2715813276975792
4_365,0.2784233942413518
4_366,0.29562266195502473
4_367,0.3458693179491254
4_368,0.3251822466721675
4_369,0.3267569216586017
4_370,0.3227212835758585
4_371,0.32595748574447597
4_372,0.3322009046730434
4_373,0.34528998015626833
4_374,0.39320049008118463
4_375,0.43594669439051653
4_376,0.46992795495038947
4_377,0.48981923125330235
4_378,0.5235228197119252
4_379,0.5599412983575249
4_380,0.5883852079599677
4_381,0.6269345867209121
4_382,0.6279677664266372
4_383,0.6255068307470408
4_384,0.5898803369660326
4_385,0.6103331009610768
4_386,0.6298054413330282
4_387,0.6413904320273655
4_388,0.6447777482484575
4_389,0.6131570127720528
4_390,0.6149410152510464
4_391,0.6379415730462207
4_392,0.6358352446355736
4_393,0.6242610373680054
4_394,0.6056561493040784
4_395,0.5867978266339038
4_396,0.5572758346555184
4_397,0.5578567377111837
4_398,0.5797572955848477
4_399,0.5828551742862846
4_400,0.5873022785346466
4_401,0.5909035108462561
4_402,0.6184914257957945
4_403,0.6473660600562933
4_404,0.6793491285322979
4_405,0.678569486279907
4_406,0.6355709047340686
4_407,0.6307924052930911
4_408,0.6271754431519834
4_409,0.6295759187881013
4_410,0.6291153680212326
4_411,0.6181566653463795
4_412,0.5790428821510738
4_413,0.5406407507783675
4_414,0.5328738416652783
4_415,0.5164110369626104
4_416,0.49588702154570563
4_417,0.44248691219897346
4_418,0.39211971403472745
4_419,0.3930168596308964
4_420,0.39170453245673376
4_421,0.3920795476063953
4_422,0.38091088883790825
4_423,0.36911711905927735
4_424,0.359618305015363
4_425,0.35677088656722095
4_426,0.35205668808616336
4_427,0.33650487271368357
4_428,0.3762139488141648
4_429,0.41621859211366247
4_430,0.40446206120548306
4_431,0.40753454641021764
4_432,0.4122110261564744
4_433,0.4096822193186043
4_434,0.40868390448179753
4_435,0.4103542015337907
4_436,0.4034497042127673
4_437,0.41099088954173235
4_438,0.4221360658012195
4_439,0.4284141741118409
4_440,0.4284946485765198
4_441,0.4342082833118835
4_442,0.4319842073531778
4_443,0.3799086125615851
4_444,0.3311200377315371
4_445,0.33625573602194625
4_446,0.3306297622241881
4_447,0.325281228034572
4_448,0.32650712304784063
4_449,0.2715891425322937
4_450,0.21416361683118207
4_451,0.20867437751189116
4_452,0.19354831403229386
4_453,0.17892259170070082
4_454,0.16462181459472836
4_455,0.14890614408337607
4_456,0.18877243410235658
4_457,0.2435930755119325
4_458,0.24622109032547537
4_459,0.24592837723514754
4_460,0.24234440449140984
4_461,0.24765956180477472
4_462,0.2470256522972666
4_463,0.29949235181321765
4_464,0.3527854050596897
4_465,0.3610582397878735
4_466,0.37113680105545865
4_467,0.3722302999941356
4_468,0.3731073313103584
4_469,0.3739108547396232
4_470,0.3775334167329272
4_471,0.3242722586249834
4_472,0.2733112220271276
4_473,0.26270910318493657
4_474,0.25116282939674284
4_475,0.24413812437907312
4_476,0.23606103551975793
4_477,0.2471318003023339
4_478,0.187575086511071
4_479,0.135667529838613
4_480,0.12392745971138662
4_481,0.10943810214095703
4_482,0.1136024693946789
4_483,0.11566132823396234
4_484,0.12230339016604866
4_485,0.14168616781438892
4_486,0.14341976724665192
4_487,0.1420155274550327
4_488,0.14728669664127864
4_489,0.14695535370124171
4_490,0.15928574546031263
4_491,0.16152218147693753
4_492,0.1532527213723594
4_493,0.15827228447906344
4_494,0.1505684824495388
4_495,0.14902620986487045
4_496,0.14813428158313918
4_497,0.13862275249953016
4_498,0.12962498221732013
4_499,0.1250224195233319
4_500,0.16133774756515917
4_501,0.21344014160611663
4_502,0.21734043657585464
4_503,0.21040187118031742
4_504,0.21107327928535255
4_505,0.19836532087805325
4_506,0.18698577808123573
4_507,0.17748743621809523
4_508,0.17670302075523636
4_509,0.19090246444021358
4_510,0.20162400975912992
4_511,0.20629003966354928
4_512,0.21084439260679255
4_513,0.22522624782755168
4_514,0.2292546914930083
4_515,0.1857808831576616
4_516,0.14340023121388507
4_517,0.145051328103435
4_518,0.14969185597982054
4_519,0.1588722697092373
4_520,0.16615419248045774
4_521,0.18867532020131428
4_522,0.20646097687221637
4_523,0.2054355608767859
4_524,0.25419342166143644
4_525,0.3052246020034945
4_526,0.31663189387441965
4_527,0.3359447785851384
4_528,0.38321745840778904
4_529,0.4325193571242475
4_530,0.4758081368657453
4_531,0.5176471155471079
4_532,0.5251557373459887
4_533,0.5320358000498994
4_534,0.5347314445071059
4_535,0.5414191895995331
4_536,0.52417533006562
4_537,0.5128627304183458
4_538,0.568331216013114
4_539,0.5474286210520304
4_540,0.5470547205785063
4_541,0.539233037314758
4_542,0.5210815081988636
4_543,0.4747798463118476
4_544,0.42279652957832925
4_545,0.36147464248573574
4_546,0.3061404048437909
4_547,0.2931717505920391
4_548,0.34333823343901
4_549,0.39202167774370916
4_550,0.38533940719913196
4_551,0.3825887278646478
4_552,0.3764250313679803
4_553,0.31540086553316665
4_554,0.285478497523633
4_555,0.2459535135293429
4_556,0.2455964954691387
4_557,0.2525673769693582
4_558,0.2486799888511152
4_559,0.245951790249316
4_560,0.24877322708315214
4_561,0.24231436359735942
4_562,0.2341765667784349
4_563,0.1774538995108537
4_564,0.12164193647033077
4_565,0.11807584394479911
4_566,0.11767386680664889
4_567,0.1779221855126103
4_568,0.23864015370889513
4_569,0.23634507607223426
4_570,0.22242195006095497
4_571,0.22009645399123112
4_572,0.21529749669019568
4_573,0.20988302507380188
4_574,0.2096512235045566
4_575,0.21581030967157372
4_576,0.22014507740102887
4_577,0.2217244964050756
4_578,0.21959720780025446
4_579,0.21579199937313345
4_580,0.216003164034679
4_581,0.22490015141583478
4_582,0.181072830552043
4_583,0.1307992393200448
4_584,0.13219924261286223
4_585,0.18689852177649494
4_586,0.24141280721323125
4_587,0.25076475583826785
4_588,0.2519882733841334
4_589,0.25226118654277596
4_590,0.3036857138088122
4_591,0.3611798352035569
4_592,0.3641358685568612
4_593,0.4214859517885115
4_594,0.482718193083346
4_595,0.486104130795261
4_596,0.4938840794142038
4_597,0.5386072428808312
4_598,0.5896623910402327
4_599,0.5956850418781289
4_600,0.5466250771429269
4_601,0.49100339195172754
4_602,0.4848687249017279
4_603,0.48600695249950454
4_604,0.48706098939359455
4_605,0.4346217619636513
4_606,0.37531349819040477
4_607,0.3860466285172221
4_608,0.34226598405316866
4_609,0.28266925611308563
4_610,0.28146528395226156
4_611,0.27275333785521483
4_612,0.22805460694100801
4_613,0.17741037600662954
4_614,0.17058356562675533
4_615,0.17779742819783997
4_616,0.18848906998345655
4_617,0.17940372184310266
4_618,0.17234329632457882
4_619,0.22788133561044532
4_620,0.2808974049232412
4_621,0.29060891029547814
4_622,0.2885620898684964
4_623,0.273129727814883
4_624,0.27161937021961197
4_625,0.3288765223609296
4_626,0.3814969991589369
4_627,0.36632634660133506
4_628,0.3632046737478815
4_629,0.37543353794424045
4_630,0.37329096024993563
4_631,0.3673954180411874
4_632,0.3702794612211008
4_633,0.3869509654837773
4_634,0.3441407313372586
4_635,0.29278601238348567
4_636,0.28767485533148796
4_637,0.2831278732705718
4_638,0.281964951911014
4_639,0.29763067890152034
4_640,0.2568627187057202
4_641,0.21610537147356026
4_642,0.2402644924672731
4_643,0.2608933150511364
4_644,0.2708955128930708
4_645,0.28100132310895176
4_646,0.3033695947554523
4_647,0.3327553834820692
4_648,0.3498848000083625
4_649,0.35104384587208204
4_650,0.3648301798276643
4_651,0.37987397522938987
4_652,0.39436367043644155
4_653,0.41943562982689125
4_654,0.4344088077790326
4_655,0.43754482756794183
4_656,0.4507196339502169
4_657,0.44718075694342474
4_658,0.4396848716329614
4_659,0.43434856584974274
4_660,0.4399449664386895
4_661,0.43470663605052057
4_662,0.4309711674264375
4_663,0.41888947173309604
4_664,0.42300423269350956
4_665,0.42758011669515494
4_666,0.44581666482581567
4_667,0.4615435184673477
4_668,0.477873247050438
4_669,0.4881122613256217
4_670,0.5020339360397704
4_671,0.5088879684066752
4_672,0.5253373676911147
4_673,0.5367485020035464
4_674,0.5409535009882018
4_675,0.542540397484366
4_676,0.5433163666312552
4_677,0.5730170047444756
4_678,0.6111974768018429
4_679,0.6290330705487772
4_680,0.6450729588982942
4_681,0.6499991095413935
4_682,0.6546773030367914
4_683,0.6380672373254564
4_684,0.6127120165473022
4_685,0.5819364827223713
4_686,0.6040516627465748
4_687,0.6258617177006834
4_688,0.6040495805775685
4_689,0.5857935755766118
4_690,0.5673876086660248
4_691,0.556597281655441
4_692,0.5160399060165916
4_693,0.4860647976180973
4_694,0.46687167130584445
4_695,0.4300243219994597
4_696,0.3943602453706738
4_697,0.3588375413587171
4_698,0.3608646742054803
4_699,0.3761802422299249
4_700,0.3748973254542357
4_701,0.3232117388387772
4_702,0.2736229346866758
4_703,0.27612299247552696
4_704,0.2728934981403128
4_705,0.2618773986290819
4_706,0.2563798899070519
4_707,0.2449004838513185
4_708,0.21778294325475872
4_709,0.20177070813901776
4_710,0.19828674347020206
4_711,0.19517543153162195
4_712,0.24785148925648465
4_713,0.2841594271786316
4_714,0.2575444101076986
4_715,0.2625493632924879
4_716,0.2716097508854342
4_717,0.27554854011885926
4_718,0.2702287154249961
4_719,0.2703246200462227
4_720,0.26938502882220855
4_721,0.2772563408227844
4_722,0.29153045164422675
4_723,0.2988801733013738
4_724,0.30176371428443527
4_725,0.30380994443039744
4_726,0.3264121492793137
4_727,0.30162858708912826
4_728,0.2661774098323489
4_729,0.27860371400415185
4_730,0.28358164034358807
4_731,0.2832759037334279
4_732,0.28455665545011843
4_733,0.2907919295543802
4_734,0.34161478074449625
4_735,0.39731633683315337
4_736,0.3953411695923938
4_737,0.3816940685393032
4_738,0.3917191980856211
4_739,0.4108041677230593
4_740,0.46492495916337107
4_741,0.4982588280519409
4_742,0.47764806283207595
4_743,0.4710740633938525
4_744,0.4642790697239948
4_745,0.5079477445544519
4_746,0.5480771549124357
4_747,0.5423512781986662
4_748,0.5387570107381087
4_749,0.4936177339617918
4_750,0.45395950822553816
4_751,0.44392980528871584
4_752,0.4963034708300899
4_753,0.5375003358666052
4_754,0.5194776037716964
4_755,0.4646854982290354
4_756,0.41507084553709744
4_757,0.41403010554259845
4_758,0.45339208674800796
4_759,0.5040241729457987
4_760,0.45425287210983695
4_761,0.4065548010446461
4_762,0.40964853670636725
4_763,0.41108912902885647
4_764,0.4064966298928467
4_765,0.4040321806352008
4_766,0.4141836910535169
4_767,0.37484572119378756
4_768,0.33394115948992553
4_769,0.346989720990697
4_770,0.353796741988507
4_771,0.3529179090155216
4_772,0.36154898009616154
4_773,0.32148187863191074
4_774,0.2725213926430764
4_775,0.27452406799613605
4_776,0.32189254084727814
4_777,0.3702539332057653
4_778,0.3713194508912705
4_779,0.3837203053745342
4_780,0.37408784863261435
4_781,0.37356445892765144
4_782,0.3649597080936616
4_783,0.35178872402096073
4_784,0.38733240527990814
4_785,0.4344781342650146
4_786,0.48334984647028373
4_787,0.5227886841729609
4_788,0.5176299250685303
4_789,0.5239219020669192
4_790,0.5309120009229104
4_791,0.4824973916747617
4_792,0.4276568499414181
4_793,0.42463457684442535
4_794,0.41304076952964003
4_795,0.42654117053621243
4_796,0.4221134260155829
4_797,0.4095057380944308
4_798,0.40377660326361203
4_799,0.40475701391365804
4_800,0.4058757403536414
4_801,0.357210677064362
4_802,0.31533455567912705
4_803,0.361125225611636
4_804,0.40438019854388163
4_805,0.409593726522256
4_806,0.41356149519034147
4_807,0.4230892182590315
4_808,0.47352169131086097
4_809,0.5238454283173177
4_810,0.5039984494779505
4_811,0.49295537581453813
4_812,0.49778130189045894
4_813,0.4999011345325652
4_814,0.45033714426236104
4_815,0.40058519407433146
4_816,0.4497500105552859
4_817,0.4922863270849533
4_818,0.4931250840789516
4_819,0.49225192990385114
4_820,0.4775857523244998
4_821,0.4687774829936655
4_822,0.4534434240413538
4_823,0.40203894094768194
4_824,0.34643052251341033
4_825,0.35753482600717873
4_826,0.36812139343720196
4_827,0.4238781954928095
4_828,0.480681854103918
4_829,0.530208320734195
4_830,0.5796564291868955
4_831,0.5176354533977517
4_832,0.45394606049070946
4_833,0.39252665355570987
4_834,0.33253772482282346
4_835,0.3245332866980091
4_836,0.3193595028575052
4_837,0.32068211972789934
4_838,0.32598986208644504
4_839,0.3826672244270192
4_840,0.43033822687360596
4_841,0.43000169059783516
4_842,0.37350145434411103
4_843,0.31196466278377044
4_844,0.2564227292682458
4_845,0.20838384077330158
4_846,0.21792245293823084
4_847,0.22556075646174387
4_848,0.22972044136353664
4_849,0.2905894443241108
4_850,0.34964689082379957
4_851,0.35123481888134295
4_852,0.36510617092419
4_853,0.3706264258568292
4_854,0.3219373553772686
4_855,0.27421253999919354
4_856,0.2654057362430178
4_857,0.26869649957107955
4_858,0.27412804592483453
4_859,0.28112297924201196
4_860,0.28097061942809387
4_861,0.27271040013875664
4_862,0.2669386461342655
4_863,0.3230283080367844
4_864,0.32239674231569304
4_865,0.2744626510522727
4_866,0.3311729989243782
4_867,0.3757738444995027
4_868,0.35687933765234753
4_869,0.34479788429365005
4_870,0.34031956105129685
4_871,0.3546507134103104
4_872,0.3677622318945492
4_873,0.37206785655092695
4_874,0.3601284703722356
4_875,0.34909185827812167
4_876,0.35055635296512466
4_877,0.3571328929518101
4_878,0.3042817307467386
4_879,0.3051188871981766
4_880,0.3528510494157117
4_881,0.31078002698018187
4_882,0.2783217660862899
4_883,0.28467552462862755
4_884,0.34371855123393324
4_885,0.3967640860257845
4_886,0.3816471990352079
4_887,0.36806697783629844
4_888,0.36832347742455535
4_889,0.3678954314837693
4_890,0.36736661669746484
4_891,0.3672145301432438
4_892,0.36670648748503365
4_893,0.36913728802084944
4_894,0.31206462769802906
4_895,0.260459868787472
4_896,0.25455280835143484
4_897,0.28727665167318756
4_898,0.3414342691915157
4_899,0.28175280823494203
4_900,0.2813835483328224
4_901,0.34180885623442037
4_902,0.34317628925559046
4_903,0.34500859826444735
4_904,0.3462704032595797
4_905,0.3651355328460821
4_906,0.38444320170738083
4_907,0.3840480976000178
4_908,0.37728366505003685
4_909,0.38433979449623357
4_910,0.39214322533528834
4_911,0.39162867328467255
4_912,0.34581770663936934
4_913,0.3012530437847842
4_914,0.31580580764695515
4_915,0.2659562350600971
4_916,0.20310832882018276
4_917,0.20435086844306583
4_918,0.20146342346821727
4_919,0.19970376749976468
4_920,0.17951747172496957
4_921,0.167117893792484
4_922,0.17648061269172435
4_923,0.23526199580089238
4_924,0.28409474053740225
4_925,0.27734484337388143
4_926,0.297839281898117
4_927,0.2897508282779919
4_928,0.2731528579752997
4_929,0.25925574714664423
4_930,0.2530968091347691
4_931,0.2583533473228433
4_932,0.30889894436038756
4_933,0.36066498765730703
4_934,0.3804034578798713
4_935,0.4405678873570828
4_936,0.4938396121903633
4_937,0.48393977288789586
4_938,0.4226706225071826
4_939,0.3712373034968926
4_940,0.366885415545703
4_941,0.366885415545703
4_942,0.366885415545703
4_943,0.366885415545703
4_944,0.366885415545703
4_945,0.366885415545703
4_946,0.366885415545703
5_0,0.366885415545703
5_1,0.366885415545703
5_2,0.366885415545703
5_3,0.366885415545703
5_4,0.366885415545703
5_5,0.366885415545703
5_6,0.366885415545703
5_7,0.366885415545703
5_8,0.3717614565294849
5_9,0.37933330667549586
5_10,0.4329000481545916
5_11,0.48530331769947493
5_12,0.4847761785560583
5_13,0.47752328950510575
5_14,0.4636722084610929
5_15,0.47083984542087504
5_16,0.4334744262108619
5_17,0.38722401210271323
5_18,0.379382471594847
5_19,0.32525742320492823
5_20,0.28079144768678094
5_21,0.3003090894551542
5_22,0.3073050363111492
5_23,0.30606072517516875
5_24,0.2930215014660524
5_25,0.2930896114949706
5_26,0.29308665857318955
5_27,0.3078434240289226
5_28,0.3181991021993879
5_29,0.3156905625508324
5_30,0.29757276392875825
5_31,0.2773161274952026
5_32,0.27463871862526584
5_33,0.28436545659883333
5_34,0.2813463317248569
5_35,0.2680628217200553
5_36,0.24910657629853952
5_37,0.24440621092543496
5_38,0.25279368109867234
5_39,0.2615031896720624
5_40,0.2089678838942422
5_41,0.15769188021113706
5_42,0.14722597949391886
5_43,0.14371074362365863
5_44,0.14106358402012917
5_45,0.1435491772203649
5_46,0.20265985400259456
5_47,0.25178066525397186
5_48,0.25150770139017875
5_49,0.25449298874228315
5_50,0.25514543241686277
5_51,0.25356282880816694
5_52,0.2642882818551755
5_53,0.2716121416672641
5_54,0.2654902448939013
5_55,0.2645847092707078
5_56,0.258773745588127
5_57,0.25702842161871114
5_58,0.25834879088758506
5_59,0.2564520220265419
5_60,0.2544693237832708
5_61,0.19417618557936633
5_62,0.14090566341165356
5_63,0.14561375374763272
5_64,0.14566012105569637
5_65,0.15046917492746667
5_66,0.14714616018212798
5_67,0.13393934414142572
5_68,0.12458959221685581
5_69,0.12271591244874008
5_70,0.1245585987850927
5_71,0.1412754082972817
5_72,0.14717698998568732
5_73,0.14635702732917807
5_74,0.15573117457744226
5_75,0.15779015992216872
5_76,0.16486662287425777
5_77,0.16582758274727308
5_78,0.2094502137381162
5_79,0.2663700508932677
5_80,0.27791189661156773
5_81,0.2821219809628266
5_82,0.27626941987690457
5_83,0.26956014841599163
5_84,0.2690567624394945
5_85,0.2683302004125648
5_86,0.2579786081941184
5_87,0.24903180002113723
5_88,0.2437490580183274
5_89,0.24258460576339783
5_90,0.24879863968919202
5_91,0.24732694326288887
5_92,0.2444109287778309
5_93,0.2439610453338634
5_94,0.24228236241176396
5_95,0.22750309042024142
5_96,0.22954555620634873
5_97,0.23450578233974181
5_98,0.24897936710479887
5_99,0.2656911761720944
5_100,0.268250982881082
5_101,0.27703272151232067
5_102,0.28605618778844755
5_103,0.2866093103947922
5_104,0.28481346470027
5_105,0.28139026338948214
5_106,0.28474269683782755
5_107,0.2855243816276702
5_108,0.2301668990629096
5_109,0.17416829988628107
5_110,0.22987797167215626
5_111,0.2606677871233542
5_112,0.3142329478986761
5_113,0.3063961283568026
5_114,0.2939620255572545
5_115,0.2855634974860363
5_116,0.2698516268119722
5_117,0.2621828260706114
5_118,0.268003642734012
5_119,0.2724546083759066
5_120,0.2690760230842508
5_121,0.2634695373755342
5_122,0.26320519034121
5_123,0.2675519469302917
5_124,0.2699781943885966
5_125,0.21872333079139786
5_126,0.1847549316091257
5_127,0.14071106163197847
5_128,0.19251570725534073
5_129,0.24677574353685566
5_130,0.2567905717021082
5_131,0.25624493297916595
5_132,0.2606569546913685
5_133,0.26009422903118545
5_134,0.2539610073998822
5_135,0.2544741710415682
5_136,0.2549512114802442
5_137,0.25430937264169823
5_138,0.2521857310567528
5_139,0.2526806930082444
5_140,0.24573601618809546
5_141,0.2409061853195983
5_142,0.23622639484172572
5_143,0.19039849782052076
5_144,0.13121970491543317
5_145,0.11947963710395007
5_146,0.13194650360131746
5_147,0.13340973980122425
5_148,0.12437582062160134
5_149,0.1277297772473094
5_150,0.12892544847182508
5_151,0.14410866485240365
5_152,0.1509867790837586
5_153,0.1461827923639932
5_154,0.14165709493248588
5_155,0.14197350652644444
5_156,0.15404148061601317
5_157,0.16014307144931214
5_158,0.1518619416718626
5_159,0.15201864195056658
5_160,0.15595395704961987
5_161,0.1594506770527529
5_162,0.20880306408435928
5_163,0.26846623975366385
5_164,0.2601096695377589
5_165,0.25591012396954
5_166,0.29707698005886846
5_167,0.34656510786924455
5_168,0.4074238503938724
5_169,0.467666801169029
5_170,0.5276815420920749
5_171,0.5744287071157298
5_172,0.5632129956822965
5_173,0.5622121139525758
5_174,0.6197925216120967
5_175,0.6752269316566587
5_176,0.6601777196907087
5_177,0.6036277230222654
5_178,0.5452557092413595
5_179,0.5489771785879363
5_180,0.5500366851821893
5_181,0.49045249631291293
5_182,0.49027199593737214
5_183,0.487091405526586
5_184,0.42887094774313855
5_185,0.3810059610632731
5_186,0.33960709007459344
5_187,0.3512618055185054
5_188,0.3553947546514561
5_189,0.30188489402189084
5_190,0.2490015895423331
5_191,0.24967762816349948
5_192,0.24827233182473965
5_193,0.2556243826489116
5_194,0.25970333735794265
5_195,0.26071588194866796
5_196,0.31954405792349416
5_197,0.3179816336812752
5_198,0.2707405188671454
5_199,0.3271611143861862
5_200,0.37289643717011967
5_201,0.3685520387706275
5_202,0.3544579528104174
5_203,0.34655881451625886
5_204,0.34499468783878273
5_205,0.34714614758533285
5_206,0.3631813258636031
5_207,0.380595707068998
5_208,0.3741216388395329
5_209,0.37570389475152494
5_210,0.3800083817672665
5_211,0.3811348962947177
5_212,0.3818527751398497
5_213,0.3847701076790975
5_214,0.3303153188012481
5_215,0.2819531953081432
5_216,0.28551178951061207
5_217,0.29281634605294954
5_218,0.30106571199249593
5_219,0.3076970948977952
5_220,0.31565737379247677
5_221,0.31209937337227683
5_222,0.2959694078371585
5_223,0.29418877050133035
5_224,0.2890147740189222
5_225,0.290794058676769
5_226,0.2432149299304096
5_227,0.24346591534127324
5_228,0.29028827583016736
5_229,0.28850884947810174
5_230,0.28124006968783877
5_231,0.2674282037779329
5_232,0.26524624767234567
5_233,0.25755515824444725
5_234,0.25846144646295344
5_235,0.25943224876158727
5_236,0.25514522596040906
5_237,0.2536446220401168
5_238,0.2611303148883782
5_239,0.26977441240330474
5_240,0.2697175294445537
5_241,0.2639177315030075
5_242,0.20455026633483145
5_243,0.1458205424482223
5_244,0.15033408524313216
5_245,0.16369696048565205
5_246,0.16985908816409176
5_247,0.21983607976581251
5_248,0.2780354017736449
5_249,0.2695967730942202
5_250,0.2528781247312156
5_251,0.24553924580983105
5_252,0.2458347219807132
5_253,0.24444075689354156
5_254,0.24213154813111817
5_255,0.23949377864540583
5_256,0.24211281260702025
5_257,0.2626345616930454
5_258,0.27532915406302266
5_259,0.2725938071019052
5_260,0.2571929615147584
5_261,0.2506558769443343
5_262,0.19439654144743487
5_263,0.19269942180821817
5_264,0.252564922488795
5_265,0.2573014582815198
5_266,0.2586203640091159
5_267,0.26470256111416607
5_268,0.3152528018968798
5_269,0.36481594092389463
5_270,0.4172257104866166
5_271,0.46879218376029097
5_272,0.4579517118706645
5_273,0.4544491260519018
5_274,0.4652826315703222
5_275,0.4743668852583214
5_276,0.5309660889946783
5_277,0.5892686582259535
5_278,0.5311135289322864
5_279,0.4716856116262137
5_280,0.4776911436142012
5_281,0.4876897723708894
5_282,0.49612777989016643
5_283,0.45380111458191924
5_284,0.3946492023838142
5_285,0.3450048716622411
5_286,0.295581602780477
5_287,0.29447453071572266
5_288,0.2843740411850055
5_289,0.27594130798727645
5_290,0.2681762854171434
5_291,0.21265884588763184
5_292,0.15727750136912594
5_293,0.157616422320071
5_294,0.16010253358488769
5_295,0.1536651923103107
5_296,0.1403288440668982
5_297,0.13335873346041385
5_298,0.17829711446834334
5_299,0.2378102809808476
5_300,0.2398893466931705
5_301,0.2413137078424437
5_302,0.23730688068035785
5_303,0.24069840703027198
5_304,0.24639880873319567
5_305,0.2585668004153956
5_306,0.2690006211025216
5_307,0.27452983529864167
5_308,0.2803942489819198
5_309,0.3340233642035177
5_310,0.39097863735080995
5_311,0.39663623821737826
5_312,0.44567786461785547
5_313,0.44499110355496424
5_314,0.44365490085592313
5_315,0.49492109389926775
5_316,0.5421538429060176
5_317,0.576794572883094
5_318,0.6342520190286466
5_319,0.6220745558781453
5_320,0.6078280553471822
5_321,0.5946461696827685
5_322,0.6441809057205123
5_323,0.6981811186543782
5_324,0.6572831517604154
5_325,0.6125172927488778
5_326,0.6155244734622544
5_327,0.5618353590487185
5_328,0.5092547315888557
5_329,0.45145720034438747
5_330,0.4503064967979729
5_331,0.4477025865815596
5_332,0.4271174336460998
5_333,0.3781147368722609
5_334,0.39454301296782657
5_335,0.4042349435197312
5_336,0.4611466901697185
5_337,0.46085922579082284
5_338,0.4045494689531181
5_339,0.3877925578953659
5_340,0.3788549977772987
5_341,0.38572211307211685
5_342,0.3919496718990148
5_343,0.39543770177985554
5_344,0.4531884643521917
5_345,0.45419190077514127
5_346,0.4091610696318508
5_347,0.4490835781912827
5_348,0.49636817347371043
5_349,0.5378650672488441
5_350,0.5872718575377398
5_351,0.5397170937756272
5_352,0.48825487088738023
5_353,0.4892071643004368
5_354,0.4961124001440257
5_355,0.4957188483934194
5_356,0.488879599982342
5_357,0.48560080987859
5_358,0.48252908442492015
5_359,0.42969681160385953
5_360,0.3768197027069334
5_361,0.38385444785560036
5_362,0.33496596707859877
5_363,0.33380906205950656
5_364,0.3367823359321637
5_365,0.2819745291398353
5_366,0.27767675881993503
5_367,0.2746044223200605
5_368,0.2825895843681995
5_369,0.28641533249448287
5_370,0.28766027662418886
5_371,0.29122932507596777
5_372,0.2881175201442829
5_373,0.28496715399674244
5_374,0.28751500189629176
5_375,0.29416439769262137
5_376,0.3340144520611922
5_377,0.3663520922588655
5_378,0.3660789414753201
5_379,0.3140529165330663
5_380,0.32057590153804877
5_381,0.33538298238211606
5_382,0.3485154725674022
5_383,0.3544616950627853
5_384,0.35621653509256335
5_385,0.40865200057617285
5_386,0.45477016720494307
5_387,0.47405514963856704
5_388,0.4887976892687536
5_389,0.4908130703813509
5_390,0.4895068902371672
5_391,0.4437847196328671
5_392,0.4621383526987947
5_393,0.46148086957516604
5_394,0.4633539904535271
5_395,0.46454466288889584
5_396,0.4599540001028
5_397,0.4507334886969198
5_398,0.44270889924848356
5_399,0.43808994532814804
5_400,0.38820722970185206
5_401,0.3495211572874497
5_402,0.3417348274419924
5_403,0.3308426236671257
5_404,0.33025968144680423
5_405,0.32113162592054295
5_406,0.3124752536312175
5_407,0.2673560489131248
5_408,0.2298863581547289
5_409,0.24096798174838038
5_410,0.24236673549969068
5_411,0.23557731522739972
5_412,0.2431537753483618
5_413,0.24900539093927895
5_414,0.2988525729078778
5_415,0.3469426948891445
5_416,0.33978831964058365
5_417,0.344857219459458
5_418,0.36029007036009103
5_419,0.3695533741020081
5_420,0.3727786066515562
5_421,0.3820407626380436
5_422,0.3910928083743472
5_423,0.39595129125723816
5_424,0.394881258683318
5_425,0.39827337226189097
5_426,0.4091348989753916
5_427,0.41089198093581353
5_428,0.40689745631151636
5_429,0.36574924231382683
5_430,0.32416628557395505
5_431,0.3295859718130471
5_432,0.33180073002321786
5_433,0.32373081224525596
5_434,0.3196327995585787
5_435,0.32458875876136234
5_436,0.36919097071692264
5_437,0.4036930239099084
5_438,0.39747892522619005
5_439,0.3942879296765757
5_440,0.4009259827125697
5_441,0.4002641360568305
5_442,0.40327554532954596
5_443,0.4087387480692115
5_444,0.4147072355415846
5_445,0.41787939116846295
5_446,0.4606526543976201
5_447,0.4974473571884221
5_448,0.506950800037452
5_449,0.5185618048143297
5_450,0.5351136995429073
5_451,0.49452729405216184
5_452,0.4539834977928732
5_453,0.4555341522605154
5_454,0.4629350140952682
5_455,0.46032781813021356
5_456,0.45592035312006496
5_457,0.4523154701255345
5_458,0.456248742509035
5_459,0.45686229326523853
5_460,0.45744459949881505
5_461,0.42124086810252065
5_462,0.3840225264660186
5_463,0.38159184297126214
5_464,0.37370493105583125
5_465,0.366041907256133
5_466,0.3734240566004778
5_467,0.3898235093612445
5_468,0.3959559909622757
5_469,0.3872965883352428
5_470,0.38887998331625917
5_471,0.3965834633179856
5_472,0.40597868132754716
5_473,0.4166427534329461
5_474,0.4179399430491687
5_475,0.41092227777358425
5_476,0.4048759115254322
5_477,0.3969204517541514
5_478,0.3905830023710752
5_479,0.3920315044940829
5_480,0.39327129399359195
5_481,0.39027331503168444
5_482,0.3771002934297473
5_483,0.3733888719379836
5_484,0.3757492765793825
5_485,0.41372209956453293
5_486,0.44996210910748935
5_487,0.43506472635468757
5_488,0.4195169819897434
5_489,0.41242413343232903
5_490,0.4184248886084774
5_491,0.4310526921471666
5_492,0.44126380442208013
5_493,0.45014599059253907
5_494,0.48867347701700375
5_495,0.5244551011652414
5_496,0.5223505481674959
5_497,0.5157442730952148
5_498,0.5143807181232494
5_499,0.555663963660875
5_500,0.5555074649763536
5_501,0.5245269452816845
5_502,0.536553788193618
5_503,0.5766885901516624
5_504,0.6169456991223613
5_505,0.6192886689422059
5_506,0.6475331238213823
5_507,0.6811069128764343
5_508,0.6897501175267338
5_509,0.6660180336858994
5_510,0.641638695530791
5_511,0.6518572461764597
5_512,0.6975192907944336
5_513,0.718946022095497
5_514,0.7020496621752947
5_515,0.6830100404901013
5_516,0.7140162166814357
5_517,0.7115465975498093
5_518,0.6796467778437779
5_519,0.6475196855691617
5_520,0.6512469803437743
5_521,0.653360320287506
5_522,0.6546720530447954
5_523,0.6422795163233055
5_524,0.6282306909927283
5_525,0.6091732716311362
5_526,0.5965201746291547
5_527,0.5517231591386642
5_528,0.526405869309285
5_529,0.49582250631992714
5_530,0.46632071142626247
5_531,0.4193590764075998
5_532,0.4146156278820892
5_533,0.40206581988431994
5_534,0.3903038687485958
5_535,0.4245558031874021
5_536,0.4218248477957065
5_537,0.3801917936514678
5_538,0.37188191244562613
5_539,0.3632638480853379
5_540,0.36015740443734595
5_541,0.35185636337003273
5_542,0.352552593278948
5_543,0.355452671852322
5_544,0.360805488699418
5_545,0.3612983283447954
5_546,0.35888134800010696
5_547,0.34841030140067963
5_548,0.3393848649651122
5_549,0.34265502994413494
5_550,0.2977240393107054
5_551,0.29831389722275053
5_552,0.33938783859693866
5_553,0.34216450114530894
5_554,0.3462320918570064
5_555,0.3500743502373389
5_556,0.35612360653822983
5_557,0.400337233144519
5_558,0.43983721290479544
5_559,0.4325009975146762
5_560,0.42775515565832173
5_561,0.42262735785900707
5_562,0.4763246062164788
5_563,0.5113525609896007
5_564,0.5327870038445385
5_565,0.5757696708706448
5_566,0.5252337684266526
5_567,0.48152679151457595
5_568,0.4900191829935505
5_569,0.49453761115132494
5_570,0.49771118652476487
5_571,0.5163735263418565
5_572,0.4838656225454722
5_573,0.44761652724015516
5_574,0.4647887051947897
5_575,0.48173782791616565
5_576,0.505450058825674
5_577,0.4612768874426399
5_578,0.4328515802668854
5_579,0.400186953042938
5_580,0.3521571995539631
5_581,0.35620138291099085
5_582,0.3550775886629872
5_583,0.3450008901154151
5_584,0.34379593842671874
5_585,0.34921904629247064
5_586,0.3367353184645431
5_587,0.3398831738368798
5_588,0.35647631955235953
5_589,0.36828329820900063
5_590,0.38182329851040736
5_591,0.38870388704621456
5_592,0.40590539166426676
5_593,0.42457168981476606
5_594,0.4758133464725599
5_595,0.5247867914402151
5_596,0.552052593649576
5_597,0.5748942564334563
5_598,0.5921613631820427
5_599,0.617811009924477
5_600,0.6390085017998149
5_601,0.6747148256848791
5_602,0.7033295513304295
5_603,0.7009555844242705
5_604,0.6891665568080322
5_605,0.6756735152660563
5_606,0.6678911978856724
5_607,0.6675743764445526
5_608,0.6765693179528438
5_609,0.6534596333950415
5_610,0.6323333988455428
5_611,0.6247667140243116
5_612,0.6113303014371784
5_613,0.6090739305750487
5_614,0.5852218075316109
5_615,0.5689465531385849
5_616,0.5297667359346766
5_617,0.4831565288865774
5_618,0.4493373365561811
5_619,0.4289677217474825
5_620,0.4184989741482692
5_621,0.4524009295879806
5_622,0.46328965465632116
5_623,0.487810919051076
5_624,0.5133669673215671
5_625,0.536480098550037
5_626,0.5286916852153761
5_627,0.5277323487242249
5_628,0.5241657212130576
5_629,0.5268929384490549
5_630,0.528164169071819
5_631,0.5676978725429532
5_632,0.6143653188889415
5_633,0.6326659072971095
5_634,0.6450363455371613
5_635,0.6465434684459751
5_636,0.6022309521249612
5_637,0.5790515930371647
5_638,0.533158806695368
5_639,0.49058877934041084
5_640,0.44784188213477955
5_641,0.44524389164357914
5_642,0.44438760433193847
5_643,0.47953508520864846
5_644,0.5154862562496662
5_645,0.5031180495391772
5_646,0.4607319959287009
5_647,0.42380815511657605
5_648,0.42684046287008987
5_649,0.44179425437130465
5_650,0.45172694193611795
5_651,0.4646007180588176
5_652,0.5048559182591226
5_653,0.5265595696599433
5_654,0.569359118191709
5_655,0.582216273684384
5_656,0.5822341950604291
5_657,0.5814270851216629
5_658,0.5443056229555299
5_659,0.5196876385918942
5_660,0.537469843082842
5_661,0.553337745388655
5_662,0.5654216587278874
5_663,0.5740954970115564
5_664,0.5731625081335301
5_665,0.5808194865638683
5_666,0.5938915147127382
5_667,0.5759766669097793
5_668,0.5815601538444118
5_669,0.559283761577359
5_670,0.5638156230477326
5_671,0.57849728412802
5_672,0.6158789079949738
5_673,0.6518523850422806
5_674,0.6732989706309156
5_675,0.6957592465801201
5_676,0.6877135899851368
5_677,0.7123716967100482
5_678,0.7398186693507546
5_679,0.7161023162956017
5_680,0.7000741544140243
5_681,0.6747721909341314
5_682,0.6503412973258337
5_683,0.6339795310955001
5_684,0.620150022012172
5_685,0.6141149312555929
5_686,0.6060523903588699
5_687,0.5701843804572709
5_688,0.5311388517428602
5_689,0.5134715011895099
5_690,0.5069816704201303
5_691,0.5316719119152313
5_692,0.5284691042855635
5_693,0.5215966676439749
5_694,0.5602524170324348
5_695,0.5920006025846152
5_696,0.6285448296481351
5_697,0.6527413817390461
5_698,0.6854639914503452
5_699,0.7221854750058636
5_700,0.7483855010986279
5_701,0.7647807270051925
5_702,0.7622760520197805
5_703,0.7637302961718088
5_704,0.7370194940872824
5_705,0.7456217538572949
5_706,0.7549336773115215
5_707,0.7198583896486461
5_708,0.6841410051190688
5_709,0.6514492469015923
5_710,0.6215041952573714
5_711,0.5835700152240081
5_712,0.6014046423063596
5_713,0.5998069253250756
5_714,0.5607263888037942
5_715,0.5276413112066743
5_716,0.49669098990177674
5_717,0.4911194341135682
5_718,0.48304404459074785
5_719,0.4838160473748944
5_720,0.4355190538911117
5_721,0.3991280001929088
5_722,0.40405407834432894
5_723,0.4201660759636072
5_724,0.4390432972156029
5_725,0.4613858788789822
5_726,0.4845188711350877
5_727,0.46441361678290144
5_728,0.43333798870764945
5_729,0.4348595813751278
5_730,0.4275365904745605
5_731,0.4283587431921776
5_732,0.4361510089405907
5_733,0.4483065446740567
5_734,0.46717702136721306
5_735,0.49600128343599104
5_736,0.5357048381906172
5_737,0.5708302769493532
5_738,0.5944664279477723
5_739,0.6212630500294026
5_740,0.6218815660933301
5_741,0.6234488824041108
5_742,0.6217382403352886
5_743,0.6353714745612619
5_744,0.648421751829335
5_745,0.6687505205057548
5_746,0.6883977985788441
5_747,0.7025936487981526
5_748,0.7106312144145741
5_749,0.7037186541711499
5_750,0.6887643944524935
5_751,0.6519942361198725
5_752,0.6256375686955237
5_753,0.6071413405722583
5_754,0.5839454056200761
5_755,0.5806581914020071
5_756,0.5746417076521038
5_757,0.565654740360103
5_758,0.5533404669011509
5_759,0.555229673401035
5_760,0.5573393719447645
5_761,0.5556158329844944
5_762,0.5546048977771417
5_763,0.5557684271495533
5_764,0.5715597163031257
5_765,0.592857714758409
5_766,0.6161746252957365
5_767,0.641992944646304
5_768,0.6635736218626527
5_769,0.6693020306410424
5_770,0.676500589177895
5_771,0.6847837046816618
5_772,0.6977492812111937
5_773,0.7104240789586616
5_774,0.715512728360994
5_775,0.7377989710599216
5_776,0.7673560489972894
5_777,0.778755707307742
5_778,0.7827638048028461
5_779,0.7789228434038932
5_780,0.7662430926496104
5_781,0.7361672268158773
5_782,0.6760938078310395
5_783,0.6257533926802167
5_784,0.5985549022506723
5_785,0.55682793005178
5_786,0.5188545351137817
5_787,0.4814061591641938
5_788,0.4502756322897042
5_789,0.4648679323355857
5_790,0.46625684798102085
5_791,0.40827526804563247
5_792,0.372294870542519
5_793,0.3407077607077358
5_794,0.303381574018538
5_795,0.2697922703642594
5_796,0.2544863215516343
5_797,0.2551004737679526
5_798,0.2468085762536531
5_799,0.2347863637721317
5_800,0.23133735428643296
5_801,0.28555240103446516
5_802,0.33949043171380894
5_803,0.3384987295534877
5_804,0.2880918204494448
5_805,0.22819144980423312
5_806,0.2292925027095876
5_807,0.22457289278298737
5_808,0.2163002030499638
5_809,0.21588120138588102
5_810,0.21447510322181354
5_811,0.21566781710008784
5_812,0.22028932892628997
5_813,0.22934563931244759
5_814,0.2345305670643906
5_815,0.2334335719296931
5_816,0.18191894136160308
5_817,0.13628358499211943
5_818,0.13242942405749403
5_819,0.1348087714687781
5_820,0.14585753561673973
5_821,0.14516900265743796
5_822,0.14611096138771268
5_823,0.14927683847943973
5_824,0.15556205890925334
5_825,0.15582447775312755
5_826,0.15947229854867553
5_827,0.161632276749798
5_828,0.1537144161959881
5_829,0.14756164436281285
5_830,0.14817070361936208
5_831,0.20087133869346172
5_832,0.2458701684164197
5_833,0.2563493333668321
5_834,0.2500683196754568
5_835,0.24107165443869946
5_836,0.25195184673411813
5_837,0.30517693516648314
5_838,0.36193918891077126
5_839,0.3642755295858454
5_840,0.3700950796239554
5_841,0.3628425134934376
5_842,0.366037915719156
5_843,0.37498769084433087
5_844,0.37178863511856275
5_845,0.3725472059969551
5_846,0.3121034797962154
5_847,0.25429456562838754
5_848,0.23830378783395353
5_849,0.23525835640971735
5_850,0.23191621556674777
5_851,0.2738468593998862
5_852,0.251853673585956
5_853,0.2515164899808676
5_854,0.24352970194701526
5_855,0.23761554688858064
5_856,0.23666151976231958
5_857,0.22566714622341147
5_858,0.2187845277663198
5_859,0.2759625539737537
5_860,0.3335278619114136
5_861,0.33339558948807346
5_862,0.39311971626314646
5_863,0.45209667996312536
5_864,0.4656232327982464
5_865,0.5237462469515138
5_866,0.5243300823929341
5_867,0.4971968945046319
5_868,0.44270401867190146
5_869,0.5007467092573096
5_870,0.5594900153509942
5_871,0.5609392506737187
5_872,0.6190841452284277
5_873,0.6711755008054154
5_874,0.6163892326474498
5_875,0.562983484851085
5_876,0.563395046539436
5_877,0.5105714496786088
5_878,0.45869048713262706
5_879,0.45089366579529455
5_880,0.40250388904091117
5_881,0.3442101889585541
5_882,0.33675565594350104
5_883,0.33514782028260587
5_884,0.27602829636629506
5_885,0.2199336882293762
5_886,0.2225259764447078
5_887,0.16440163049803125
5_888,0.10572187340532452
5_889,0.10060607508328608
5_890,0.09850618021266068
5_891,0.10156279575328525
5_892,0.1542812887638296
5_893,0.20607688415119202
5_894,0.2082822981589966
5_895,0.20738456321468793
5_896,0.20674022172506176
5_897,0.20259187377118332
5_898,0.19787289886358161
5_899,0.20415223001627558
5_900,0.20663916887587053
5_901,0.20396245626031956
5_902,0.2080473440863891
5_903,0.22061868575363922
5_904,0.22995909052070604
5_905,0.2270329103117395
5_906,0.22392864887925734
5_907,0.1637234539173236
5_908,0.1042680776239458
5_909,0.09969557569362039
5_910,0.09635736352054303
5_911,0.09533071740106008
5_912,0.09495022596502115
5_913,0.10384326486997475
5_914,0.10180841367296727
5_915,0.09933303764699215
5_916,0.10437047810700142
5_917,0.10612861639376786
5_918,0.1080937367445968
5_919,0.11841769451632515
5_920,0.1337419649218095
5_921,0.1605951299870027
5_922,0.1741083906396199
5_923,0.17337993441866145
5_924,0.16708647206674362
5_925,0.15923633422920028
5_926,0.17160203342620475
5_927,0.18388469703652002
5_928,0.17692199124922173
5_929,0.18574759538739322
5_930,0.2024295109371096
5_931,0.2083759600310414
5_932,0.20587011008130487
5_933,0.19599891887204868
5_934,0.18902991128428542
5_935,0.188113707273949
5_936,0.21945716457684744
5_937,0.245129506746078
5_938,0.3063128428106508
5_939,0.3162931894262491
5_940,0.3766580575313785
5_941,0.4241004472570403
5_942,0.42003682174273343
5_943,0.4290007840201794
5_944,0.4165301615924364
5_945,0.45617152553107687
5_946,0.5031215150803686
5_947,0.5060462314800999
5_948,0.5006532162469856
5_949,0.489366178384309
5_950,0.4745934636911497
5_951,0.420781664882173
5_952,0.44118437640668406
5_953,0.439753353793234
5_954,0.44203663615508065
5_955,0.3829201607110086
5_956,0.3256981964781572
5_957,0.3235619631076269
5_958,0.320187985512299
5_959,0.3199318267585333
5_960,0.2614697108643242
5_961,0.21547089164460217
5_962,0.26722133252096925
5_963,0.3282014293198567
5_964,0.34175097216719
5_965,0.3623355901891575
5_966,0.3750532844648192
5_967,0.330281404371148
5_968,0.2805177987799169
5_969,0.2690595121563278
5_970,0.2685064274532083
5_971,0.26703174930779855
5_972,0.26761402013147584
5_973,0.27943894951138687
5_974,0.29490422403258254
5_975,0.2941622714470215
5_976,0.3397077631482737
5_977,0.33981781277422757
5_978,0.28489897792075336
5_979,0.2871824321903588
5_980,0.2911488473838114
5_981,0.282982573872982
5_982,0.2825693995435164
5_983,0.29265644636366706
5_984,0.3075535413816693
5_985,0.30705575690882847
5_986,0.36629005877901766
5_987,0.4194355066144135
5_988,0.40401357444934494
5_989,0.3912048836353215
5_990,0.39345980943708675
5_991,0.3350873739186053
5_992,0.2806365122434441
5_993,0.2807969646890095
5_994,0.27506634462133317
5_995,0.2696980480083088
5_996,0.28189822716693397
5_997,0.2840037828503644
5_998,0.27500998796354076
5_999,0.2622021029463345
5_1000,0.17861583793529115
5_1001,0.17861583793529115
5_1002,0.17861583793529115
5_1003,0.17861583793529115
5_1004,0.17861583793529115
5_1005,0.17861583793529115
5_1006,0.17861583793529115
6_639,0.17861583793529115
6_640,0.17861583793529115
6_642,0.17861583793529115
6_643,0.17861583793529115
6_644,0.17861583793529115
6_645,0.17861583793529115
6_646,0.17861583793529115
6_647,0.17861583793529115
6_648,0.2404674786987518
6_649,0.2889698112452951
6_650,0.33561226547489115
6_651,0.39600980063520036
6_652,0.4411860118317358
6_653,0.47838323149971207
6_654,0.4739492946673311
6_655,0.47400047512604343
6_656,0.4774513086754038
6_657,0.4635638815901047
6_658,0.5100929307389723
6_659,0.5615435579158614
6_660,0.6189574103659233
6_661,0.67321160821462
6_662,0.663337691980996
6_663,0.603728940096214
6_664,0.5444280710579467
6_666,0.48546948049416117
6_667,0.48510805220259157
6_668,0.48437604980617
6_669,0.42585250174479294
6_670,0.4209882454310931
6_671,0.4272016179187098
6_672,0.43415039562125973
6_673,0.43574677850985755
6_674,0.43575591303262595
6_675,0.4344501096963186
6_676,0.3869051618796079
6_677,0.3326769481293347
6_678,0.3335839177250646
6_679,0.34304742599941535
6_680,0.35353750572220277
6_681,0.3532133820638585
6_682,0.2917156537687834
6_683,0.2358410141950932
6_684,0.29596858706441315
6_685,0.35509660925678954
6_686,0.34393949763269854
6_687,0.3888720747773616
6_688,0.44703800129294874
6_689,0.3948059693568144
6_690,0.34763287028048123
6_691,0.39489909884175706
6_692,0.42796687541782763
6_693,0.48482944408127987
6_694,0.48859374732429445
6_695,0.4782040741183267
6_696,0.477335233348177
6_697,0.5388114244451009
6_698,0.5946521690469858
6_699,0.5386618122973473
6_700,0.4828711564590597
6_701,0.4900322754229113
6_702,0.43518420663998925
6_703,0.3805167281683602
6_704,0.3784423055725889
6_705,0.4249270789629972
6_706,0.4261702170738143
6_707,0.394741963831833
6_708,0.3375420456706873
6_709,0.32410185990637197
6_710,0.32732800699500586
6_711,0.33629712430993897
6_712,0.293671195939596
6_713,0.2389718925069481
6_714,0.23710597301143715
6_715,0.2940443927602006
6_716,0.3487157774269006
6_717,0.3468150273305851
6_718,0.34352856212709565
6_719,0.3439950238052108
6_720,0.3458615941780777
6_721,0.34700300115425414
6_722,0.3456552905149161
6_723,0.3541724510010111
6_724,0.41413621449432836
6_725,0.4698156401331185
6_726,0.4747573711027115
6_727,0.4688630683672836
6_728,0.46355153972438495
6_729,0.5215603612805924
6_730,0.5209123227291678
6_731,0.4631142573348556
6_732,0.4652447666105853
6_733,0.46503549089855195
6_734,0.4711618386569834
6_735,0.43160026324868883
6_736,0.38752581244222795
6_737,0.40042769643779635
6_738,0.3996260946067373
6_739,0.34159526321839956
6_740,0.283120574600112
6_741,0.2848309421038662
6_742,0.29434759434030494
6_743,0.3076588844828808
6_744,0.2592594618776398
6_745,0.20352256524393172
6_746,0.259430278441476
6_747,0.3166679767057699
6_748,0.3216174612372296
6_749,0.3169345877084828
6_750,0.2981798439421916
6_751,0.28142688146580996
6_752,0.2647218314525095
6_753,0.25733257602405946
6_754,0.25457484060387553
6_755,0.25448078824225695
6_756,0.2395562785027736
6_757,0.27739638385905546
6_758,0.32476669838334443
6_759,0.3177947969010926
6_760,0.3166503919053724
6_761,0.26063158882033244
6_762,0.2056914883744456
6_763,0.2049832117164961
6_764,0.2592504500669724
6_765,0.3167680495519603
6_766,0.31532525097926456
6_767,0.3111897119167173
6_768,0.3152096817751849
6_769,0.32275003600613067
6_770,0.3291144464478253
6_771,0.32858639403588535
6_772,0.2680618513850425
6_773,0.2071899874092063
6_774,0.20181313919844124
6_775,0.20448764353349377
6_776,0.20813489104151311
6_777,0.20362207622313394
6_778,0.19648516169214145
6_779,0.1433854513636314
6_780,0.09702650019989117
6_781,0.10737982430959653
6_782,0.1208754192230546
6_783,0.11869682859083307
6_784,0.11120822269883957
6_785,0.1090675409102183
6_786,0.11307416870673594
6_787,0.11619834871040989
6_788,0.11554268396531664
6_789,0.12501869120309014
6_790,0.1356192674180064
6_791,0.13453903802092348
6_792,0.1334470990397569
6_793,0.14231061666082584
6_794,0.194982785443266
6_795,0.24104356809777291
6_796,0.29122305089116424
6_797,0.3369945148039848
6_798,0.3434277858294157
6_799,0.34943494586555307
6_800,0.3524514795766407
6_801,0.3620849202167982
6_802,0.38020499125426604
6_803,0.4004948425690059
6_804,0.4060195510860318
6_805,0.39431922857129054
6_806,0.39902181225278965
6_807,0.43661226956809773
6_808,0.4778247327168351
6_809,0.47456331175787775
6_810,0.4716823272257279
6_811,0.467499219473301
6_812,0.4639615786066626
6_813,0.5088814488519062
6_814,0.5565506721321362
6_815,0.6042123910825032
6_816,0.6478976676041361
6_817,0.6872439126341191
6_818,0.7272965767548977
6_819,0.7260247628785116
6_820,0.7261899327218111
6_821,0.7187910604520577
6_822,0.691140157633731
6_823,0.6604608702201372
6_824,0.6148202436022231
6_825,0.5741927165176733
6_826,0.5287461803194191
6_827,0.4789772773017619
6_828,0.42982748071328836
6_829,0.38828283881058856
6_830,0.33471211974442255
6_831,0.2823273052777927
6_832,0.22739406208789922
6_833,0.18912942760067716
6_834,0.2344789558482899
6_835,0.2878339525608766
6_836,0.28364098441280283
6_837,0.33172392327209965
6_838,0.3737665800631967
6_839,0.3811628824345086
6_840,0.3838264539675312
6_841,0.38967753425095236
6_842,0.40695553930938216
6_843,0.40972770418537874
6_844,0.40798071565872973
6_845,0.41667343961901143
6_846,0.47123688079338105
6_847,0.5269816348731947
6_848,0.5219022439019724
6_849,0.4706043586541406
6_850,0.4245475927144632
6_851,0.4394643824498896
6_852,0.39430559522710407
6_853,0.3540300226029963
6_854,0.3543821096629273
6_855,0.35200625601278385
6_856,0.35140376379319577
6_857,0.347793627530909
6_858,0.3990306225203154
6_859,0.4479481261114139
6_860,0.4581031781058478
6_861,0.4200229179981902
6_862,0.38004716668576655
6_863,0.38404713143967567
6_864,0.3954895182443156
6_865,0.4402710381698898
6_866,0.4840567887301335
6_867,0.4818181067803216
6_868,0.47226930117514293
6_869,0.4631014251840147
6_870,0.45696378375803537
6_871,0.4480405151401259
6_872,0.4399347022323827
6_873,0.4405309348350754
6_874,0.4397453642375837
6_875,0.47729348254323006
6_876,0.5184225212070205
6_877,0.5300309943397409
6_878,0.5425832879201526
6_879,0.5617114992169456
6_880,0.5619044197626477
6_881,0.5661215847320197
6_882,0.5863954655497525
6_883,0.6069398489863785
6_884,0.6373182816664318
6_885,0.6718512131779778
6_886,0.7245797963912038
6_887,0.7748801443469857
6_888,0.7638009958193871
6_889,0.7562925467047218
6_890,0.747105088914779
6_891,0.741916499440207
6_892,0.7715050276042896
6_893,0.7982140226982466
6_894,0.8220150580250624
6_895,0.8111130101234494
6_896,0.7927969212793167
6_897,0.7904004970239217
6_898,0.7675629525274592
6_899,0.7331171441828985
6_900,0.6957252201211781
6_901,0.6957958683628379
6_902,0.6952978369224052
6_903,0.646338536900083
6_904,0.6059652510229223
6_905,0.5683412834779014
6_906,0.5254362716088453
6_907,0.4766366335403602
6_908,0.4180371223431847
6_909,0.3569049524763854
6_910,0.30882719424680755
6_911,0.2718865993319837
6_912,0.302771112559296
6_913,0.3550583815695681
6_914,0.3927026828847543
6_915,0.43369573844999676
6_916,0.43440528675136836
6_917,0.4352772384343498
6_918,0.4910205954509283
6_919,0.5369962138885828
6_920,0.5796733082784818
6_921,0.6205514393389595
6_922,0.6607662858812339
6_923,0.7093656656883566
6_924,0.7635573412856346
6_925,0.8250924668276168
6_926,0.8779418682766268
6_927,0.8325387229788774
6_928,0.832815617826477
6_929,0.8479244562259931
6_930,0.8084406395185268
6_931,0.7592401575091493
6_932,0.7028721216535382
6_933,0.6500806187738575
6_934,0.5994967820679082
6_935,0.5540989339670304
6_936,0.5090790759015191
6_937,0.4665216910773458
6_938,0.42763302242151796
6_939,0.3846739366015084
6_940,0.334905969428072
6_941,0.2827716442538798
6_942,0.27897264166276087
6_943,0.2776227891928617
6_944,0.27858754234047656
6_945,0.32848663203266854
6_946,0.3764283932447926
6_947,0.3947412667400167
6_948,0.4120228939653366
6_949,0.4270167033990349
6_950,0.4392688409964603
6_951,0.4565950141266192
6_952,0.4767269168169164
6_953,0.5260839334432963
6_954,0.5746105621318893
6_955,0.5946970366557135
6_956,0.6076931103025447
6_957,0.6175359923549115
6_958,0.575575077289225
6_959,0.5377371129856053
6_960,0.4965958129521802
6_961,0.4969245028679163
6_962,0.5331015322490147
6_963,0.5245641259109212
6_964,0.5219219542613883
6_965,0.5249913081145159
6_966,0.5306504174245221
6_967,0.5338798801309211
6_968,0.5339266757449456
6_969,0.5224766055049392
6_970,0.5539259870459579
6_971,0.575402197964285
6_972,0.5991391449242011
6_973,0.6198458610080845
6_974,0.6314795951703788
6_975,0.6518805855599984
6_976,0.6518568000859679
6_977,0.6540101139930624
6_978,0.6651594323072803
6_979,0.6701046384825177
6_980,0.6598750564564498
6_981,0.6428059612970252
6_982,0.6291539656568541
6_983,0.5888534796367392
6_984,0.5542654914852256
6_985,0.5096770387476671
6_986,0.48688099935828877
6_987,0.460768095370281
6_988,0.43261606554706766
6_989,0.41434021745902305
6_990,0.3884512168310131
6_991,0.35416359997729363
6_992,0.31315413639814527
6_993,0.3100524943661264
6_994,0.3058010527137088
6_995,0.3517624153549038
6_996,0.3957387519655288
6_997,0.3763357619694707
6_998,0.35676819589330644
6_999,0.3453855950691039
6_1000,0.33862380441962914
6_1001,0.32988567816036396
6_1002,0.3188070413353511
6_1003,0.31248035563920334
6_1004,0.30870193979408483
6_1005,0.3065154452524059
6_1006,0.28197886710775777
6_1007,0.26167768299105504
6_1008,0.24319165048482896
6_1009,0.23134602454660846
6_1010,0.17687988930469364
6_1011,0.1165158810767117
6_1012,0.11612547019329611
6_1013,0.11677110717598507
6_1014,0.17520490412972725
6_1015,0.22387803541595533
6_1016,0.2127306095438631
6_1017,0.2052529748500108
6_1018,0.20498240509673377
6_1019,0.1983195591012232
6_1020,0.2016996386825443
6_1021,0.220072931251124
6_1022,0.23728438646418093
6_1023,0.25569332402249867
6_1024,0.25464550021954657
6_1025,0.2560818071205367
6_1026,0.3172907512061774
6_1027,0.3767209806823847
6_1028,0.38015133675337415
6_1029,0.326452071601316
6_1030,0.273562397195201
6_1031,0.27492817728193714
6_1032,0.27575572315795216
6_1033,0.2729573565435104
6_1034,0.27843685637199284
6_1035,0.3264845356474785
6_1036,0.36699718039095336
6_1037,0.3572555612814951
6_1038,0.35082026938111244
6_1039,0.3565214422220403
6_1040,0.36028631258109645
6_1041,0.3172465373109433
6_1042,0.2608984956056562
6_1043,0.26229252894592076
6_1044,0.254251492182504
6_1045,0.2500026941063099
6_1046,0.24937839388096264
6_1047,0.24979387133824754
6_1048,0.2542559499770308
6_1049,0.24983737815968404
6_1050,0.19345928990704336
6_1051,0.13917277637158904
6_1052,0.14603898060038537
6_1053,0.1465838464028678
6_1054,0.13728321215651285
6_1055,0.13198189479733605
6_1056,0.11388122667620867
6_1057,0.11572814581688087
6_1058,0.12225284935204786
6_1059,0.14025334849976173
6_1060,0.15501604406549205
6_1061,0.17665027879194473
6_1062,0.18951450279146495
6_1063,0.18628772210235434
6_1064,0.1815836351865009
6_1065,0.17796916410346778
6_1066,0.17497666689253893
6_1067,0.16107476123124612
6_1068,0.14685652024386217
6_1069,0.14527588338323788
6_1070,0.14475167973785757
6_1071,0.20433828871965687
6_1072,0.2589154628468278
6_1073,0.2558418019283383
6_1074,0.24526693176811154
6_1075,0.23103519719626758
6_1076,0.21344800183919502
6_1077,0.20679926379277097
6_1078,0.2170978541938494
6_1079,0.2766221240188884
6_1080,0.33469690526894025
6_1081,0.33801941037975525
6_1082,0.3976858878354398
6_1083,0.45739239069501686
6_1084,0.45659063360732216
6_1085,0.5105329567135211
6_1086,0.5108014914349968
6_1087,0.4555360997963941
6_1088,0.45390083777254947
6_1089,0.4544870434293816
6_1090,0.455525490113745
6_1091,0.45200068239146085
6_1092,0.45184814980925303
6_1093,0.44392039208912243
6_1094,0.38636630022790597
6_1095,0.3287449502882295
6_1096,0.3827747266853194
6_1097,0.3823572185741832
6_1098,0.3483063597870879
6_1099,0.3666503099886554
6_1100,0.3219590268301511
6_1101,0.2803234829502252
6_1102,0.2806046667927059
6_1103,0.28686416378297636
6_1104,0.289197136928876
6_1105,0.29584762817631394
6_1106,0.30790691045952023
6_1107,0.3128573313300247
6_1108,0.3157324427442265
6_1109,0.3285713137689014
6_1110,0.3428447609937981
6_1111,0.29317505576291175
6_1112,0.24806289542822005
6_1113,0.2436630047109926
6_1114,0.2365582098381601
6_1115,0.22908099767534065
6_1116,0.2245861909172772
6_1117,0.2314537704492827
6_1118,0.2304741774190523
6_1119,0.23828032582781594
6_1120,0.24125434150212416
6_1121,0.28757275535097654
6_1122,0.3348877198457725
6_1123,0.38619962701437116
6_1124,0.4320576179634203
6_1125,0.4213591676846427
6_1126,0.4347950345127457
6_1127,0.42916434865776165
6_1128,0.46689319277574676
6_1129,0.5174862777418948
6_1130,0.5171674066517956
6_1131,0.5095590156327751
6_1132,0.5046816018986876
6_1133,0.4925195639228777
6_1134,0.48496366600321156
6_1135,0.48340188858751826
6_1136,0.42968915522732615
6_1137,0.38261941327079596
6_1138,0.33029330560786524
6_1139,0.27307973033995425
6_1140,0.27329623726962565
6_1141,0.3111784844996731
6_1142,0.3628465045961681
6_1143,0.32271338940672284
6_1144,0.26927216822419
6_1145,0.2737989058090545
6_1146,0.3259604645786604
6_1147,0.37857034185723876
6_1148,0.3863088916478308
6_1149,0.37769469897648844
6_1150,0.3668277723757895
6_1151,0.4214255221799428
6_1152,0.4688292229516677
6_1153,0.4651471715749315
6_1154,0.46736479581218415
6_1155,0.4691092063701772
6_1156,0.4196622895275926
6_1157,0.3762000607886039
6_1158,0.4166342862635833
6_1159,0.4495837951970875
6_1160,0.49578889493612266
6_1161,0.44127573487831273
6_1162,0.39600294322898694
6_1163,0.41664265642814946
6_1164,0.43311460374955185
6_1165,0.4401630439783749
6_1166,0.3925252462997159
6_1167,0.34184296421247573
6_1168,0.3990941070750768
6_1169,0.45312217992884046
6_1171,0.4494146852899689
6_1172,0.4471015901992866
6_1173,0.438830560412004
6_1175,0.3816521015373018
6_1176,0.35116613563235516
6_1177,0.31898623524938635
6_1178,0.32751350442163
6_1179,0.3155722166401223
6_1180,0.3010784925440617
6_1181,0.2948525613479428
6_1182,0.2876660784334274
6_1183,0.3334998180894315
6_1184,0.3847634949952715
6_1185,0.340235344317677
6_1186,0.29118977871011337
6_1187,0.3058702071536231
6_1188,0.3155517052865355
6_1189,0.36699687805619796
6_1190,0.42379332619708027
6_1191,0.42210164050250565
6_1192,0.4044462964911216
6_1193,0.3960525836341043
6_1196,0.4012728664590506
6_1197,0.44751451781707685
6_1198,0.4956066939875078
6_1199,0.4999847566361791
6_1200,0.446142009074327
6_1201,0.3943688002326538
6_1202,0.44018431751917153
6_1203,0.49007000528456296
6_1204,0.4833382771950096
6_1205,0.46522641022279937
6_1206,0.40710679317522497
6_1207,0.3605619058905361
6_1208,0.35991285912001986
6_1209,0.3534379523514891
6_1210,0.35148297813160123
6_1211,0.346966262900879
6_1212,0.2873780179573103
6_1213,0.22909539215711133
6_1215,0.22835889254423386
6_1216,0.2824675740330373
6_1217,0.3328787370309304
6_1218,0.28105635809062385
6_1219,0.22197577335553786
6_1220,0.22392251613282368
6_1221,0.24274241439205566
6_1222,0.24174980692037443
6_1223,0.24108490678537892
6_1224,0.24574253547211022
6_1225,0.24850785622592333
6_1226,0.30577598809524453
6_1227,0.362323425974589
6_1229,0.37004861938240324
6_1230,0.38015603111807733
6_1231,0.39669988026618436
6_1232,0.39839294591247293
6_1233,0.3998349699475702
6_1234,0.45066268796730063
6_1236,0.5089572650090989
6_1237,0.4962159100482725
6_1238,0.4952237571212778
6_1240,0.5047286040913693
6_1241,0.4999673953192343
6_1242,0.48951097635812
6_1243,0.545717591514536
6_1245,0.5471588654741387
6_1246,0.4984342443110436
6_1248,0.503874821935728
6_1249,0.5027358874206613
6_1250,0.4877457811714246
6_1251,0.430512094882058
6_1252,0.3722133126877881
6_1253,0.3140592961969074
6_1254,0.2551802242070942
6_1256,0.2564527216473398
6_1257,0.25062575891461253
6_1258,0.29886771946139945
6_1259,0.3506183418654512
6_1260,0.3577967682888142
6_1261,0.3061904641903381
6_1262,0.25023931548818784
6_1263,0.2599530547527255
6_1265,0.2565626420795878
6_1267,0.24986865512287437
6_1268,0.24713778109487844
6_1269,0.2499272746390487
6_1270,0.3069311615846922
6_1271,0.3644933784466715
6_1273,0.4218742983607767
6_1274,0.4799059072158057
6_1275,0.2963074730756951
6_1276,0.2963074730756951
6_1277,0.2963074730756951
6_1278,0.2963074730756951
6_1279,0.2963074730756951
6_1281,0.2963074730756951
6_1282,0.2963074730756951
7_0,0.2963074730756951
7_1,0.2963074730756951
7_2,0.2963074730756951
7_3,0.2963074730756951
7_4,0.2963074730756951
7_5,0.2963074730756951
7_6,0.2963074730756951
7_7,0.2963074730756951
7_8,0.3097256786659948
7_9,0.29746879608226734
7_10,0.2772700469981297
7_11,0.27419429155808356
7_12,0.2817530411271498
7_13,0.23313158158069794
7_14,0.17698726906731146
7_15,0.16376250289434305
7_16,0.15283997548857944
7_17,0.15561109820716942
7_18,0.1603216957035411
7_19,0.15034263893759442
7_20,0.14666119551399034
7_21,0.15280917319759785
7_22,0.16305865155478474
7_23,0.1737610374142288
7_24,0.17738933542828111
7_25,0.18889617406139494
7_26,0.19235941388766595
7_27,0.18753030951256777
7_28,0.1816618603511343
7_29,0.17871635970184496
7_30,0.17787881362444105
7_31,0.17746497181757742
7_32,0.1686958742162591
7_33,0.17084163602363353
7_34,0.18360187050567023
7_35,0.18215050508976652
7_36,0.186435544616701
7_37,0.18728313831876117
7_38,0.17440832561816408
7_39,0.1650286775824871
7_40,0.17214639211723198
7_41,0.17122063474273014
7_42,0.16169567854684314
7_43,0.17011077397578983
7_44,0.17759192343446603
7_45,0.18232017367767328
7_46,0.18798041997949194
7_47,0.186951897827525
7_48,0.236310624206987
7_49,0.28308633720058146
7_50,0.29087578304399336
7_51,0.2928295599701196
7_52,0.28770197296342015
7_53,0.29050259768343983
7_54,0.2944203449798686
7_55,0.2807624689426906
7_56,0.2767445837386944
7_57,0.2778698633971871
7_58,0.26717626259188404
7_59,0.2712951985282609
7_60,0.28283980929433944
7_61,0.2808881799257806
7_62,0.2820616079366722
7_63,0.23350922694888906
7_64,0.23304331628822064
7_65,0.2790114887601794
7_66,0.27622777737129633
7_67,0.27774788009295165
7_68,0.28083932829964087
7_69,0.2816184610174197
7_70,0.33712665010183357
7_71,0.38681219479741097
7_72,0.386021192737053
7_73,0.39213933452051025
7_74,0.38820404781745665
7_75,0.3809477913601523
7_76,0.38862582540770413
7_77,0.4465384270881716
7_78,0.4952253718789483
7_79,0.4952906384762495
7_80,0.49473800792366623
7_81,0.49559485311093593
7_82,0.542108238370367
7_83,0.5850866595650897
7_84,0.5807909128111842
7_85,0.5242503067520788
7_86,0.4692311668269905
7_87,0.47931508906053405
7_88,0.4832143960636621
7_89,0.4807551746420111
7_90,0.47766053772774836
7_91,0.46683781963719967
7_92,0.4105523125543462
7_93,0.3518677137163217
7_94,0.30083776127148876
7_95,0.2579308424130111
7_96,0.2611303743030188
7_97,0.22887767645493612
7_98,0.22988318461397503
7_99,0.28452166082903685
7_100,0.2911890445953228
7_101,0.3493379591253677
7_102,0.3964561126550906
7_103,0.3945449633982932
7_104,0.39617411523829477
7_105,0.3966575455288179
7_106,0.4084141873530084
7_107,0.41921766709011443
7_108,0.47814955350845295
7_109,0.527786298941073
7_110,0.5207042631667543
7_111,0.5114941302968171
7_112,0.49516638100433924
7_113,0.45379234040287436
7_114,0.45471563476251364
7_115,0.5026172697446115
7_116,0.44773830148578864
7_117,0.3999279207436244
7_118,0.4173896189860154
7_119,0.4338531081447359
7_120,0.44073395280609906
7_121,0.42896894398723534
7_122,0.41865179118476903
7_123,0.4201410786134823
7_124,0.4204779938162485
7_125,0.4228589500267219
7_126,0.4283556273440176
7_127,0.42451676850633563
7_128,0.4107260653679557
7_129,0.3629221589393365
7_130,0.3170580924815819
7_131,0.31725631485830125
7_132,0.3168337633313756
7_133,0.2951379815954314
7_134,0.2810496337079495
7_135,0.2752555420121834
7_136,0.2869324711179079
7_137,0.2978034868137867
7_138,0.23972834861953865
7_139,0.18180380626284914
7_140,0.1732621775708331
7_141,0.1767103162223762
7_142,0.1881691028144191
7_143,0.20393558936249373
7_144,0.20620560232536408
7_145,0.19649218467032792
7_146,0.25006538669829964
7_147,0.2956132368031547
7_148,0.2982954632744295
7_149,0.294219677894268
7_150,0.29027041790236474
7_151,0.2770270059477545
7_152,0.32252208376263874
7_153,0.37951087333388905
7_154,0.3908312850216043
7_155,0.4116148642927597
7_156,0.4146692215637228
7_157,0.4088490662293759
7_158,0.39356439232031665
7_159,0.3847546572804683
7_160,0.38851190378716655
7_161,0.33070077952208454
7_162,0.2775570832808498
7_163,0.26974651487669205
7_164,0.2665430028208033
7_165,0.27336894882487883
7_166,0.2844855618957264
7_167,0.22472560442995795
7_168,0.16764070792304916
7_169,0.2158524605444852
7_170,0.2516057995394736
7_171,0.2381856921423213
7_172,0.2379828020049756
7_173,0.2456732288465823
7_174,0.24442237417170745
7_175,0.2983502446475794
7_176,0.35354570605964586
7_177,0.3497909791868495
7_178,0.40985434491357403
7_179,0.46765334410801135
7_180,0.4609171413248453
7_181,0.4521258782995491
7_182,0.4537166543226367
7_183,0.4612161934250488
7_184,0.4169288126246041
7_185,0.36419678234518094
7_186,0.3610755118025316
7_187,0.35701687160707624
7_188,0.35654435142185453
7_189,0.3637554057071969
7_190,0.3127452258658013
7_191,0.26734414002707146
7_192,0.2674274458051673
7_193,0.20769286120373096
7_194,0.14854675567443207
7_195,0.15562726992765896
7_196,0.2123091133767811
7_197,0.26978034071192114
7_198,0.2627098536273103
7_199,0.2553265493932422
7_200,0.2652963973686871
7_201,0.27026264776386716
7_202,0.2640201754081929
7_203,0.25190920520854254
7_204,0.24156095231645844
7_205,0.231165061993713
7_206,0.28033714774588847
7_207,0.33960622950983427
7_208,0.35465165003523824
7_209,0.3601661965253403
7_210,0.35394553763543174
7_211,0.35453107431536757
7_212,0.3351303444148605
7_213,0.3914111743373001
7_214,0.38656937739245734
7_215,0.37100000961207796
7_216,0.36687102215814615
7_217,0.3674572910413296
7_218,0.36664079756826967
7_219,0.3639792440739605
7_220,0.37309257366187093
7_221,0.329894027160423
7_222,0.28395334646734544
7_223,0.287430836822074
7_224,0.29151179662299864
7_225,0.28728354146161295
7_226,0.23444281027415795
7_227,0.21165918505750805
7_228,0.21041829573976586
7_229,0.2646555784856108
7_230,0.2663374814651663
7_231,0.2725624464742809
7_232,0.28151166685140006
7_233,0.28278707560989164
7_234,0.2868875430347327
7_235,0.2916819277165424
7_236,0.33404868862354087
7_237,0.38084850403482945
7_238,0.3806621708713217
7_239,0.3840374967206993
7_240,0.4425726978158442
7_241,0.49448902514723925
7_242,0.4784590118520985
7_243,0.4227974841137774
7_244,0.3652024183410438
7_245,0.37210566673195067
7_246,0.3736672160555234
7_247,0.3649076055141647
7_248,0.3650214188085756
7_249,0.36951467001214466
7_250,0.364051601304252
7_251,0.36226643768784533
7_252,0.36099014008051244
7_253,0.3440458259560743
7_254,0.33238076256457894
7_255,0.2787542185645399
7_256,0.2277930447810324
7_257,0.23326420098051656
7_258,0.23562409681772942
7_259,0.2931283285496317
7_260,0.3241515763414024
7_261,0.3733799999256636
7_262,0.3835585322500627
7_263,0.38860571560748064
7_264,0.3804954356114283
7_265,0.37936580687732246
7_266,0.3403373390894732
7_267,0.29281261906864864
7_268,0.2913630502823457
7_269,0.28849504169357604
7_271,0.28162421229757534
7_272,0.27398287492272966
7_273,0.2798578378168365
7_274,0.29667448665708795
7_275,0.25025285713502804
7_276,0.2115050054399579
7_277,0.15400503090666698
7_278,0.14625141522204288
7_279,0.14512468914713983
7_280,0.2040409751736617
7_281,0.25627996191643665
7_282,0.24315780060665115
7_283,0.24099356910259573
7_284,0.25504553038338834
7_285,0.27507405563018383
7_286,0.28236415099733564
7_287,0.28490590027319984
7_288,0.27654334709650574
7_289,0.25655977432325844
7_290,0.24463404482714068
7_291,0.24441281680257212
7_292,0.3014651263829072
7_293,0.35489145199246214
7_294,0.3554977185054281
7_295,0.30311082936788597
7_296,0.30373264332021416
7_297,0.35570215704178526
7_298,0.35415260448618413
7_299,0.40045256469366614
7_300,0.44156856935176997
7_301,0.44307923733308247
7_302,0.4508969513718996
7_303,0.4464191712528772
7_304,0.45172225055401244
7_305,0.4636845993734324
7_306,0.47918194799601316
7_307,0.4373358831994645
7_308,0.3952416274847544
7_309,0.40070652397373824
7_310,0.4078908453517002
7_311,0.3619589531570758
7_312,0.31549060294101067
7_313,0.3133976654135352
7_314,0.2662548200196512
7_315,0.2170065859449786
7_316,0.26910230663674545
7_317,0.3186252094751317
7_318,0.32797492317659
7_319,0.34287953619689293
7_320,0.3504731872825428
7_321,0.34733792077703907
7_322,0.3452123443377699
7_323,0.3483540014210072
7_324,0.34788771661066037
7_325,0.39475315849859577
7_326,0.4401101016198365
7_327,0.43645481186328333
7_328,0.43941816909022535
7_329,0.4420633958180155
7_330,0.45198594305459233
7_331,0.4095580648161646
7_332,0.3689901006225916
7_333,0.37876458420825415
7_334,0.3747064259199401
7_335,0.41478369954620203
7_336,0.46192924039766503
7_337,0.4659611665198466
7_338,0.4585885896494875
7_339,0.45873493857002556
7_340,0.45897006200135865
7_341,0.4609130551951034
7_342,0.46998141551371525
7_343,0.4786101632979503
7_344,0.47853467097004204
7_345,0.4657198422240347
7_346,0.4570243009309391
7_347,0.4529277434856204
7_348,0.4479136481288874
7_349,0.4343058351809292
7_350,0.39013472798166304
7_351,0.39134871417722955
7_352,0.43348865261233016
7_353,0.4357341375116282
7_354,0.43568699311720954
7_355,0.43772484868364514
7_356,0.43821309926032875
7_357,0.4329234436211396
7_358,0.47653703089598076
7_359,0.5211104020235461
7_360,0.5238853008870862
7_361,0.5206271262527241
7_362,0.510127318845874
7_363,0.5071270375239808
7_364,0.5091021519264788
7_365,0.5534299117647995
7_366,0.5532914055989778
7_367,0.5028840525859916
7_368,0.5026593820126853
7_369,0.5019961663245869
7_370,0.44562446876550654
7_371,0.44723267544668815
7_372,0.49700438938932556
7_373,0.4454128442163801
7_374,0.3982475516622625
7_375,0.3953074427581669
7_376,0.3974358740965091
7_377,0.404613580556588
7_378,0.40817485974904943
7_379,0.40836150054376474
7_380,0.4096692215886217
7_381,0.4105397559131194
7_382,0.402138703785938
7_383,0.3951133275945635
7_384,0.3952873800563179
7_385,0.40057764812239155
7_386,0.3496038582678617
7_387,0.29147672038986244
7_388,0.28508029000017715
7_389,0.27375390829278495
7_390,0.2745597263147171
7_391,0.2800417561863883
7_392,0.28115724739737025
7_393,0.2816129138950191
7_394,0.2802045939748478
7_395,0.22640637421405957
7_396,0.16484933259721882
7_397,0.16609793584691276
7_398,0.21868770529210804
7_399,0.2704502624954071
7_400,0.27725362107775336
7_401,0.3245315699198429
7_402,0.36020584069956524
7_403,0.4183412570325293
7_404,0.4393119014130339
7_405,0.45254410915126797
7_406,0.4975041929848804
7_408,0.5309957733114431
7_409,0.5744621091034182
7_410,0.6025366108078104
7_411,0.6161248872008546
7_412,0.6447357112407766
7_413,0.6673927608517441
7_414,0.6245874545731022
7_415,0.5820785253881103
7_416,0.5842206641479073
7_417,0.5431320906828407
7_418,0.5237375701373647
7_420,0.520926461415239
7_421,0.5573698324479693
7_422,0.5941724736705015
7_423,0.5941862150650573
7_424,0.5734616118176726
7_425,0.5375084331764481
7_426,0.5187104164663912
7_427,0.5123487885329865
7_429,0.5145405732275454
7_430,0.5476486409204568
7_431,0.5905918503726729
7_432,0.5966205708388895
7_433,0.6043025146116529
7_434,0.6146117359333209
7_435,0.6363409360341635
7_437,0.6149977624537127
7_438,0.5938407050517658
7_439,0.5673187496917625
7_440,0.5409098192063267
7_441,0.5482433054656933
7_442,0.5873147060613794
7_444,0.6333697701497412
7_445,0.64109712202088
7_446,0.6351236600098005
7_447,0.605781649774323
7_448,0.5870494961020253
7_449,0.5907127949754181
7_450,0.5804422083116277
7_451,0.5702918651849168
7_452,0.5708900703499532
7_453,0.5724798180201813
7_454,0.5726156989783894
7_456,0.5831049924639535
7_457,0.5930219836926913
7_458,0.6041305549982686
7_459,0.5869645282378316
7_461,0.5680392619539002
7_462,0.5879249376768744
7_463,0.6050274309698607
7_464,0.6143302624149142
7_465,0.6148003149806887
7_466,0.6475392480952668
7_467,0.6907263917304404
7_468,0.709562195865791
7_469,0.7051229446807945
7_470,0.7080112130941563
7_471,0.7098516341360042
7_472,0.7298991902228967
7_473,0.7493720006211668
7_474,0.7430385474966819
7_475,0.7338653180992776
7_476,0.7247250472391894
7_477,0.7149043381511865
7_478,0.7340036997734649
7_479,0.7579484073756325
7_480,0.7379628399247707
7_481,0.7380600738736552
7_482,0.7408899523718786
7_483,0.7267437312840671
7_484,0.7148958319227118
7_485,0.6959571131405345
7_486,0.6678316635176439
7_487,0.666716414404982
7_489,0.6662821392896479
7_490,0.6301937244504485
7_491,0.596874108615627
7_492,0.5661509643937085
7_493,0.537404058316438
7_494,0.47950242423310624
7_495,0.4258231893694191
7_496,0.41214359107956167
7_497,0.3586590640307268
7_498,0.3075223268440049
7_499,0.295352399883196
7_500,0.2711676970497614
7_501,0.2536643779952109
7_502,0.24793930209255208
7_503,0.19367621305862634
7_504,0.140213475615359
7_505,0.1533739674180968
7_506,0.2136794809896312
7_507,0.27326800614439467
7_508,0.2862108354023539
7_509,0.28640552843733313
7_510,0.29672981459427156
7_511,0.3074981604091803
7_512,0.30815471660012245
7_513,0.3037471441330631
7_514,0.3011281179444786
7_515,0.3057371614483255
7_516,0.3173303812011397
7_518,0.32982231396818334
7_519,0.33852369446642233
7_520,0.3466155848291781
7_521,0.3348994481728177
7_522,0.27712411462345476
7_523,0.2282376465025183
7_524,0.2273125872882576
7_525,0.22586114591467288
7_526,0.2671468999733868
7_527,0.31329526294700555
7_528,0.31041711784229087
7_529,0.30582638487469666
7_531,0.3007519049381318
7_532,0.29661152978524746
7_533,0.28617234624789684
7_534,0.27392368582758736
7_535,0.2678263723637243
7_537,0.31326274408745347
7_538,0.3707363146619368
7_539,0.3715453044548868
7_540,0.3717547787733339
7_541,0.3787842950749535
7_542,0.3912184650526471
7_543,0.38975781505375867
7_544,0.3875222332780588
7_545,0.38468118077642555
7_546,0.3873514255423114
7_547,0.39028386631909145
7_548,0.395207226792358
7_549,0.392544198012967
7_550,0.4041991572623014
7_551,0.4095854008611554
7_552,0.354315284722977
7_553,0.2994931964737484
7_554,0.307131421939875
7_555,0.3026682531056756
7_556,0.3002502897294959
7_557,0.3457825826244655
7_558,0.34945019150241646
7_559,0.3108583396123824
7_560,0.3242209936150137
7_561,0.33693379788114225
7_562,0.3531864530145368
7_563,0.3680624695255289
7_564,0.3858431584563627
7_565,0.39182246386242936
7_566,0.41361438081752044
7_567,0.43291188655173707
7_568,0.4594153283681635
7_569,0.4797912008741497
7_570,0.5060835109661129
7_571,0.5136577735090565
7_572,0.4806501123562242
7_574,0.44532310600816094
7_575,0.4518150560128384
7_576,0.4698695176636654
7_577,0.48660080352492163
7_578,0.5109618343900204
7_579,0.5259521493981746
7_580,0.538050687194455
7_581,0.5531363204053772
7_582,0.5580132391570829
7_583,0.5741174234391907
7_584,0.5792122334960406
7_586,0.5808766252901657
7_587,0.5826291748731774
7_588,0.5873315517760217
7_589,0.6035318211839763
7_590,0.6105340922050847
7_591,0.6267511396635723
7_592,0.6342590016851558
7_593,0.6495815949917155
7_594,0.6400108790571069
7_595,0.610254995400587
7_597,0.610254995400587
7_598,0.610254995400587
7_600,0.610254995400587
7_601,0.610254995400587
7_603,0.610254995400587
7_604,0.610254995400587
8_0,0.610254995400587
8_1,0.610254995400587
8_2,0.610254995400587
8_3,0.610254995400587
8_4,0.610254995400587
8_5,0.610254995400587
8_6,0.610254995400587
8_7,0.610254995400587
8_8,0.6228072926223722
8_9,0.6172048339974263
8_10,0.6119014232355889
8_11,0.5949775590410216
8_12,0.5802742125038297
8_13,0.5671531457761916
8_14,0.5627832848278753
8_15,0.5589751674402904
8_16,0.5568221997940765
8_17,0.5623483816140464
8_18,0.5230806223969214
8_19,0.48410903827664786
8_20,0.48639928276761607
8_21,0.5086907843034688
8_22,0.5349591219132431
8_23,0.5593035771838616
8_24,0.5887780734690105
8_25,0.5923141628475935
8_26,0.6056288552679455
8_27,0.6218584652705229
8_28,0.6295204081619621
8_29,0.4103358043476613
8_30,0.4103358043476613
8_31,0.4103358043476613
8_32,0.4103358043476613
8_33,0.4103358043476613
8_34,0.4103358043476613
8_35,0.4103358043476613
9_0,0.4103358043476613
9_1,0.4103358043476613
9_2,0.4103358043476613
9_3,0.4103358043476613
9_4,0.4103358043476613
9_5,0.4103358043476613
9_6,0.4103358043476613
9_7,0.4103358043476613
9_8,0.46595880240909265
9_9,0.46107493913770087
9_10,0.45495895269971015
9_11,0.4519291024546423
9_12,0.4541119012666747
9_13,0.4506674290012462
9_14,0.43898738427393763
9_15,0.43708388497528367
9_16,0.4275483416457419
9_17,0.37908647920741456
9_18,0.33972355418607175
9_19,0.35055091841734193
9_20,0.35109719939335393
9_21,0.3574350415020858
9_22,0.3011478952082911
9_23,0.2476046701442923
9_24,0.25032914171453824
9_25,0.24618104229632382
9_26,0.24400663948832227
9_27,0.2397671885799377
9_28,0.2843416735893391
9_29,0.3361686304788842
9_30,0.3372079166723188
9_31,0.3339453575447174
9_32,0.3305977903262348
9_33,0.3235369135726102
9_34,0.31564651185177134
9_35,0.30770033288984494
9_36,0.3025196809556674
9_37,0.3043988091620428
9_38,0.31387301652991406
9_39,0.32412940499289156
9_40,0.3264091905284827
9_41,0.3319188618575419
9_42,0.3739762349105644
9_43,0.37211982102293517
9_44,0.31797686460847524
9_45,0.3113144983985461
9_46,0.31679278914490155
9_47,0.3212587900680339
9_48,0.3671126274932528
9_49,0.4128504283605047
9_50,0.414382297214482
9_51,0.40892059838664185
9_52,0.4078754287515972
9_53,0.40280043474290855
9_54,0.40188596789089165
9_55,0.401795702001753
9_56,0.44225924928694
9_57,0.439881609533109
9_58,0.3900587376671687
9_59,0.44453920804819924
9_60,0.4966500149612779
9_61,0.5068422998981902
9_62,0.5549641681514392
9_63,0.5529020689578974
9_64,0.5529797492882454
9_65,0.6003898630599701
9_66,0.5998891290491785
9_67,0.5999679898391279
9_68,0.6071252891306871
9_69,0.6019176454609594
9_70,0.6500750886650913
9_71,0.6498026599669297
9_72,0.5955021750569567
9_73,0.5938190975810116
9_74,0.5435157552334766
9_75,0.4895193471961132
9_76,0.47209337525487816
9_77,0.415124386790555
9_78,0.36178769402868444
9_79,0.30590617928564523
9_80,0.2509341614780489
9_81,0.25203941092784726
9_82,0.2551038485875216
9_83,0.24779409396109833
9_84,0.24857608930397407
9_85,0.19664989227186389
9_86,0.14837313086610596
9_87,0.15824942149029902
9_88,0.21076131892396857
9_89,0.24035236260698367
9_90,0.29568368192157524
9_91,0.2958362384018537
9_92,0.29521898909096095
9_93,0.29661994872966874
9_94,0.3003081657882679
9_95,0.31554137970555796
9_96,0.3250865390505208
9_97,0.32745962215389124
9_98,0.33439711346994516
9_99,0.3342962299083422
9_100,0.33886348697947777
9_101,0.337209984788596
9_102,0.332822626376369
9_103,0.28470634347966634
9_104,0.2589625143420343
9_105,0.20590331466659023
9_106,0.21156716883921275
9_107,0.21285717224850442
9_108,0.2661181008412206
9_109,0.3189572804295786
9_110,0.3130615719009061
9_111,0.30181934818299677
9_112,0.2952285120545317
9_113,0.28564066547814543
9_114,0.29167129751105614
9_115,0.2987051043731133
9_116,0.2960354417487657
9_117,0.3451529537183157
9_118,0.39088485059791894
9_119,0.3926756992497666
9_120,0.39533477318015275
9_121,0.397764497083892
9_122,0.40800388041739827
9_123,0.4077025821809518
9_124,0.4058383900169588
9_125,0.4058725822464716
9_126,0.4162930499185098
9_127,0.4289825382942508
9_128,0.4300950728505826
9_129,0.41935503929896234
9_130,0.4107785492520252
9_131,0.417043411140679
9_132,0.37640013277312356
9_133,0.3335875780458283
9_134,0.32651013973739146
9_135,0.3310136952745198
9_136,0.3377938985001935
9_137,0.33168672919041653
9_138,0.33396903903701747
9_139,0.33498187038178984
9_140,0.3335099256334098
9_141,0.32636649592462535
9_142,0.3166155127638402
9_143,0.32414470213471785
9_144,0.33231379408826905
9_145,0.3324318154420165
9_146,0.33166086064466427
9_147,0.3309200954761863
9_148,0.3368753996781266
9_149,0.3393895604937579
9_150,0.3372250740726922
9_151,0.32809507075658667
9_152,0.3301513544691741
9_153,0.279752341187462
9_154,0.23498433610319894
9_155,0.23297346971429214
9_156,0.23485574558196062
9_157,0.2376692607714199
9_158,0.23184042157393986
9_159,0.22711167699573423
9_160,0.23408936217365664
9_161,0.2445428617705066
9_162,0.2509281885057992
9_163,0.24170660921795545
9_164,0.2419438250741144
9_165,0.24112941373866537
9_166,0.2457682479309593
9_167,0.2481768790492647
9_168,0.2556023136559831
9_169,0.2502460574732803
9_170,0.25386144268978056
9_171,0.253558246489163
9_172,0.25505892312007966
9_173,0.25559798422746
9_174,0.2635267225781587
9_175,0.2705087223974462
9_176,0.3058465047626561
9_177,0.3416745428486718
9_178,0.344195098480741
9_179,0.3449634339465518
9_180,0.3563291540282968
9_181,0.36005706036400287
9_182,0.40664791941200906
9_183,0.44603027632042075
9_184,0.4554860348211841
9_185,0.46405800370230943
9_186,0.4683610474924649
9_187,0.47471111068077765
9_188,0.4817097964580229
9_189,0.47944490392213873
9_190,0.47585916058277533
9_191,0.43972702169059125
9_192,0.4080460634581595
9_193,0.4150034759019023
9_194,0.41760882278843015
9_195,0.4165864070057118
9_196,0.4091273818568387
9_197,0.3579354187851932
9_198,0.3118427067613904
9_199,0.3050243934707912
9_200,0.34409301019995897
9_201,0.38866249389184115
9_202,0.37965584268923996
9_203,0.4224196545695841
9_204,0.4654744103139286
9_205,0.45686804812236204
9_206,0.49580299938923295
9_207,0.527771186927346
9_208,0.5176769920599272
9_209,0.5636467129960215
9_210,0.6028414019884978
9_211,0.605345049454773
9_212,0.6143753387430627
9_213,0.6158026928534573
9_214,0.6187760986428044
9_215,0.5700131891958583
9_216,0.5440681633314053
9_217,0.5731960983504675
9_218,0.5290613237901184
9_219,0.4762587078724499
9_220,0.4758841041873993
9_221,0.42905897871481585
9_222,0.38214815811455966
9_223,0.38288564700856864
9_224,0.33452097283432913
9_225,0.2870282592649402
9_226,0.3338944393624365
9_227,0.37507807802092114
9_228,0.36984713863405855
9_229,0.3657508691776067
9_230,0.36647862538211684
9_231,0.34929395439883437
9_232,0.3250673350048749
9_233,0.322162895883592
9_234,0.3326462579681431
9_235,0.3473658423431268
9_236,0.35420083366328214
9_237,0.35812650052812045
9_238,0.3615967338369422
9_239,0.36040663774520676
9_240,0.35893363396870215
9_241,0.3076608551950161
9_242,0.3077059528282831
9_243,0.35902886550185664
9_244,0.36683014271417613
9_245,0.37607102884059374
9_246,0.420243407947094
9_247,0.4645580628874388
9_248,0.4585284632051014
9_249,0.4512311777799901
9_251,0.4450494672097542
9_252,0.4843448724621419
9_253,0.5262517510505161
9_254,0.5293005834720598
9_255,0.5305316102630441
9_256,0.5799633311778761
9_257,0.630870103946927
9_258,0.5838978872539998
9_259,0.5411823340518488
9_261,0.5371988255029324
9_262,0.5267239333562852
9_263,0.4848205786207622
9_264,0.43811362877625404
9_265,0.43854576665459105
9_266,0.48835206391584474
9_267,0.5297203675933942
9_268,0.4847419966021061
9_269,0.43840267424318086
9_270,0.4361631145804051
9_271,0.43779728823553626
9_272,0.40234581353796806
9_274,0.3691734152252221
9_275,0.3735017808223553
9_276,0.3671899300685216
9_277,0.36282587130699817
9_278,0.3651916932935245
9_279,0.3598972816539148
9_280,0.3626559849790893
9_282,0.36956889080498195
9_283,0.3701592867781934
9_284,0.36869999441644297
9_285,0.36657645871423405
9_286,0.41436830054508694
9_287,0.4573112409869103
9_288,0.4529672478707743
9_289,0.4405461770108954
9_290,0.42672712767343085
9_291,0.4692883526734718
9_292,0.5190599020948704
9_293,0.5190448256080978
9_294,0.5155315516249185
9_295,0.5134734606109383
9_296,0.5148405919946765
9_297,0.5583191695031142
9_298,0.5577542413799196
9_299,0.5059885853240004
9_300,0.5038066098032493
9_301,0.45407779149899075
9_302,0.40451142511175964
9_303,0.406667902702944
9_304,0.4113376703644358
9_305,0.41151811501462426
9_306,0.3592974701936619
9_307,0.3059366247325877
9_308,0.3083132063622987
9_309,0.31415561886013005
9_310,0.36267981797077853
9_311,0.4060193248801169
9_313,0.4075349582997266
9_314,0.4060499184105418
9_315,0.4086210779858196
9_316,0.41313579669376693
9_317,0.4149920548281897
9_318,0.4219322531488622
9_319,0.42339652779686937
9_320,0.4149745717122134
9_321,0.4139864760063782
9_322,0.4220135468712901
9_323,0.42855251056888805
9_324,0.4296511307962394
9_325,0.42046144472973196
9_326,0.37252333303602897
9_327,0.33019577616475465
9_328,0.2842916431145884
9_329,0.24353434628073983
9_330,0.24592310122398212
9_331,0.23654233100624716
9_332,0.2381630279393378
9_333,0.23662956161895116
9_335,0.2838463172222834
9_336,0.3126630914742328
9_337,0.3611491340861818
9_338,0.351321914211787
9_339,0.35225722350450894
9_340,0.35758842145563996
9_341,0.35843272016357125
9_342,0.3521472124074891
9_343,0.3403419681042529
9_344,0.332649413189336
9_345,0.3213435135450247
9_346,0.31853384340501906
9_347,0.3241596770447721
9_348,0.3165648441742535
9_349,0.3142183787730495
9_350,0.27080788730744615
9_351,0.2399732614754944
9_352,0.18635799298565953
9_353,0.1918864225331594
9_354,0.23729841838306895
9_355,0.2770660461823701
9_356,0.2845132678038743
9_358,0.2860335450557772
9_359,0.2860335450557772
9_360,0.2860335450557772
9_361,0.2860335450557772
9_362,0.2860335450557772
9_363,0.2860335450557772
9_365,0.2860335450557772
9_366,0.2860335450557772
10_91,0.5112205395690946
10_92,0.5112205395690946
10_93,0.5112205395690946
10_94,0.5112205395690946
10_95,0.5112205395690946
10_96,0.5112205395690946
10_97,0.5112205395690946
10_98,0.5112205395690946
10_99,0.5313576025460517
10_100,0.5278264905561235
10_101,0.530436588305704
10_102,0.5320138400933793
10_103,0.5301730786116284
10_104,0.527492109133505
10_105,0.5266324362075023
10_106,0.517948974846417
10_107,0.5177208361102481
10_108,0.520861908878181
10_109,0.554130627440275
10_110,0.5934218091221531
10_111,0.5483727237737919
10_112,0.5072000773933961
10_113,0.4959335803231927
10_114,0.4948426031582065
10_115,0.5213648051455738
10_116,0.5496299161947475
10_117,0.5466772247869607
10_118,0.5443092164859099
10_119,0.5366249235374596
10_120,0.5232310732591117
10_121,0.5168682466988381
10_122,0.5088149427957077
10_123,0.5004281645126181
10_124,0.4550395972153519
10_125,0.40817804503702554
10_126,0.40526338983347787
10_127,0.3998858006471407
10_128,0.40069958291365093
10_129,0.3912806522979922
10_130,0.34808471052576523
10_131,0.3091179108560161
10_132,0.30363912746056243
10_133,0.2910724556441184
10_134,0.28296629745423074
10_135,0.2786963569203749
10_136,0.27538610767748295
10_137,0.2679563344001353
10_138,0.2635649486966748
10_139,0.2593646032323491
10_140,0.2561811912200141
10_141,0.2536697823532023
10_142,0.25396453644147793
10_143,0.24800251958424582
10_144,0.24658753636278685
10_145,0.25077000954429424
10_146,0.29054584862460275
10_147,0.3305301749120305
10_148,0.3363028938962852
10_149,0.3399406451789007
10_150,0.3384307814848979
10_151,0.34687512876869575
10_152,0.35627286349303566
10_153,0.35408164425309463
10_154,0.36215006549488016
10_155,0.37499710082907467
10_156,0.3829298531471611
10_157,0.3828488263393915
10_158,0.39061517798780343
10_159,0.3947248327284667
10_160,0.3932209366111505
10_161,0.35383291032262826
10_162,0.31252617353304696
10_163,0.3567234322248192
10_164,0.4056176065704735
10_165,0.41818796870687935
10_166,0.41513771093807067
10_167,0.4163501390270382
10_168,0.4302627031102225
10_169,0.43515674131827203
10_170,0.4329718626475843
10_171,0.43015250772295616
10_172,0.4342049433573572
10_173,0.4340437833774146
10_174,0.4287012593547713
10_175,0.42649030557061746
10_176,0.4640305134016921
10_177,0.5026736952547132
10_178,0.4646731767792207
10_179,0.4626094929603834
10_180,0.4977740847287117
10_181,0.49614833126266245
10_182,0.48958652472166314
10_183,0.4814386315127563
10_184,0.47820209350708276
10_185,0.46986025095598094
10_186,0.469841572620615
10_187,0.474444302559722
10_188,0.46736333865576596
10_189,0.47049823360776233
10_190,0.4725522015006675
10_191,0.4358478460000074
10_192,0.39449286294440494
10_193,0.38497757558797485
10_194,0.3394797633457519
10_195,0.2957771858934354
10_196,0.2925542042683246
10_197,0.2955245908147228
10_198,0.2936773292769553
10_199,0.28445440637967595
10_200,0.29220316017679515
10_201,0.29534369603083926
10_202,0.28433236576028587
10_203,0.32596452684692756
10_204,0.36349617814730795
10_205,0.35793220184342756
10_206,0.3493919891049856
10_207,0.3538725098321882
10_208,0.36423401962287105
10_209,0.3692253866334471
10_210,0.3676288597107776
10_211,0.37077167394743665
10_212,0.36519537394269136
10_213,0.3739990360352534
10_214,0.37837462431208074
10_215,0.3712152213338496
10_216,0.37835437097760294
10_217,0.38240287972278536
10_218,0.3325844302188052
10_219,0.28591505380667015
10_220,0.28560768327140856
10_221,0.2808671529203528
10_222,0.26586849694620746
10_224,0.25067609976668875
10_225,0.24734863916669958
10_226,0.250517345541021
10_227,0.24446774335376997
10_228,0.24121396693254252
10_229,0.22651712296354368
10_230,0.22057232275724015
10_231,0.21631441674522014
10_232,0.20023199174582923
10_233,0.245671733521524
10_234,0.29697822765062515
10_235,0.29746043698807934
10_236,0.2945138588832624
10_237,0.29878987042360416
10_238,0.3015217715536436
10_239,0.351121416729499
10_240,0.39615877251142595
10_241,0.3882975400060875
10_242,0.3947687119400456
10_243,0.40625967382386285
10_244,0.404511626577783
10_245,0.4023852483723493
10_246,0.4085381633781095
10_247,0.45837444413211076
10_248,0.4583824897039479
10_249,0.41449156537718784
10_250,0.460588657550831
10_251,0.5081922435663142
10_252,0.5068095237172862
10_253,0.5111680381096279
10_254,0.46858761951424044
10_255,0.41753302576947926
10_256,0.46779953175207706
10_257,0.5119861899408776
10_258,0.507673186673611
10_259,0.5123255878970572
10_260,0.5238156695200559
10_261,0.5275687338861044
10_262,0.47586857166173446
10_263,0.42541206584745694
10_264,0.42181365634198736
10_265,0.36832861333713157
10_266,0.3174414286537924
10_267,0.31547715035088186
10_268,0.3093068085977347
10_269,0.3147782970201046
10_270,0.36171452037415003
10_271,0.3604101244878629
10_272,0.32033201948223844
10_273,0.31906590561019815
10_274,0.3208927719102579
10_275,0.31440114100721406
10_276,0.3566586579562558
10_277,0.40786548093751185
10_278,0.41017203476088393
10_279,0.41602256984994407
10_280,0.42075524626998445
10_281,0.4274018587699619
10_282,0.4315006898078749
10_283,0.4310228654017696
10_284,0.41757411799480093
10_285,0.3688871576248909
10_286,0.32541640923787346
10_287,0.3219306078777055
10_288,0.32752898517030554
10_289,0.3383405290114572
10_290,0.34826660298606626
10_291,0.30535283322267426
10_292,0.26005263764417924
10_293,0.2563221434966553
10_294,0.24750820911863175
10_295,0.25421889126327685
10_296,0.26105771167423436
10_297,0.25741642446369983
10_298,0.2590239184881363
10_299,0.2637412980268455
10_300,0.26437216956981746
10_301,0.2619503184839666
10_302,0.3072113750711709
10_303,0.3454255578464038
10_304,0.33320775784861506
10_305,0.3317648871831144
10_306,0.3367270421771398
10_307,0.34195643051070695
10_308,0.34359462126019646
10_309,0.34616651230634926
10_310,0.34273885665035286
10_311,0.3337325006851729
10_312,0.33695777301692276
10_313,0.38789159431464193
10_314,0.4352462332880682
10_315,0.45250917084528575
10_316,0.46030462561154606
10_317,0.4579162620696281
10_318,0.4595549817608914
10_319,0.45257428065535843
10_320,0.439997976176653
10_321,0.4247529628891737
10_322,0.41282532434407276
10_323,0.4108292347292959
10_324,0.41244601113246154
10_325,0.42020956028459994
10_326,0.43116530684314114
10_327,0.4308925337379913
10_328,0.4327960783441878
10_329,0.432551139505005
10_330,0.41389658455345385
10_331,0.40055796689712975
10_332,0.34954239284596517
10_333,0.3056969953219454
10_334,0.32184786605238536
10_335,0.3310726117319758
10_336,0.33361534458728104
10_337,0.338414149597544
10_338,0.33543357125048623
10_339,0.38102453620621796
10_340,0.4187931432770508
10_341,0.40496016867365053
10_342,0.39874694381373643
10_343,0.3470121809556369
10_344,0.297002651386169
10_345,0.30104119128843526
10_346,0.311789494581233
10_347,0.3151099671485265
10_348,0.3108529882353206
10_349,0.3024881713542632
10_350,0.2984143483027178
10_351,0.29905792358722205
10_352,0.29387117514784156
10_353,0.2970657000013301
10_354,0.2443954742045577
10_355,0.1921391198819264
10_356,0.1981041816588195
10_357,0.20923623514400438
10_358,0.21062239193135407
10_359,0.20692765400572924
10_360,0.20468676968177185
10_361,0.19183376748101924
10_362,0.19268630270853296
10_363,0.1980870213800283
10_364,0.1990175443408461
10_365,0.24493949882512858
10_366,0.2929912611701441
10_367,0.2949413188950524
10_368,0.2965735695771326
10_369,0.3035423782012312
10_370,0.3011752933119124
10_371,0.2995407360844279
10_372,0.34068800966166246
10_373,0.38733239654978596
10_374,0.38858940290759125
10_375,0.3885892933522085
10_376,0.3969765029727739
10_377,0.39758469458682266
10_378,0.39500594131501277
10_379,0.3970086243713247
10_380,0.3480291537473849
10_381,0.29680773032018576
10_382,0.29350336292065227
10_383,0.29940306764379326
10_384,0.30444099229299215
10_385,0.36023650497986964
10_386,0.40521593684820373
10_387,0.35767081321616906
10_388,0.30795989458837675
10_389,0.31879469120815157
10_390,0.327661841729497
10_391,0.3216937921898177
10_392,0.32288699121226827
10_393,0.3222436093837462
10_394,0.36648229110283775
10_395,0.41521968375458285
10_396,0.41702949756739477
10_397,0.42182738885917587
10_398,0.4104241800754386
10_399,0.45281965643380556
10_400,0.45146780936641384
10_401,0.4100963211324076
10_402,0.4598099367732748
10_403,0.4906292513083356
10_404,0.5324782996931379
10_405,0.5748682239703762
10_406,0.6281183167560119
10_407,0.6307146418704792
10_408,0.6359964076201251
10_409,0.5859590333775767
10_410,0.5380143641801746
10_411,0.5386148130798497
10_412,0.5431801372264771
10_413,0.5567853788476429
10_414,0.5557949027336468
10_415,0.5552248941590522
10_416,0.5978609824651039
10_417,0.5962045297012358
10_418,0.5699839610125731
10_419,0.5216131932725453
10_420,0.47031303951195624
10_421,0.4318105920774074
10_422,0.4351154193417628
10_423,0.4309574516859382
10_424,0.43757580982001054
10_425,0.44482142906196037
10_426,0.4479895651624099
10_427,0.4454130503329623
10_428,0.43837766164529735
10_429,0.3874682088173176
10_430,0.33898893977114714
10_431,0.2874357296548201
10_432,0.24872170949387168
10_433,0.25360075351185973
10_434,0.2580660413173297
10_435,0.262262499362637
10_436,0.30017105547812517
10_437,0.3403235826825115
10_438,0.38560518061241644
10_439,0.4282382546390106
10_440,0.4213012002722783
10_441,0.41952633881131457
10_442,0.42127266107850414
10_443,0.4284209694572644
10_444,0.4332161651876438
10_445,0.43566273744181816
10_446,0.4353700894585121
10_447,0.4231318376128945
10_448,0.4146044078611412
10_449,0.41262354616873065
10_450,0.413024358981322
10_451,0.36380033991369465
10_452,0.31558663282271143
10_453,0.29115110902608327
10_454,0.24746317677016993
10_455,0.24637400157582467
10_456,0.2460971087119834
10_457,0.23890261780828972
10_458,0.24066468393854304
10_459,0.24451855968450548
10_461,0.2377450924018065
10_462,0.24187451677924696
10_463,0.23976898230429158
10_464,0.24181751395531803
10_465,0.24634077815513
10_466,0.24986987493783522
10_467,0.2594303432936342
10_468,0.26138154390502394
10_469,0.2863450564373001
10_470,0.32986713793305633
10_471,0.32693496603728067
10_472,0.3291243707044268
10_473,0.33874299108312894
10_474,0.33774840955776636
10_475,0.3344321491564157
10_476,0.3477564025621478
10_477,0.3590492059342076
10_478,0.38470196970299114
10_479,0.3929776447212329
10_480,0.38887843252296356
10_481,0.3922520904287207
10_482,0.4337548023004453
10_483,0.4788937333132527
10_484,0.44013967451639474
10_485,0.38493424367325757
10_486,0.38935698681527264
10_487,0.39926278758577
10_488,0.40132451768653066
10_489,0.38795486933797674
10_490,0.3836585991141703
10_491,0.3738889688680825
10_492,0.3544964802779152
10_493,0.3292146056503901
10_494,0.3173430684923804
10_495,0.30706457146619637
10_496,0.2960449509489688
10_497,0.29594486282508636
10_498,0.29698943432091235
10_499,0.2804617391877125
10_500,0.28118781115952274
10_501,0.27904337604131535
10_502,0.2733476220766617
10_503,0.281616918677431
10_504,0.2871048337774652
10_505,0.28689933248795196
10_506,0.29096177495539116
10_507,0.3476026701178785
10_508,0.4007965519758836
10_509,0.4110507469692594
10_510,0.4112921811581144
10_511,0.40499809549673566
10_512,0.3468426040386257
10_513,0.29339551189061247
10_514,0.30336778502917916
10_515,0.3166888013229541
10_516,0.3191416438419877
10_517,0.31471613724514846
10_518,0.29221476884998254
10_519,0.28806816059984014
10_520,0.29102233884923306
10_521,0.2960951774148874
10_522,0.2532705920387739
10_523,0.19522207192699398
10_524,0.18081224860273465
10_525,0.18578408841101657
10_526,0.1943787124485459
10_527,0.19486615075595715
10_528,0.19344606235894746
10_529,0.18318255715791895
10_530,0.17071471789928974
10_531,0.21971382015480648
10_532,0.26787231131435124
10_533,0.32248538114399933
10_534,0.3748640290957373
10_535,0.38262459367270796
10_536,0.37081783790372713
10_537,0.35901165371782195
10_538,0.3613448657737028
10_539,0.36562269105454354
10_540,0.36708138415347247
10_541,0.36371745271356837
10_542,0.3676899764930235
10_543,0.42216668614550623
10_544,0.47844254706062544
10_545,0.4834173093324209
10_546,0.4824299240843565
10_547,0.481856574009945
10_548,0.43148834259895436
10_549,0.3936528660118272
10_550,0.37961250077643877
10_551,0.3828966152241679
10_552,0.3862101983857356
10_553,0.39865387990577367
10_554,0.45071013541810157
10_555,0.5015950490810808
10_557,0.5052680783081802
10_558,0.5067439264052621
10_559,0.4554027452034799
10_560,0.40768232295629026
10_561,0.41879268223184485
10_562,0.378165490057212
10_563,0.33668224458531226
10_564,0.36409698419582026
10_565,0.3857776922581557
10_566,0.43368886719679345
10_567,0.4779337612361353
10_568,0.5231914956979811
10_569,0.5559964871236487
10_570,0.5431584201345612
10_571,0.5248030388768867
10_572,0.5436358534969458
10_573,0.5604570698674487
10_574,0.5815905967512844
10_575,0.5901824732041115
10_576,0.6298525729359093
10_577,0.6720525268795573
10_578,0.671846956965014
10_579,0.6487194901390421
10_580,0.6238038410529737
10_581,0.6310963238294924
10_582,0.623334684308141
10_583,0.628290037462761
10_584,0.5944432944458289
10_585,0.5740016655079413
10_586,0.5513840981861814
10_587,0.547080866470741
10_588,0.5442354983471771
10_589,0.536278597659787
10_590,0.5324840929134036
10_591,0.5014640746264214
10_592,0.4671185669053928
10_593,0.4796017458228872
10_594,0.4907220205101555
10_595,0.4862513115570426
10_596,0.4395250040997727
10_597,0.4123535370146399
10_599,0.3962390308256
10_600,0.402630198984453
10_601,0.41008468721452096
10_602,0.41498093570916034
10_603,0.40741171745529375
10_604,0.4060635099540183
10_605,0.44611956082619547
10_606,0.4867775578700687
10_607,0.48535008074715164
10_609,0.47170850737137765
10_610,0.4573267135767548
10_611,0.4543749475545866
10_612,0.46438563772234165
10_613,0.47258648205332154
10_614,0.47372338784617607
10_616,0.455151410296915
10_617,0.45997825122952324
10_618,0.44852461212716505
10_619,0.4455076727481309
10_620,0.4485794487619321
10_621,0.4871844211353109
10_622,0.48416587312155396
10_623,0.45076198118515
10_624,0.4406270199911708
10_625,0.4517869167374898
10_626,0.46454301577320345
10_627,0.45945866254555834
10_628,0.49509716451076524
10_629,0.5317499137463265
10_630,0.5263517759389812
10_631,0.5171229869252368
10_632,0.5021613658877737
10_634,0.48584583812683146
10_635,0.469991366029751
10_636,0.4582448479252569
10_637,0.4139552801811481
10_638,0.3698510429196996
10_639,0.3648433738241078
10_641,0.35668240901458714
10_642,0.39406234409034685
10_643,0.411318643497988
10_644,0.45686635448844604
10_646,0.4178941866304269
10_647,0.41925314547999737
10_648,0.4648370125030946
10_649,0.4634219206328801
10_650,0.4720002367847668
10_651,0.4851662550687904
10_653,0.48956270926071943
10_654,0.5116668728147462
10_655,0.513201289776606
10_656,0.527486992531171
10_657,0.5191068752179213
10_658,0.5678158830939932
10_659,0.567079532825763
10_660,0.5799617209738168
10_662,0.5805420145635117
10_663,0.5786753840436014
10_665,0.5402371510132725
10_666,0.4995353186024342
10_667,0.4982275139422466
10_668,0.493857117305403
10_669,0.48853930848731864
10_670,0.4979338831474732
10_671,0.48629030045260796
10_672,0.496605969963879
10_673,0.4968900138324978
10_674,0.5117436690943671
10_676,0.4787935331124177
10_677,0.4464730298759198
10_678,0.42376507293390026
10_679,0.39036035538746344
10_680,0.3878379870985186
10_682,0.4273456865740905
10_683,0.46828756734687693
10_684,0.47522437070627427
10_685,0.48140950757450124
10_686,0.48403972174051485
10_687,0.4707350477892458
10_688,0.4618425502693907
10_689,0.4522032171313038
10_690,0.44196325361471717
10_691,0.43631043613438736
10_692,0.46991228612239166
10_693,0.5029962243084908
10_694,0.5264926964657605
10_695,0.5593484961357377
10_696,0.5576189618533629
10_697,0.5196071915417442
10_698,0.4834282509390544
10_699,0.5226817811335803
10_700,0.5435589469045923
10_701,0.5865251349789555
10_702,0.5973992356321419
10_703,0.6357966963358892
10_704,0.631985897507421
10_705,0.6285308870532648
10_707,0.6199847950782844
10_708,0.6218844784168579
10_709,0.6199294087410011
10_710,0.5744130691693948
10_711,0.5736574607638578
10_712,0.6183051024236295
10_714,0.6069591702657113
10_715,0.5973694182966721
10_716,0.6001798557966017
10_717,0.617723850472167
10_718,0.579069767789638
10_719,0.5826972374666926
10_720,0.5449415918483465
10_721,0.544042562552362
10_722,0.5478228897708443
10_723,0.5602841404194838
10_725,0.5166434182612174
10_726,0.47316711880171825
10_727,0.4733372331091551
10_728,0.4267392118353052
10_729,0.377087010620648
10_730,0.38625095420707356
10_731,0.3913988712803566
10_732,0.33946426666359986
10_734,0.2917061819994828
10_735,0.28771612051314094
10_736,0.28033439147639766
10_737,0.28386370828837015
10_738,0.2889998255427716
10_739,0.28659724968301475
10_740,0.3211018448902779
10_741,0.3620760604320405
10_743,0.3733348665355189
10_744,0.3826056769566775
10_745,0.38933728063131307
10_746,0.39865038431541755
10_748,0.40607942288411913
10_749,0.4163424305839399
10_750,0.4279972795312199
10_751,0.4336159998068754
10_752,0.4769703025842259
10_753,0.5244361041233377
10_754,0.5317552359092772
10_755,0.5343147113191608
10_757,0.5329269129643333
10_758,0.4887884685831577
10_759,0.4461681165819578
10_760,0.43667730577671254
10_761,0.43316808378507915
10_762,0.4345956612976155
10_763,0.4333033699208072
10_764,0.42169776132405035
10_765,0.41542871284762417
10_766,0.4221729026808353
10_767,0.4342234112582521
10_769,0.39860453240763755
10_770,0.36087401878200204
10_771,0.3549765343693885
10_772,0.3550543402634196
10_773,0.39970126798711253
10_774,0.4449457580080856
10_776,0.45574652513733244
10_777,0.4979625218359496
10_778,0.5389550583018623
10_779,0.5459536355843407
10_780,0.5539686295445065
10_781,0.5614477909541662
10_782,0.5616086274711711
10_783,0.5590449573402044
10_784,0.5570303188060943
10_785,0.5638323939868221
10_786,0.6004039289288201
10_787,0.6436250071865464
10_788,0.6418437541603234
10_789,0.6029941481384797
10_790,0.5586359054057046
10_791,0.5466312322524035
10_792,0.5084604241575466
10_793,0.4709908565725786
10_794,0.46206873566344836
10_795,0.44807744332031657
10_796,0.4371704483628681
10_797,0.43194779033340563
10_798,0.4331958747714042
10_799,0.42641652351774845
10_800,0.45602560605194997
10_801,0.457821132748415
10_802,0.42492901762237456
10_803,0.43507036447090797
10_804,0.4347186606596798
10_806,0.4289669020818902
10_807,0.43134842720039146
10_808,0.44347300713262217
10_809,0.46751492782922666
10_811,0.5070278772042028
10_812,0.555968471424068
10_813,0.5518999092745136
10_814,0.5371282621701461
10_815,0.5177525114709038
10_816,0.5084810477063159
10_817,0.46984729052024304
10_818,0.42025981640004867
10_819,0.4108023874716744
10_820,0.3995856685086674
10_821,0.387077310446745
10_823,0.38853123473924245
10_824,0.38194770720799925
10_825,0.3513349613114022
10_826,0.30546446105331154
10_827,0.25091037112219355
10_828,0.1951532699607949
10_830,0.1938239933837465
10_831,0.20237776316138353
10_832,0.2556733712571146
10_833,0.43691932968193387
10_834,0.43691932968193387
10_835,0.43691932968193387
10_836,0.43691932968193387
10_837,0.43691932968193387
10_838,0.43691932968193387
10_840,0.43691932968193387
11_0,0.43691932968193387
11_1,0.43691932968193387
11_2,0.43691932968193387
11_3,0.43691932968193387
11_4,0.43691932968193387
11_5,0.43691932968193387
11_6,0.43691932968193387
11_7,0.43691932968193387
11_8,0.4509910736590082
11_9,0.4613134302890271
11_10,0.4752012219478346
11_11,0.48852851009671805
11_12,0.49949040139962886
11_13,0.5083843681814665
11_14,0.46225765135758223
11_15,0.48194609013058154
11_16,0.46214772808796656
11_17,0.4606080363591518
11_18,0.41475124352174075
11_19,0.42410934208939144
11_20,0.4414815051352113
11_21,0.4551108274559181
11_22,0.4660096663907385
11_23,0.4757752375518585
11_24,0.47008103720671884
11_25,0.4603751851924848
11_26,0.46373884276824895
11_27,0.46398867482149236
11_28,0.4684588375602157
11_29,0.5137467382267792
11_30,0.49449476946184345
11_31,0.5140389448733648
11_32,0.470639224698874
11_33,0.47151635851610474
11_34,0.4693542839269797
11_35,0.4631164607870588
11_36,0.45451371474797525
11_37,0.4474475272848288
11_38,0.4815061210745605
11_39,0.5245701561233796
11_40,0.5679384676632941
11_41,0.6053338115042719
11_42,0.6004981824776188
11_43,0.5911332620233982
11_44,0.5907772279241457
11_45,0.6088367535120605
11_46,0.5635396421889459
11_47,0.5658678547650037
11_48,0.612784992507056
11_49,0.6520491861769108
11_50,0.6436707680632049
11_51,0.6424598398432118
11_52,0.6407547842329196
11_53,0.6395849761944168
11_54,0.6385508708816511
11_55,0.5960110045593724
11_56,0.5588993376207273
11_57,0.5640727328947938
11_58,0.5756197811790428
11_59,0.5380135357397051
11_60,0.5385102759273541
11_61,0.5858719223123808
11_62,0.5857782271453361
11_63,0.5491765788626998
11_64,0.5181365014794284
11_65,0.5628039475446315
11_66,0.5891195995981069
11_67,0.631940313330108
11_68,0.5949246558582337
11_69,0.5573159312131877
11_70,0.5535570602468431
11_71,0.5465375974405277
11_72,0.5408655579602346
11_73,0.5284082912919773
11_74,0.5193019056963273
11_75,0.4763907171445709
11_76,0.43474471332639697
11_77,0.44196287514894106
11_78,0.4775493133855754
11_79,0.5105310969166694
11_80,0.47198580070273727
11_81,0.4538430769611833
11_82,0.42610000408383125
11_83,0.4421241070366867
11_84,0.45889697243680067
11_85,0.4613798708414968
11_86,0.4650352640708181
11_87,0.47720927453625817
11_88,0.4823904231914005
11_89,0.49373638416189664
11_90,0.48740497063321847
11_91,0.47622152431448267
11_92,0.4642179838094779
11_93,0.4246275195329369
11_94,0.3691497256516589
11_95,0.3530674004317981
11_96,0.3325545405863091
11_97,0.3161085424083854
11_98,0.2871341383211282
11_99,0.25427347570458136
11_100,0.25084576768686645
11_101,0.25216552193122976
11_102,0.2403681984145875
11_103,0.2825603037057883
11_104,0.31809564063740414
11_105,0.32612139997437556
11_106,0.3752177218466354
11_107,0.4210084080311391
11_108,0.42921027399887723
11_109,0.4500910642319806
11_110,0.47623988746994605
11_111,0.532382987240619
11_112,0.5753102814940958
11_113,0.5936772745420117
11_114,0.6148933284739859
11_115,0.616951184774486
11_116,0.6088858349478794
11_117,0.6242934660582606
11_118,0.5828615453407823
11_119,0.5362031628056773
11_120,0.5764142801169653
11_121,0.5771687777355716
11_122,0.5323188501767964
11_123,0.5636900795421914
11_124,0.5959524101166696
11_125,0.5797492895789386
11_126,0.5314827386323117
11_127,0.4842237777813899
11_128,0.4662509765963689
11_129,0.4543628418121489
11_130,0.45312372910127746
11_131,0.4515563197684178
11_132,0.43753939001351233
11_133,0.4370586243261163
11_134,0.4390253694753292
11_135,0.3996308962087824
11_136,0.349816658146792
11_137,0.34701097113143653
11_138,0.29981463438413264
11_139,0.24746131902317853
11_140,0.23635905378704727
11_141,0.23821626701656168
11_142,0.2868775899607319
11_143,0.31397204451281907
11_144,0.3565766415855476
11_145,0.34374678820121063
11_146,0.3337102831384772
11_147,0.3785080144311523
11_148,0.4198809295724029
11_149,0.4182213085408803
11_150,0.4031953173473989
11_151,0.40100673812933524
11_152,0.45104844511984177
11_153,0.49814114558460126
11_154,0.49546420495716503
11_155,0.4958863041377474
11_156,0.49610141240022565
11_157,0.49438952670264974
11_158,0.5149424920480151
11_159,0.463353475454908
11_160,0.47421918916342515
11_161,0.48492400267172064
11_162,0.4398656020064842
11_163,0.40583606785595105
11_164,0.40712795793978324
11_165,0.4144617774884317
11_166,0.4179240037290361
11_167,0.3748895577869794
11_168,0.330263562785635
11_169,0.38618773566239933
11_170,0.44086368807498283
11_171,0.43180269877664185
11_172,0.3849253217614142
11_173,0.3363376127507863
11_174,0.34125043080401046
11_175,0.3435030483490082
11_176,0.3898794471790129
11_177,0.43323871093708094
11_178,0.4175474639462617
11_179,0.462038337238359
11_180,0.5096413461295557
11_181,0.5138901995231756
11_182,0.5539693353355485
11_183,0.5975309749514495
11_184,0.5723080313486257
11_185,0.5411395493129333
11_186,0.5946715840515804
11_187,0.6421883496493511
11_188,0.6508573290259491
11_189,0.6980315777886846
11_190,0.7436005384302339
11_191,0.7120781201998062
11_192,0.7118691886634336
11_193,0.7632237344719044
11_194,0.7279532681823082
11_195,0.6947375236405472
11_196,0.7104015646696179
11_197,0.6685273100378682
11_198,0.6322421013367633
11_199,0.6236079934671265
11_200,0.6169147082206383
11_201,0.5837787491624892
11_202,0.5839908202859319
11_203,0.6252336706052531
11_204,0.5907995615345407
11_205,0.554442234090217
11_206,0.5508557170801912
11_207,0.5498764685671982
11_208,0.5501896733523278
11_209,0.5530335783883655
11_210,0.5475733613277468
11_211,0.5379335004669198
11_212,0.5406925835315637
11_213,0.5777682432593786
11_214,0.6120866629962691
11_215,0.6465319651786889
11_216,0.6641173652795878
11_217,0.6639220405540758
11_218,0.6148222476122113
11_219,0.6019650454580431
11_220,0.5940893946211098
11_221,0.6273871740870842
11_222,0.6291290237649506
11_223,0.5780704559654584
11_224,0.5565217671652544
11_225,0.5446776233299384
11_226,0.5333529539397206
11_227,0.5183259591243139
11_228,0.46568343717052496
11_229,0.4149596922519525
11_230,0.37326509519274775
11_231,0.3362016828967304
11_232,0.28093839159813316
11_233,0.27736365814721853
11_234,0.3238685503130375
11_235,0.3679286136264788
11_236,0.3147956870751218
11_237,0.2618281452027772
11_238,0.2617736107471987
11_239,0.26186867239083483
11_240,0.2601310172884605
11_241,0.26019195473695417
11_242,0.2669271908476495
11_243,0.2735116138686217
11_244,0.28563787668104557
11_245,0.28404365320271635
11_246,0.2869768869677236
11_247,0.2942907168497605
11_248,0.29401949669216115
11_249,0.24014501905269142
11_250,0.23885412702284428
11_251,0.29281657220839286
11_252,0.3464499645279216
11_253,0.39618925166815827
11_254,0.40032366709175865
11_255,0.40728020132001924
11_256,0.4111512434043968
11_257,0.40562529566127137
11_258,0.3989158464957912
11_259,0.38583204833255286
11_260,0.3806850589428602
11_261,0.4321890558320532
11_262,0.4805852368303961
11_263,0.48322215924265827
11_264,0.4888726891557672
11_265,0.44747502117901966
11_266,0.4087287579377142
11_267,0.3613153591200645
11_268,0.312540539759708
11_269,0.315478427617303
11_270,0.3174564324534322
11_271,0.31876512337723056
11_272,0.33159202329414383
11_273,0.33879770188825026
11_274,0.3482032066592433
11_275,0.3542059214328532
11_276,0.35464492042305545
11_277,0.3543737027872789
11_278,0.3549439672620506
11_279,0.3612547606929725
11_280,0.36706119374789803
11_281,0.36906272660619555
11_282,0.37043143046749355
11_283,0.38041102692215956
11_284,0.38939931634730135
11_285,0.3936316084422546
11_286,0.39668709674908625
11_287,0.4395638378190771
11_288,0.48663427744902693
11_289,0.48191633939024714
11_290,0.48562954150832643
11_291,0.43882997121921424
11_292,0.39591699626216215
11_293,0.4048410182543506
11_294,0.40549959246462325
11_295,0.4040314011754024
11_296,0.40177213086010755
11_297,0.4082343239468133
11_298,0.4028891088471029
11_299,0.39899973370257663
11_300,0.3990177861014432
11_301,0.4002039960675273
11_302,0.3605149620283762
11_303,0.3212603591908772
11_304,0.32438154580370104
11_305,0.32800663578762745
11_306,0.33970648973908685
11_307,0.3498494244696627
11_308,0.3537147086171848
11_309,0.3605964975363877
11_310,0.3562674110345586
11_311,0.351535721352318
11_312,0.3481739828341893
11_313,0.35555308979910705
11_314,0.3621047250264003
11_315,0.37449231597413196
11_316,0.38179936567686373
11_317,0.38360219612674445
11_318,0.3882540062219179
11_319,0.39298697688907097
11_320,0.3970129582877821
11_321,0.4007527162403261
11_322,0.4021889186012849
11_323,0.40784373734588036
11_324,0.4063136597336605
11_325,0.4089376394509187
11_326,0.41033804634270427
11_327,0.4162341611461758
11_328,0.41511562866776747
11_329,0.4113181299224748
11_330,0.4031731818227602
11_331,0.39620028150756176
11_332,0.3936251611174147
11_333,0.3857796338791151
11_334,0.3735511971129991
11_335,0.359247751709877
11_336,0.34388830464496833
11_337,0.32598031050025444
11_338,0.30731567574696456
11_339,0.3438961834057121
11_340,0.38261757042900013
11_341,0.3756812660443661
11_342,0.3640498547312751
11_343,0.3633959021753397
11_344,0.4019117390874388
11_345,0.43534447479303
11_346,0.4159871921817818
11_347,0.45399726342078395
11_348,0.4951879713102353
11_349,0.4971682771347644
11_350,0.5429054208565507
11_351,0.5887565597273167
11_352,0.6367147545226479
11_353,0.6663517964986512
11_354,0.6663735854142684
11_355,0.623930917026841
11_356,0.6291054047950388
11_357,0.6173098704768591
11_358,0.6032844784861645
11_359,0.5506179029120911
11_360,0.5109395578355603
11_361,0.5248184403356024
11_362,0.4689764430407775
11_363,0.4167684098042225
11_364,0.4193246779301687
11_365,0.37166785703981026
11_366,0.31283478578845
11_367,0.25561554308098094
11_368,0.22541430968043025
11_369,0.1765075969633659
11_370,0.16927313139414174
11_371,0.1673604266571574
11_372,0.16773830732707917
11_373,0.1625878327287213
11_374,0.1592768672173633
11_375,0.1477494118902261
11_376,0.14250262616737078
11_377,0.15360224858048624
11_378,0.15356062064812578
11_379,0.14477023564148145
11_380,0.15196824236391124
11_381,0.16273254553972757
11_382,0.16251249403306214
11_383,0.16595560577264912
11_384,0.17451195429933927
11_385,0.17386508808947368
11_386,0.16318387993511854
11_387,0.16575774032682408
11_388,0.16553853393217796
11_389,0.22338637407125625
11_390,0.27548694816941394
11_391,0.32719208986337056
11_392,0.3729294669148965
11_393,0.4251409279585127
11_394,0.47979464270024175
11_395,0.4720401781424076
11_396,0.4714132615187675
11_397,0.4715225113474049
11_398,0.4625658982418942
11_399,0.44652956729903
11_400,0.4410824623279137
11_401,0.45034641294436645
11_402,0.462157754233101
11_403,0.4684453845771152
11_404,0.4159944562803763
11_405,0.3713236261773934
11_406,0.370455985692982
11_407,0.3698064668693702
11_408,0.3210004036342863
11_409,0.2817976630915729
11_410,0.28342490866354847
11_411,0.2875219192716933
11_412,0.30119877342500984
11_413,0.3040806045251056
11_414,0.35971153295490804
11_415,0.4155722564743681
11_416,0.4114659858186315
11_417,0.4005661697519436
11_418,0.4040279043860035
11_419,0.39944200769283233
11_420,0.39423566629549456
11_421,0.3424419580643439
11_422,0.2920510429895509
11_423,0.28953174166865975
11_424,0.2710006387640338
11_425,0.2689915011757803
11_426,0.313337208611683
11_427,0.35848039217155514
11_428,0.35374033409550126
11_429,0.29704386063958677
11_430,0.24191038692059022
11_431,0.24997513471669663
11_432,0.2724737758513585
11_433,0.27061221985337736
11_434,0.27078997131416455
11_435,0.27106227855977655
11_436,0.2863534975253498
11_437,0.2950274179946014
11_438,0.29341858963406037
11_439,0.2989528185367337
11_440,0.2969451348666681
11_441,0.23771656170177338
11_442,0.17897064782194688
11_443,0.1854317220701784
11_444,0.18729534106468368
11_445,0.189004515789288
11_446,0.1740279989347048
11_447,0.14844862776733722
11_448,0.1384487724221483
11_449,0.13462964544390343
11_450,0.14293936846967317
11_451,0.13542522704145016
11_452,0.12597030989273805
11_453,0.13076233708757115
11_454,0.13606854855812453
11_455,0.12747423187282356
11_456,0.12584893939847733
11_457,0.13137109458118895
11_458,0.1823973448812069
11_459,0.2393432025078252
11_460,0.24359305401275236
11_461,0.24246875536311654
11_462,0.2530491529602994
11_463,0.27199484476371566
11_464,0.28918432830194796
11_465,0.37202453045579814
11_466,0.37202453045579814
11_467,0.37202453045579814
11_468,0.37202453045579814
11_469,0.37202453045579814
11_470,0.37202453045579814
11_471,0.37202453045579814
12_521,0.37202453045579814
12_522,0.37202453045579814
12_523,0.37202453045579814
12_524,0.37202453045579814
12_525,0.37202453045579814
12_526,0.37202453045579814
12_527,0.37202453045579814
12_528,0.37202453045579814
12_529,0.39843286147398793
12_530,0.36028894160826613
12_531,0.3169492698841195
12_532,0.3140576612007318
12_533,0.3233472539136835
12_534,0.37912408708050765
12_535,0.4196722447719113
12_536,0.46017690805385913
12_537,0.5082729966644163
12_538,0.5300875528664843
12_539,0.5413477065391956
12_540,0.5367603097435568
12_541,0.5360324793112523
12_542,0.5532860381406329
12_543,0.5711087734910801
12_544,0.5824722265221507
12_545,0.6001955710550696
12_546,0.6252079165444617
12_547,0.6630104721583037
12_548,0.6900402816108968
12_549,0.6704321360640483
12_550,0.646585587148255
12_551,0.6211922982210022
12_552,0.6010663862946756
12_553,0.6250667921336469
12_554,0.6577794688543042
12_555,0.6845055019570998
12_556,0.6908447340448988
12_557,0.6804411527046679
12_558,0.6600404731333456
12_559,0.6346161757733573
12_560,0.6125952665229274
12_561,0.5850354930316629
12_562,0.5624251871185656
12_563,0.5383227572374503
12_564,0.5071205429961021
12_565,0.4771104638128744
12_566,0.45783588006901926
12_567,0.44290799888278015
12_568,0.4436096955871316
12_569,0.43668981146865704
12_570,0.4355880848430617
12_571,0.462746135826266
12_572,0.4452585646689269
12_573,0.4384957494187188
12_574,0.4491681550204835
12_575,0.4609182701643805
12_577,0.4752687680386831
12_578,0.4758123607082213
12_579,0.4750640508252245
12_580,0.48722126286266965
12_581,0.5000982648133688
12_582,0.5053485856182823
12_583,0.5003768766236533
12_584,0.4553717560209723
12_585,0.4155126110863701
12_586,0.3792776129223853
12_587,0.33474760552681126
12_588,0.33584888588282863
12_589,0.3819486439666472
12_590,0.41937517434004346
12_591,0.3919191651567956
12_592,0.3651027659573038
12_593,0.3436450143494174
12_594,0.384218474345733
12_595,0.42192041291996474
12_596,0.40592244704582575
12_597,0.3888461479279147
12_598,0.37213402736888707
12_599,0.3639738934663913
12_600,0.3591992863783755
12_601,0.360245498483853
12_602,0.3532455451424447
12_603,0.34628800697677126
12_604,0.29463149746119605
12_605,0.24496518819797938
12_606,0.25855146190179307
12_607,0.27428331276534157
12_608,0.28637799740570696
12_609,0.28474370783466335
12_610,0.28657344524559475
12_611,0.3110996284844217
12_612,0.3330521995199744
12_613,0.35201404262169517
12_614,0.36710118840995176
12_615,0.3848564176708989
12_616,0.40086236147316084
12_617,0.4194171184199936
12_618,0.4306206150432382
12_619,0.4390003121046523
12_620,0.44559866873889953
12_621,0.44969030571735064
12_622,0.4457857240494726
12_623,0.4396787783077159
12_624,0.43861288933023573
12_625,0.43650157401279155
12_626,0.4282226058234643
12_627,0.4227430198742705
12_628,0.4176935681691366
12_629,0.4002381834341424
12_630,0.37742537139319243
12_631,0.3546490603766079
12_632,0.33732087848031156
12_633,0.32727137943008666
12_634,0.3190191037012947
12_635,0.3123791834910841
12_636,0.30485638649334035
12_637,0.3091907345474402
12_638,0.31376126237554564
12_639,0.27707924160322
12_640,0.2284037537251743
12_641,0.23249398017531864
12_642,0.2575091513927107
12_643,0.28986878470578314
12_644,0.33889589003971976
12_645,0.39856931151758457
12_646,0.45669132758069575
12_647,0.49187924229338426
12_648,0.5147509395921672
12_649,0.5361360123125932
12_650,0.5553052264691555
12_651,0.5563203063218113
12_652,0.5516489698887737
12_653,0.5413821834987794
12_654,0.523888396275188
12_655,0.5159829224094172
12_656,0.4953037727482207
12_657,0.5103250343171803
12_658,0.5213113269250472
12_659,0.5285271509694905
12_660,0.5271812843696992
12_661,0.5270822699586797
12_662,0.5427949029252701
12_663,0.5149963276514595
12_664,0.49170621505031187
12_665,0.48425990351792336
12_666,0.5043213690812641
12_667,0.5296085043233626
12_668,0.5764738885050055
12_669,0.6268475600195671
12_670,0.6777301889167937
12_671,0.7283514240326089
12_672,0.7244537999611314
12_673,0.7146382483980258
12_674,0.7001078411173016
12_675,0.668501139876081
12_676,0.6701387600536548
12_677,0.672158984947714
12_678,0.6714259599093069
12_679,0.674210354903884
12_680,0.6653065349851877
12_681,0.6918280591184485
12_682,0.7128697609475736
12_683,0.7204750070587843
12_684,0.7254378546614334
12_685,0.6883065976354541
12_686,0.6399534702270254
12_687,0.5901945440168994
12_688,0.5494627889145186
12_689,0.5238105478904826
12_690,0.5054652294023777
12_691,0.4517651342104736
12_692,0.39469306071306887
12_693,0.3979165195635712
12_694,0.4031442897629042
12_695,0.45063283984784247
12_696,0.4497409430871462
12_697,0.4119353623907208
12_698,0.4138461810933428
12_699,0.4139207146316296
12_700,0.42110712685983487
12_701,0.44042998572895603
12_702,0.44991873557207085
12_703,0.4457074131131658
12_704,0.43540295361873593
12_705,0.43610599054126015
12_706,0.4406958290505108
12_707,0.45190578813076915
12_708,0.45472534106479306
12_709,0.45001071488825417
12_710,0.41139839042346227
12_711,0.4128079338199511
12_712,0.45138249895907434
12_713,0.4178207386682552
12_714,0.38460121048660223
12_715,0.3841852694934736
12_716,0.38938011985150817
12_717,0.39343083666460005
12_718,0.40930294586208416
12_719,0.42359743817433937
12_720,0.47214540137073774
12_721,0.5205266204606055
12_722,0.5228065975515396
12_723,0.5310228809533997
12_724,0.5360521913990844
12_725,0.5310499505340522
12_726,0.4952045860011721
12_727,0.4440711072803413
12_728,0.4294174986133674
12_729,0.4168546049615468
12_730,0.4023034033122711
12_731,0.43170358506913825
12_732,0.4711672144196168
12_733,0.4634876209067744
12_734,0.4533768174527465
12_735,0.3997293790819751
12_736,0.39983439601202114
12_737,0.44121227981827904
12_738,0.428325093827603
12_739,0.418367285176922
12_740,0.41761547012062544
12_741,0.4099610705385585
12_742,0.4112450006247226
12_743,0.40143458035546115
12_744,0.45057104842110174
12_745,0.48162969294770847
12_746,0.48079543955462617
12_747,0.4321348613393348
12_748,0.4331845973817019
12_749,0.4778413562432867
12_750,0.5119508657852071
12_751,0.5107820986982043
12_752,0.46490807455517363
12_753,0.5196681278321088
12_754,0.5728776169284026
12_755,0.6060871436862547
12_756,0.6426657425036884
12_757,0.6861630848603378
12_758,0.7345024080209472
12_759,0.7229983381280417
12_760,0.7324224537607358
12_761,0.7045844564468922
12_762,0.737331629259452
12_763,0.7556477968250764
12_764,0.7120481486008524
12_765,0.6915441975341228
12_766,0.6550100626697535
12_767,0.6640588164725322
12_768,0.6625224738345238
12_769,0.6652651924357863
12_770,0.6754060552124544
12_771,0.6811820200719818
12_772,0.6395141707624276
12_773,0.6094475420446553
12_774,0.5781699287446441
12_775,0.5357364719257032
12_776,0.5161681763961853
12_777,0.4733193164044838
12_778,0.49572997058926754
12_779,0.5387721386330685
12_780,0.5784058909478315
12_781,0.6162694630598197
12_782,0.6195798085826907
12_783,0.58576135099593
12_784,0.5411038677349868
12_785,0.5141351195044297
12_786,0.4937914442740237
12_787,0.5408159030057063
12_788,0.5770535778885222
12_789,0.6182591627326218
12_790,0.671221648024867
12_791,0.6726405077419721
12_792,0.6812583364015575
12_793,0.6384123710953303
12_794,0.5893796243274048
12_795,0.5427402373724249
12_796,0.4985295442725005
12_797,0.4886067110532157
12_798,0.47228486046566837
12_799,0.4647964057133428
12_800,0.44927628073394094
12_801,0.42888607044266064
12_802,0.37933184167445544
12_803,0.33267695004990033
12_804,0.2819635475588567
12_805,0.23637583064949036
12_806,0.24461678232409553
12_807,0.2511167004192875
12_808,0.26375764637179444
12_809,0.284103479915065
12_810,0.30922143698472315
12_811,0.3310771194680615
12_812,0.343758834486198
12_813,0.35698817380195264
12_814,0.36982781085171074
12_815,0.368397602780406
12_816,0.3640448977661554
12_817,0.36930007555620803
12_818,0.36932666615626686
12_819,0.3681470585504646
12_820,0.368050048425442
12_821,0.3613731699654751
12_822,0.35130498001705124
12_823,0.33595872906786517
12_824,0.36464138377325483
12_825,0.3865994699095392
12_826,0.355305752498888
12_827,0.3438362813573088
12_828,0.37848741027726096
12_829,0.4143291041520889
12_830,0.4562937137579449
12_832,0.5018627833397038
12_833,0.5082504218474769
12_834,0.5253559769968061
12_835,0.5476664412999839
12_836,0.5652208111173856
12_837,0.5760040376373661
12_838,0.5954555631738218
12_839,0.6115032921398438
12_840,0.5724799261090147
12_841,0.5322266700109268
12_842,0.5437538105611366
12_843,0.5403722884187016
12_844,0.499098373383651
12_845,0.4981312074563153
12_846,0.4996085267479318
12_847,0.45940303113340203
12_848,0.46708590511989156
12_849,0.45718282040424085
12_850,0.43559404557734627
12_851,0.4172263521767405
12_852,0.40235398835640107
12_853,0.3878189165464913
12_854,0.37619582333810125
12_855,0.37437186365286995
12_856,0.37603598937749744
12_857,0.3792820218911581
12_858,0.38711607374106644
12_859,0.38942318097762324
12_860,0.35367194939596397
12_861,0.3181427059309937
12_862,0.3210019849669924
12_863,0.31452748536625214
12_864,0.3160150185285693
12_865,0.32484778088875227
12_866,0.3193746258650209
12_867,0.3201950962818635
12_868,0.3176090097085001
12_869,0.3227731394648135
12_870,0.3294908201390342
12_871,0.3290889366465365
12_872,0.322324311362971
12_873,0.31860296393457704
12_874,0.31672899740099125
12_875,0.3169141631674935
12_876,0.31256854290111774
12_877,0.31875407371619163
12_878,0.313027879744383
12_879,0.3046059254470885
12_880,0.2988269021729936
12_881,0.31246572171859416
12_882,0.3613903261931173
12_883,0.41195141487058157
12_884,0.4145682841268598
12_885,0.40221319701297975
12_886,0.3986286562404032
12_887,0.4059759951598788
12_888,0.40756283662152715
12_889,0.41980481858213
12_890,0.42592521623107765
12_891,0.46637418487299215
12_892,0.4997150742907449
12_893,0.5081838058789694
12_894,0.5256581830011656
12_895,0.5360584821300314
12_896,0.5468201570945428
12_897,0.5118408170559449
12_898,0.47889382460893637
12_899,0.4768503904186628
12_900,0.473746093085845
12_901,0.4669489762202357
12_902,0.4695837812836758
12_903,0.4827918241664238
12_904,0.49164227077268763
12_905,0.5025105751373796
12_906,0.47904909703789283
12_907,0.45097605078670655
12_908,0.4573561236050496
12_909,0.4595696830770278
12_910,0.4695297510466787
12_911,0.4616871437404199
12_912,0.46004390204803525
12_913,0.45149244752550743
12_914,0.45430131425598985
12_915,0.4600763797437731
12_916,0.46128750142954655
12_917,0.4561022032083255
12_918,0.43817566567907396
12_919,0.4203418876372639
12_920,0.44008617540150563
12_921,0.4606123370721048
12_922,0.450758631630858
12_923,0.4346321449471152
12_924,0.42766008581811654
12_925,0.4060675637551563
12_926,0.3941764586836175
12_927,0.38422754475639986
12_928,0.37521102416148555
12_929,0.35497090219529254
12_930,0.3422483752337332
12_931,0.34291397880731217
12_932,0.3817694733822335
12_933,0.42667215277887743
12_934,0.4260227409084904
12_935,0.4280159898661399
12_936,0.42893087993055035
12_937,0.41290204157769345
12_938,0.3969248396985768
12_939,0.38158022410326004
12_940,0.3784169765469546
12_941,0.3743952023333678
12_942,0.38073796351520656
12_943,0.38261708260121374
12_944,0.3803607458302627
12_945,0.43789460170114736
12_946,0.4859930839998305
12_947,0.4275041980868064
12_948,0.36887952875669855
12_949,0.3588525045915846
12_950,0.3088883706895672
12_951,0.3085693467107531
12_952,0.3611636852911821
12_953,0.3820280856289936
12_954,0.39613336151934503
12_955,0.4089575330797049
12_956,0.46073703319820397
12_957,0.4994314272070731
12_958,0.4889655960083694
12_959,0.4964371378067965
12_960,0.4638622454087137
12_961,0.41592753597527937
12_962,0.4221065419236035
12_963,0.48065082741162624
12_964,0.5324256440802146
12_965,0.5331130864514501
12_966,0.48783117006429877
12_967,0.43005923229015675
12_968,0.415576352075635
12_969,0.3920804233012632
12_970,0.36978347359308344
12_971,0.3148605923973928
12_972,0.2763846192659428
12_973,0.2869960993699828
12_974,0.2772177754845903
12_975,0.3102241253760468
12_976,0.3555426948615425
12_977,0.3650466705302629
12_978,0.3317459686908947
12_979,0.2888099891742131
12_980,0.2911185218408203
12_981,0.2882910829429669
12_982,0.3004222944854605
12_983,0.3093347175213308
12_984,0.32433971536414014
12_985,0.3473224235502288
12_986,0.3711153866317789
12_987,0.38468188822128496
12_988,0.41569873885207437
12_989,0.461876504192775
12_990,0.44328909501982616
12_991,0.4452417986776615
12_992,0.4922065906187836
12_993,0.523961552822609
12_994,0.5664236415331342
12_995,0.5895459220985871
12_996,0.6154359319709571
12_997,0.6344730652883376
12_998,0.6512219108857165
12_999,0.6963415820401564
12_1000,0.7337687759334678
12_1001,0.7431993132979635
12_1002,0.7421080445231948
12_1003,0.7274789154339455
12_1004,0.7098571620059165
12_1005,0.6964249235884346
12_1006,0.6651642702066063
12_1007,0.6315913446320566
12_1008,0.6005337237049979
12_1009,0.5608218314031902
12_1010,0.5537088331592126
12_1011,0.5446078153744
12_1012,0.5718002111169025
12_1013,0.5985614499473867
12_1014,0.5775773966614826
12_1015,0.5411340507932519
12_1016,0.5245991902857383
12_1017,0.5138447645320662
12_1018,0.5456854843869099
12_1019,0.5785715196344299
12_1020,0.5819064657727872
12_1021,0.5850204994620289
12_1022,0.5834699341946517
12_1023,0.5816513037766826
12_1024,0.5794698164364862
12_1025,0.5805594484446401
12_1026,0.5831424942521269
12_1027,0.5840275331496672
12_1028,0.5848483770557423
12_1029,0.5685045152270439
12_1030,0.5729324640530347
12_1031,0.5799326041662344
12_1032,0.5889023505573654
12_1033,0.5559716472675372
12_1034,0.5166149908126072
12_1035,0.5102497699870298
12_1036,0.5136464203642852
12_1037,0.5219288242892444
12_1038,0.529460833576323
12_1039,0.5729571373327442
12_1040,0.6039185753403978
12_1041,0.6023188430441557
12_1042,0.5754516742453735
12_1043,0.5762963631276544
12_1044,0.6131981702984554
12_1045,0.6154207001385277
12_1046,0.6154937562549682
12_1047,0.6209105565587724
12_1048,0.6249576338428414
12_1049,0.6340293310134416
12_1050,0.6327195121828441
12_1051,0.6158698292685673
12_1052,0.5974933529773939
12_1053,0.5863801224440415
12_1054,0.550024032132865
12_1055,0.517396159781809
12_1056,0.5157409988336651
12_1057,0.49919364770358327
12_1058,0.45990015936947587
12_1059,0.45958997910766414
12_1060,0.48905621663493043
12_1061,0.4776112204927344
12_1062,0.455292633637792
12_1063,0.43370501795609695
12_1064,0.42224832755023495
12_1065,0.41919995237334445
12_1066,0.4225308285378343
12_1067,0.428856026868524
12_1068,0.43159089413447377
12_1069,0.4369130751878269
12_1070,0.42334920020742745
12_1071,0.40078659015941653
12_1072,0.3864863399398314
12_1073,0.3721621129383215
12_1074,0.32313638127929195
12_1075,0.2727014459817229
12_1076,0.25968129753039615
12_1077,0.24826191540028725
12_1078,0.24461106025561993
12_1079,0.2347033542289317
12_1080,0.21563690594843316
12_1081,0.19548825295094158
12_1083,0.17508909326159236
12_1084,0.1662308052797105
12_1085,0.13962827862144025
12_1086,0.13149466444512928
12_1087,0.12842534280533607
12_1088,0.18433728012572168
12_1089,0.23834978293181205
12_1090,0.24886477024532094
12_1092,0.24876579098409538
12_1093,0.2526168822284583
12_1094,0.2523034579348198
12_1095,0.2463889725012541
12_1096,0.24161766649017127
12_1097,0.2447839645535006
12_1099,0.2532144148816148
12_1100,0.25743160090805833
12_1101,0.24165257629465264
12_1102,0.24015296092206787
12_1103,0.23474440329992588
12_1104,0.24468339906068046
12_1105,0.19420182307301304
12_1106,0.14705768747189396
12_1107,0.14068050388968623
12_1108,0.132321107778183
12_1109,0.13629009323631494
12_1110,0.14766760558691583
12_1111,0.15666440578586321
12_1112,0.16004635443335632
12_1113,0.15569207065445792
12_1114,0.2048640034481933
12_1115,0.25729649133210497
12_1116,0.26945441152280764
12_1117,0.27688168688301545
12_1118,0.28079695462072696
12_1119,0.3317054996890609
12_1120,0.38367937402003716
12_1121,0.3729779563884649
12_1122,0.3605857201240018
12_1124,0.4224000081173208
12_1125,0.4713614886302066
12_1126,0.46413522518696143
12_1127,0.4630311126997309
12_1128,0.45629256511617855
12_1129,0.4591132809612279
12_1130,0.41417516573467317
12_1131,0.3678581814833726
12_1132,0.41705210702095974
12_1133,0.46808984726893144
12_1134,0.5218987915890321
12_1135,0.5205592004132977
12_1136,0.47132900823645263
12_1137,0.5277168578037628
12_1138,0.5857408620914898
12_1139,0.5322455154784673
12_1140,0.5323625539781381
12_1142,0.5866614416086885
12_1143,0.58142455129028
12_1144,0.5856506363337666
12_1145,0.5950923231346209
12_1146,0.5935724146025024
12_1147,0.5952754714824039
12_1148,0.5601492279797575
12_1149,0.5151424790910096
12_1151,0.46120724258922036
12_1152,0.4182355886139734
12_1153,0.425949776975455
12_1154,0.38435470530374916
12_1155,0.3367020883286416
12_1156,0.3380198675739787
12_1157,0.28984592296497064
12_1158,0.24169130977998735
12_1159,0.3005634660529362
12_1160,0.3562493745995027
12_1161,0.3487048370996452
12_1162,0.3453924416957776
12_1163,0.3419876804864545
12_1164,0.3259220790860376
12_1165,0.31711717913396
12_1166,0.31840314054180346
12_1167,0.30357656107157766
12_1168,0.28754057332778993
12_1169,0.2765243691294571
12_1171,0.3242090405393709
12_1172,0.3556574520651047
12_1173,0.4031131481865314
12_1174,0.3913533558532135
12_1175,0.34153759300922776
12_1176,0.29793246210704893
12_1177,0.3081908143839761
12_1179,0.30648828843022546
12_1180,0.29935672197912394
12_1181,0.30662929558972035
12_1182,0.3608733087690979
12_1183,0.393234660287106
12_1184,0.43121336872604105
12_1185,0.4878527885124667
12_1186,0.49944256500116796
12_1187,0.4503024368164361
12_1188,0.4680295917415671
12_1189,0.4669505138724818
12_1190,0.471991954531982
12_1191,0.5204407047953369
12_1192,0.5622729824099372
12_1193,0.5502083775832111
12_1194,0.5476461540281234
12_1195,0.5551171749644932
12_1196,0.5479998693408533
12_1197,0.5006301501666467
12_1198,0.47641452071803453
12_1199,0.44224453584852885
12_1200,0.3881378711154961
12_1201,0.3766853596313273
12_1202,0.3652014169004144
12_1203,0.30566978594674515
12_1204,0.3067078779946312
12_1205,0.3603172898352382
12_1207,0.30065972537921687
12_1208,0.30241498417219137
12_1209,0.3590857726092315
12_1210,0.3728935843609662
12_1211,0.37751746892496896
12_1212,0.38170153900167264
12_1213,0.36899282865854227
12_1214,0.3549496982235207
12_1215,0.3573821992845297
12_1216,0.3677332150126526
12_1217,0.37971580687520196
12_1218,0.38740606140382605
12_1219,0.4468123972786037
12_1220,0.447474173767774
12_1221,0.41046361316747315
12_1222,0.42601656469034865
12_1223,0.3790079095035575
12_1224,0.3322575068653352
12_1225,0.3285768681091341
12_1226,0.31917999666993985
12_1227,0.30635479775198443
12_1228,0.3113838348057617
12_1229,0.31432477420290217
12_1231,0.33243967420378895
12_1232,0.3412392650137667
12_1233,0.3343441494222057
12_1234,0.34327059271527605
12_1235,0.3020850460244974
12_1236,0.24933738486535675
12_1237,0.286725443386101
12_1238,0.3326310859039755
12_1239,0.3384436428133634
12_1240,0.33984784183860434
12_1241,0.36078111949915254
12_1243,0.360097204653539
12_1244,0.3732639189355137
12_1245,0.39178208596401387
12_1246,0.40530529844124424
12_1248,0.4073441970522165
12_1249,0.44256246393022686
12_1250,0.49188037251450045
12_1251,0.5041450392196701
12_1252,0.5236884773479464
12_1254,0.5763312578542873
12_1255,0.575837193156831
12_1256,0.5742905116894882
12_1257,0.5888386178164431
12_1258,0.5995949753077044
12_1259,0.5838694445835971
12_1260,0.5980659905633859
12_1261,0.6145802662278276
12_1262,0.6166789137466495
12_1263,0.6596785207352094
12_1264,0.2597940589145562
12_1265,0.2597940589145562
12_1266,0.2597940589145562
12_1267,0.2597940589145562
12_1268,0.2597940589145562
12_1269,0.2597940589145562
12_1270,0.2597940589145562
13_0,0.2597940589145562
13_1,0.2597940589145562
13_2,0.2597940589145562
13_3,0.2597940589145562
13_4,0.2597940589145562
13_5,0.2597940589145562
13_6,0.2597940589145562
13_7,0.2597940589145562
13_8,0.2192572478459097
13_9,0.15695793511688627
13_10,0.17176031835297673
13_11,0.22777877594905604
13_12,0.2519258938901465
13_13,0.2973905151030268
13_14,0.2879881530114066
13_15,0.2786693280325709
13_16,0.26850479769311664
13_17,0.24708546373744106
13_18,0.22804306809209715
13_19,0.21239058940730698
13_20,0.2111169385368061
13_21,0.2046404194324449
13_22,0.19861307980011583
13_23,0.21238028494608274
13_24,0.22465777392606293
13_25,0.20989853831406138
13_26,0.15394226098270875
13_27,0.11630615087631395
13_28,0.06176323261247201
13_29,0.07506806076301967
13_30,0.13753354491699604
13_31,0.1995085675134763
13_32,0.2218328308059164
13_33,0.23492759511300884
13_34,0.2345311287618559
13_35,0.2394548655407383
13_36,0.24405894612497597
13_37,0.24607642108477945
13_38,0.2328727543558405
13_39,0.2212817368415057
13_40,0.22706593488435542
13_41,0.2288150827586858
13_42,0.22616282079201194
13_43,0.23224805220760483
13_44,0.24136044551820707
13_45,0.1909885941297921
13_46,0.14187452967766767
13_47,0.13445016659296125
13_48,0.14414081395428546
13_49,0.20544982083670613
13_50,0.2620021278282545
13_51,0.2575200333700364
13_52,0.25708597330963684
13_53,0.25720969459945464
13_54,0.2567181220687037
13_55,0.2513504223945066
13_56,0.24466231746920677
13_57,0.24553798736191335
13_58,0.2344685166084207
13_59,0.21189806579664394
13_60,0.199918612793644
13_61,0.1870756070825326
13_62,0.1708488534807903
13_63,0.14787690922899246
13_64,0.0865070058692317
13_65,0.026757252557511504
13_66,0.026729818325757878
13_67,0.0258898366219256
13_68,0.036023198724547664
13_69,0.05744679726198501
13_70,0.06412235493171202
13_71,0.0642410288202548
13_72,0.06331732997678258
13_73,0.062013368020682795
13_74,0.06177391377799809
13_75,0.07157487331443523
13_76,0.09078637049304879
13_77,0.1011097096396384
13_78,0.11168384359095093
13_79,0.12339276671120403
13_80,0.12172910292812457
13_81,0.12553251231693216
13_82,0.1407139383209605
13_83,0.14251998141333264
13_84,0.1326278365253075
13_85,0.18689554389539292
13_86,0.22692980620755812
13_87,0.2880295473881899
13_88,0.3078090545470879
13_89,0.36898748779714646
13_90,0.4202091532764896
13_91,0.40821241005098063
13_92,0.4020146634501967
13_93,0.3949714937547636
13_94,0.4439695026741474
13_95,0.5049291616966143
13_96,0.5024695759161565
13_97,0.4982727313223796
13_98,0.49332444510994533
13_99,0.4894564256137502
13_100,0.43503980545216603
13_101,0.4019323033876042
13_102,0.3485345907907605
13_103,0.3896204506663431
13_104,0.38882153930333596
13_105,0.3392263213985211
13_106,0.3424142579629486
13_107,0.3396506215935996
13_108,0.33791133682430985
13_109,0.2836360960920194
13_110,0.22769780668739054
13_111,0.22818225144718385
13_112,0.2280719800092336
13_113,0.23145070162597065
13_114,0.239319209449293
13_115,0.2473137130397699
13_116,0.24524026354857695
13_117,0.24100035668508196
13_118,0.2409652947916093
13_119,0.22176281567503206
13_120,0.2725182734130051
13_121,0.2706859228848091
13_122,0.27621765567793144
13_123,0.28300461215832917
13_124,0.2764998035298645
13_125,0.2879683285293064
13_126,0.30846122572510143
13_127,0.3155901262403605
13_128,0.31645769692407255
13_129,0.3608128852736751
13_130,0.40750299261651785
13_131,0.40859873693900617
13_132,0.4122673400486954
13_133,0.3509853863932084
13_134,0.31385072794977004
13_135,0.254977141289703
13_136,0.25384187480182807
13_137,0.25778394744857136
13_138,0.26219101390204064
13_139,0.26702316374754126
13_140,0.2729853019503374
13_141,0.2642278761544824
13_142,0.2539196671571574
13_143,0.24620673498162554
13_144,0.19451979286918117
13_145,0.13860780265204095
13_146,0.13850319324361487
13_147,0.1407197863600946
13_148,0.14305202461876798
13_149,0.1479551241460652
13_150,0.14392438775455013
13_151,0.14603224917711646
13_152,0.19661198631833257
13_153,0.24590651097877236
13_154,0.2546348981817255
13_155,0.257855965685459
13_156,0.26263297554494264
13_157,0.2765055848884781
13_158,0.28841001500927066
13_159,0.28629697147409566
13_160,0.2807076952848824
13_161,0.27518248819619434
13_162,0.27360412973788567
13_163,0.2892094721519319
13_164,0.2982548396046108
13_165,0.3047356020185726
13_166,0.29544388210192124
13_167,0.23523275064145643
13_168,0.17297826563492066
13_169,0.1603035601016257
13_170,0.13454003499529094
13_171,0.12099138819161029
13_172,0.10361239419494153
13_173,0.08750991231372245
13_174,0.08731880855587587
13_175,0.09375855541318143
13_176,0.09931384532852479
13_177,0.09803899989309726
13_178,0.08507662335326159
13_179,0.08265189841830933
13_180,0.08874593241657704
13_181,0.08826047028468231
13_182,0.09515608444801013
13_183,0.09799449397295963
13_184,0.10326476568570021
13_185,0.11453540090585701
13_186,0.11830863031169846
13_187,0.12055323494830246
13_188,0.127094189669655
13_189,0.18226871288019098
13_190,0.23848550438260982
13_191,0.23937199603816048
13_192,0.23980654392073228
13_193,0.2437060955773602
13_194,0.23591454726955813
13_195,0.22385633372126676
13_196,0.23460669322263017
13_197,0.2391614911976838
13_198,0.23590571102920457
13_199,0.2295058594456854
13_200,0.21765162363438412
13_201,0.2083288190072806
13_202,0.20108661156461863
13_203,0.19478653239156066
13_204,0.13367452069798352
13_205,0.07689104327147042
13_206,0.07464841186656189
13_207,0.1283391085536408
13_208,0.18152259801396725
13_209,0.18243114336235292
13_210,0.19129078556794443
13_211,0.190927601545605
13_212,0.19565530680864274
13_213,0.2130797746929707
13_214,0.2208060705955296
13_215,0.23186414599436458
13_216,0.24118689412359293
13_217,0.2575345848624367
13_218,0.25853902767929693
13_219,0.26359273790291177
13_220,0.26379694906808243
13_221,0.2664242721139406
13_222,0.2162419984769252
13_223,0.17081109480660983
13_224,0.18466113037518678
13_225,0.19610856426340623
13_226,0.20417041144713782
13_227,0.20660634891106286
13_228,0.2088134931366231
13_229,0.22351643233104954
13_230,0.24085480772230267
13_231,0.2550009682072679
13_232,0.26109043983231306
13_233,0.2805495833184828
13_234,0.33618409259829035
13_235,0.391202762296331
13_236,0.3963698222348261
13_237,0.4051959777922313
13_238,0.40875606064503545
13_239,0.44944600907918714
13_240,0.4927820513582811
13_241,0.5380593450459443
13_242,0.5796677764310146
13_243,0.5652665322227702
13_244,0.5514529542750819
13_245,0.5361564711202068
13_246,0.5201242642249905
13_247,0.5039420030174164
13_248,0.4909285855257971
13_249,0.4423563520123899
13_250,0.4024184323850814
13_251,0.45215438107203815
13_252,0.4939989220405094
13_253,0.48373553344449394
13_254,0.4367613604745237
13_255,0.3881551290457803
13_256,0.34381858706914054
13_257,0.3053591650891682
13_258,0.3192932356347316
13_259,0.32499661374505606
13_260,0.3284470120585686
13_261,0.3304125587025727
13_262,0.33937997271339226
13_263,0.3441261195000307
13_264,0.3466182084636916
13_265,0.3362316895281989
13_266,0.28593921448277926
13_267,0.28569185995282864
13_268,0.3382814417269056
13_269,0.3348635560129246
13_270,0.3245050792541335
13_271,0.30930590841911626
13_272,0.28896768090962144
13_273,0.33113051731310034
13_274,0.3794590307358761
13_275,0.36737366359149376
13_276,0.3652731471941612
13_277,0.3679644175233731
13_278,0.3715326969508251
13_279,0.3718977410164038
13_280,0.3804367651021099
13_281,0.4289497704535957
13_282,0.40899880559462926
13_283,0.4091171186309089
13_284,0.41312810979561615
13_285,0.4080521199604723
13_286,0.414803275542606
13_287,0.4733828618094024
13_288,0.45388905633382925
13_289,0.4543716769184707
13_290,0.45460037185238367
13_291,0.44737685047789283
13_292,0.43019033237956583
13_293,0.41376870046999475
13_294,0.4061756384321924
13_295,0.3943515008756625
13_296,0.3389309738131722
13_297,0.30521991223350015
13_298,0.2533393530850299
13_299,0.2599839266217975
13_300,0.2818894949087707
13_301,0.27857508974457523
13_302,0.21774787978383214
13_303,0.1834197791890144
13_304,0.12343829022162058
13_305,0.13308478060709913
13_306,0.1940949405632829
13_307,0.25567641209727116
13_308,0.25612675021147674
13_309,0.25133085869466404
13_310,0.24930032536119695
13_311,0.24369360568190565
13_312,0.23686262057229573
13_313,0.22648992777101076
13_314,0.21204696367771797
13_316,0.19975498306051653
13_317,0.19883527784781588
13_318,0.1996313629534355
13_319,0.19229930636394957
13_320,0.1896054393706388
13_321,0.1757419189125313
13_323,0.11521339802211723
13_324,0.05343013469591497
13_325,0.052674425543072126
13_327,0.050692594542918606
13_328,0.045615369789809956
13_329,0.045431064883227686
13_330,0.04403485801580238
13_331,0.04392092413036454
13_332,0.03492125749341748
13_333,0.03205296870300874
13_335,0.03166209367852424
13_336,0.04850982167819102
13_337,0.06494241487508806
13_338,0.1265865737101762
13_339,0.1884731444571728
13_340,0.18889464925233826
13_341,0.18865588961356577
13_342,0.18915984492834276
13_343,0.18821774008481712
13_344,0.20121363554002272
13_345,0.21493200845086333
13_346,0.2760433357328909
13_348,0.3391833079050398
13_349,0.3574648479817643
13_350,0.36543656245364176
13_351,0.378875723344073
13_352,0.37415623313722635
13_353,0.35735258331025893
13_354,0.30099370790906443
13_355,0.23997657880419013
13_356,0.24513410973252162
13_357,0.25221140043226425
13_358,0.313477594988186
13_359,0.376250140538801
13_360,0.42442420637567696
13_361,0.47224781931527837
13_363,0.4198111815394343
13_364,0.3570527169233503
13_365,0.3504036024867835
13_367,0.39734341457676536
13_368,0.4389163841131007
13_369,0.43526026112862776
13_370,0.44937808863116013
13_371,0.4500760589819429
13_372,0.4491084075213833
13_374,0.45961052226270166
13_375,0.4679523143301401
13_376,0.4066430906910316
13_378,0.3508309242039946
13_379,0.3510208406666625
13_380,0.35214193492132323
13_381,0.347724392217791
13_382,0.3535266022827264
13_383,0.36247973881914874
13_384,0.31536879420910224
13_385,0.3157425968414029
13_386,0.36859056343015906
13_387,0.36920066557964765
13_388,0.3804387309503339
13_389,0.39374170771104045
13_390,0.38851358703511957
13_391,0.37746954295263396
13_392,0.3875851357319062
13_393,0.44227767959979075
13_394,0.44282010621468615
13_395,0.40018794367069443
13_396,0.4567381358516223
13_397,0.4964728046467299
13_398,0.538738305012772
13_399,0.5534562687598049
13_400,0.519571354071056
13_401,0.4766560417205716
13_402,0.47589436675536273
13_403,0.46500624230319165
13_404,0.46241374649967476
13_405,0.4629375703064735
13_407,0.4812119965923321
13_409,0.4876400210414463
13_410,0.45232378099358106
13_411,0.41363835153486406
13_412,0.45413859319123245
13_413,0.455463709485782
13_414,0.43789212255609944
13_415,0.39867229027277656
13_416,0.3877856597762994
13_417,0.38639302418547194
13_418,0.4276346355618237
13_419,0.4756632697204807
13_421,0.48605942294635196
13_422,0.4949520011820584
13_423,0.5421392547785165
13_424,0.5820435560386542
13_425,0.5847312461540051
13_426,0.5977216936412895
13_427,0.6030258205727431
13_428,0.5696251740919247
13_429,0.5285040484859393
13_430,0.5180194565219485
13_432,0.5566731019051158
13_433,0.601617799835155
13_435,0.5995370112477735
13_436,0.5579445049635297
13_437,0.5130636604956852
13_438,0.506621278126292
13_439,0.502404021672686
13_440,0.4587080845437152
13_441,0.4115922457501528
13_443,0.4098117899218362
13_444,0.38759487526585773
13_445,0.39867708607408525
13_446,0.40004858589080333
13_447,0.4126039628644246
13_448,0.43282104743560307
13_449,0.431440498455722
13_450,0.43026780710529733
13_451,0.45470137862192195
13_453,0.4811411718081195
13_454,0.508595539575617
13_455,0.5387739910846608
13_456,0.5548290410974613
13_457,0.5696105992737517
13_459,0.5787978825693985
13_460,0.5743315461559036
13_461,0.5602882826643245
13_462,0.529588299741651
13_463,0.511870774968765
13_464,0.4930431286269284
13_465,0.47330471229070503
13_466,0.4290079717981915
13_467,0.388072749064777
13_468,0.40155638129550264
13_469,0.4180795090022712
13_470,0.41354315840139566
13_471,0.41648350748799284
13_472,0.43538109926193
13_473,0.4614127004210129
13_474,0.49496012360102654
13_475,0.5384974036453218
13_476,0.5949329554515891
13_477,0.6465899213045632
13_478,0.6940344883078798
13_479,0.7335306004945091
13_480,0.7640822371304627
13_481,0.7989582717572353
13_482,0.8381667154253966
13_483,0.8334960531442879
13_484,0.809817808358812
13_485,0.8073639015247878
13_487,0.7944073793146753
13_488,0.7806721522461849
13_489,0.7651969347408951
13_491,0.7441201571801218
13_493,0.748357449098405
13_494,0.7498084083964884
13_495,0.7304289408266638
13_496,0.6995940450085735
13_497,0.7050203268271618
13_498,0.7170767155381339
13_499,0.6882250307377957
13_500,0.6504100905354651
13_501,0.6200869976061225
13_502,0.6036467350853978
13_503,0.5857443350388571
13_504,0.582173075185522
13_505,0.5682395481799385
13_506,0.5477970871707313
13_507,0.5340966396797044
13_508,0.49557758198951485
13_509,0.45879647982430244
13_510,0.4413559223636165
13_511,0.436355904237885
13_512,0.4020084404124557
13_513,0.36339460820781183
13_514,0.36632568584007663
13_515,0.36919401669869384
13_516,0.36280327692318
13_517,0.3678298888735695
13_518,0.3616043722411643
13_519,0.3418737840134371
13_520,0.37886071797270787
13_521,0.419752869959187
13_522,0.4033472943140743
13_523,0.38669652771367136
13_524,0.38063953763933456
13_525,0.36637069726376287
13_526,0.3512584842681737
13_527,0.3867830839142271
13_528,0.4279998640588805
13_529,0.4090263770720688
13_530,0.38975829973904247
13_532,0.37958268325946426
13_533,0.37649050449262395
13_534,0.37719265547444414
13_535,0.37566536650847343
13_536,0.3234454380832444
13_537,0.27264411717254167
13_538,0.27607066614166603
13_539,0.2773834130384962
13_540,0.2750357503186749
13_541,0.28367736891792794
13_542,0.31311959331635253
13_543,0.31311959331635253
13_544,0.31311959331635253
13_545,0.31311959331635253
13_546,0.31311959331635253
13_547,0.31311959331635253
13_548,0.31311959331635253
14_0,0.31311959331635253
14_1,0.31311959331635253
14_2,0.31311959331635253
14_3,0.31311959331635253
14_4,0.31311959331635253
14_5,0.31311959331635253
14_6,0.31311959331635253
14_7,0.31311959331635253
14_8,0.31534139705924147
14_9,0.31595490073731375
14_10,0.308139493716397
14_11,0.29595234919338725
14_12,0.2894746287658645
14_13,0.28398185001554577
14_14,0.2702226079134557
14_15,0.2662426460062223
14_16,0.24966600558030405
14_17,0.2354070635457332
14_18,0.28625506188687305
14_19,0.3341464574745333
14_20,0.3202908578494193
14_21,0.31492574647076804
14_22,0.36387847488730274
14_23,0.4059822250162063
14_24,0.39346083962028156
14_25,0.3899535090995359
14_26,0.3858804250325955
14_27,0.3862314492280641
14_28,0.38766579704873977
14_29,0.3988914594782905
14_30,0.3960289972436507
14_31,0.400944902674027
14_32,0.4032591483645652
14_33,0.3568706748512789
14_34,0.31697146067679594
14_35,0.37087021090074784
14_36,0.4193356210713126
14_37,0.37904982797378495
14_38,0.3354813452343908
14_39,0.34508492637956156
14_40,0.3450874693477776
14_41,0.3532067619881133
14_42,0.36253996357060764
14_43,0.367859357029234
14_44,0.3651056561222448
14_45,0.37162945254671415
14_46,0.37051894269292596
14_47,0.37124123819419114
14_48,0.36122809650307436
14_49,0.34395125155278433
14_50,0.30138573172019245
14_51,0.26468506567061456
14_52,0.2611618309959916
14_53,0.25606011958094543
14_54,0.24901696780577445
14_55,0.2516539902634716
14_56,0.24246675118608868
14_57,0.22366484029017836
14_58,0.2240593103765937
14_59,0.22479029567012523
14_60,0.21755264379652056
14_61,0.21361212690287365
14_62,0.22566011666830293
14_63,0.2821385991267563
14_64,0.3374324175950904
14_65,0.3304996648807577
14_66,0.30985084678708774
14_67,0.29546132651525175
14_68,0.3435647925746385
14_69,0.39456185358342194
14_70,0.3928521617870562
14_71,0.39276489243307444
14_72,0.3965453439033942
14_73,0.3871278392672261
14_74,0.38262449267359777
14_75,0.39263273491397715
14_76,0.41328284665999226
14_77,0.41193023674431345
14_78,0.3587470824236201
14_79,0.35989920089768823
14_80,0.4087066663132641
14_81,0.40879791574614527
14_82,0.4097534523405227
14_83,0.36229172570353163
14_84,0.31616143806712865
14_85,0.32066457712314606
14_86,0.32668672024347895
14_87,0.3331700517604191
14_88,0.34747089136351594
14_89,0.39540023224119253
14_90,0.43438527888951634
14_91,0.4058158194032189
14_92,0.3990425764726526
14_93,0.4003442251529325
14_94,0.3399116301223727
14_95,0.29111840586230536
14_96,0.30629517622190083
14_97,0.36559254922140194
14_98,0.410327040134375
14_99,0.39652432826800355
14_100,0.44404644445239333
14_101,0.489906745385973
14_102,0.4920980741080798
14_103,0.4803381845873294
14_104,0.4808897232325703
14_105,0.48016720843690286
14_106,0.4814714842713826
14_107,0.46524626713891853
14_108,0.5172924717496599
14_109,0.5760426034220231
14_110,0.5664424836455417
14_111,0.5504308183370481
14_112,0.4903440329517595
14_113,0.4326655340618855
14_114,0.493966960326646
14_115,0.4933160579491398
14_116,0.4337254350000441
14_117,0.4191192034830094
14_118,0.4093893012478277
14_119,0.4094395049206466
14_120,0.41021626693147545
14_121,0.467541351295778
14_122,0.5285053579897302
14_123,0.47156915330422433
14_124,0.4157906618916844
14_125,0.42998213414156067
14_126,0.48962949459223026
14_127,0.5491280504501161
14_128,0.6083601965059924
14_129,0.6079513654189757
14_130,0.6073694174283023
14_131,0.6482654115783327
14_132,0.7072158607598013
14_133,0.7152283876451668
14_134,0.6593407237398886
14_135,0.6147350068971715
14_136,0.5680254421500829
14_137,0.5152743778068684
14_138,0.5154432028196062
14_139,0.5325937554806895
14_140,0.5785380022317297
14_141,0.5784010812545772
14_142,0.52347417997957
14_143,0.4614369747861443
14_144,0.4119690524791028
14_145,0.36281167375620615
14_146,0.32141315759865985
14_147,0.2608314421378435
14_148,0.2524780051060375
14_149,0.2468999845342656
14_150,0.23088926708718097
14_151,0.23047210367992813
14_152,0.23135422407395698
14_153,0.23148619372568252
14_154,0.21262568792202916
14_155,0.16683735098397348
14_156,0.117748295217019
14_157,0.11793514068117332
14_158,0.12360033756441983
14_159,0.1239240420615753
14_160,0.12645471297646335
14_161,0.12781182177023373
14_162,0.1278803856771318
14_163,0.12812808978246898
14_164,0.13944934733981298
14_165,0.1499104068597824
14_166,0.13465826195401667
14_167,0.12299052332343088
14_168,0.11760217917321954
14_169,0.1268212663554533
14_170,0.12265878577188984
14_171,0.11023981155685479
14_172,0.1051174115652005
14_173,0.1142365852038881
14_174,0.1130949432703641
14_175,0.10924454781690253
14_176,0.11417488231405479
14_177,0.12841262097547357
14_178,0.14338366908132139
14_179,0.14635534768094885
14_180,0.1479299198812961
14_181,0.2104957325637296
14_182,0.27151761917899875
14_183,0.33251843734639847
14_184,0.38149555939755636
14_185,0.3702493788360103
14_186,0.36959567237799146
14_187,0.3752537717088664
14_188,0.4218019416142693
14_189,0.4702450599208087
14_190,0.471490430923415
14_191,0.47765375103975855
14_192,0.4731618045652255
14_193,0.4634887112913756
14_194,0.454365156923223
14_195,0.44411309017543854
14_196,0.3826778372365297
14_197,0.32325132537628765
14_198,0.26200279534465903
14_199,0.20151556822643701
14_200,0.21144835299030174
14_201,0.27359241645601684
14_202,0.3259097793232577
14_203,0.27033990721038753
14_204,0.23336948100427182
14_205,0.24046698147371084
14_206,0.2480837100693588
14_207,0.24796798265263903
14_208,0.24831320039083077
14_209,0.2495960640575101
14_210,0.25263232500329535
14_211,0.2578109762719157
14_212,0.2583496138819451
14_213,0.2673780068085902
14_214,0.2750466209022212
14_215,0.26514507743036947
14_216,0.20477333692499558
14_217,0.15239657649998162
14_218,0.15364989086726413
14_219,0.1319114789082505
14_220,0.11395954279171541
14_221,0.09429705764966954
14_222,0.09236353591451466
14_223,0.1082451796602236
14_224,0.11393368412073483
14_225,0.11081456927649266
14_226,0.11930628771449972
14_227,0.13225453556241262
14_228,0.1301307027721069
14_229,0.13018895602994546
14_230,0.13021442611862125
14_231,0.1288909430301676
14_232,0.12225330132651262
14_233,0.11694593322882617
14_234,0.11624741374656238
14_235,0.13086686273446863
14_236,0.15007662058525875
14_237,0.15091311165061314
14_238,0.12864777313461145
14_239,0.12693717542677285
14_240,0.14184636507690299
14_241,0.13687844249110223
14_242,0.18319848896298924
14_243,0.23708121466328735
14_244,0.2346903338866535
14_245,0.23817638113227255
14_246,0.24854122890783117
14_247,0.2561758055598016
14_248,0.25561335307581307
14_249,0.25509540211722775
14_250,0.24766439441908822
14_251,0.28883028108389586
14_252,0.34106682518029513
14_253,0.34234117453640606
14_254,0.33170937935045525
14_255,0.3759067899655257
14_256,0.4293448681442316
14_257,0.43136596664019705
14_258,0.4337244620974005
14_259,0.43335249164051587
14_260,0.4328510859153577
14_261,0.42326975574192705
14_262,0.41438683907975254
14_263,0.42106947863999655
14_264,0.4269155423208788
14_265,0.4193185137570266
14_266,0.3584868441391939
14_267,0.29736013702548564
14_268,0.35913233003439804
14_269,0.42197122116612945
14_270,0.3793403074046945
14_271,0.31674133300078827
14_272,0.25669046040136123
14_273,0.19396994998433142
14_274,0.18872279016665885
14_275,0.18479347202773289
14_276,0.18443274354609754
14_277,0.19862170228364182
14_278,0.20321409066064344
14_279,0.1972659084147185
14_280,0.21411863751596974
14_281,0.23736499773321457
14_282,0.2978203155586548
14_283,0.2974013089528295
14_284,0.2375931230415724
14_285,0.28034202586008294
14_286,0.3428819869484517
14_287,0.3552390915003073
14_288,0.3644173028985349
14_289,0.38910395014846855
14_290,0.4212846823881062
14_291,0.48237136860142465
14_292,0.5307293897753645
14_293,0.579380777611567
14_294,0.6408374751452258
14_295,0.685192248770422
14_296,0.7047632377302442
14_297,0.6869982781360802
14_298,0.6869478071358356
14_299,0.7223380392647656
14_300,0.6950368942654864
14_301,0.6829727657001832
14_302,0.7121310942167337
14_303,0.7426612716949759
14_304,0.7557949000917346
14_305,0.7566866239463718
14_306,0.7351343731908334
14_307,0.7340411262921531
14_308,0.7337018722860915
14_309,0.7119117862895871
14_310,0.6797109974061598
14_311,0.6759888617425545
14_312,0.6669708867165289
14_313,0.64854357605004
14_314,0.6712180498581091
14_315,0.6991370520102649
14_316,0.6722699589855384
14_317,0.6557848546527407
14_318,0.6470420966879953
14_319,0.6485801256301945
14_320,0.6557034039698307
14_321,0.6528460795448315
14_322,0.6152578569449483
14_323,0.6159684507234922
14_324,0.6370053074729591
14_325,0.6549418488688717
14_326,0.652991003876454
14_327,0.6450318315996888
14_328,0.622074333191527
14_329,0.5848739902235043
14_330,0.551117500515642
14_331,0.5566239339612675
14_332,0.5630926066659934
14_333,0.5650670987891624
14_334,0.5493248324917979
14_335,0.5695676008735522
14_336,0.5935531067082199
14_337,0.6310596998450541
14_338,0.6322266001110504
14_339,0.5997941795110077
14_340,0.612859916029101
14_341,0.6369149232462924
14_342,0.638843520673733
14_343,0.6517024832276767
14_344,0.6646018482527634
14_345,0.671590878050956
14_346,0.6687313522463209
14_347,0.6600327877526945
14_348,0.6463367309560494
14_349,0.6572186968927547
14_350,0.6311735697758396
14_351,0.5961429219185064
14_352,0.5611957476265524
14_353,0.5220473027482505
14_354,0.5224535700273824
14_355,0.49078769478092743
14_356,0.4623317688975478
14_357,0.460759623062269
14_358,0.4568849866542847
14_359,0.44438871027089866
14_360,0.4367087461075846
14_361,0.4709750328828802
14_362,0.5084959805322338
14_363,0.5502709650925184
14_364,0.5759517969535847
14_365,0.6037820272405379
14_366,0.6394222405991137
14_367,0.6465846237045224
14_368,0.6554016207961049
14_369,0.6871420431452653
14_370,0.720342059247436
14_371,0.7239341107468557
14_372,0.7392420305066724
14_373,0.7714078623419255
14_374,0.809294878692506
14_375,0.8430665276462327
14_376,0.8463658800191817
14_378,0.8117567951171836
14_379,0.7867640375897603
14_380,0.7628967292848988
14_381,0.718165358832986
14_382,0.679338237553033
14_383,0.7069485127692857
14_384,0.7355201643526446
14_385,0.7002705090463205
14_386,0.6598897741892357
14_388,0.6375617316946826
14_389,0.6166603355847464
14_390,0.5847852298650428
14_391,0.5451693446986998
14_392,0.54463627506291
14_393,0.5419369190720909
14_394,0.5699666042019794
14_395,0.5910855808847078
14_396,0.6125446651964653
14_397,0.6526778874993924
14_398,0.6831236013420737
14_399,0.6848068604117192
14_400,0.6652008076247121
14_401,0.7010753420714736
14_402,0.7422534051218178
14_403,0.7699981936703998
14_404,0.7907198150484207
14_405,0.822375120424137
14_407,0.8121880368924226
14_408,0.7655835068286361
14_409,0.7162430390268224
14_410,0.6788786496357039
14_411,0.6548426661479033
14_412,0.6395718313362412
14_413,0.6358910848569478
14_414,0.6321605069537727
14_415,0.6192363758033402
14_416,0.6325478384865086
14_417,0.628413860567571
14_418,0.623484006273345
14_419,0.6376001829293171
14_421,0.6540490465251845
14_422,0.6517258429137551
14_423,0.6930908660798206
14_424,0.7349443536728199
14_425,0.7768445300405545
14_426,0.8093766257608715
14_427,0.8282968965835398
14_428,0.835756075741335
14_430,0.8333010407115496
14_431,0.8338235689207255
14_432,0.8375728796864564
14_433,0.8445258611535021
14_434,0.8476559200269073
14_435,0.8101589969945173
14_436,0.7833979780875462
14_437,0.7585502368244222
14_438,0.7350152416865711
14_440,0.7126968015533451
14_441,0.6997735900303098
14_442,0.6763470469470844
14_443,0.6625112624164127
14_444,0.6499358095122141
14_445,0.6353263492389547
14_446,0.614091632006509
14_447,0.576782655375648
14_449,0.5349148942967099
14_450,0.48278744842571514
14_451,0.4310509857480465
14_452,0.4219797089284504
14_453,0.4107003275296212
14_454,0.385493373543284
14_455,0.35633849019492003
14_456,0.3390811795028938
14_457,0.3166147354224128
14_458,0.29704474070366416
14_459,0.27141545347175083
14_461,0.2481011099570192
14_462,0.2302900748298084
14_463,0.2613521306590986
14_464,0.3097280214030039
14_466,0.3204155726800963
14_467,0.3324877888792177
14_468,0.38553059805960677
14_469,0.4178645385526615
14_470,0.4604805082027645
14_471,0.4846292991660872
14_472,0.5007777197778689
14_473,0.5003208757954679
14_474,0.5028397065056107
14_475,0.5140648004709523
14_476,0.5205528912822402
14_477,0.5191830535594966
14_479,0.5206232979998482
14_480,0.4752466391337618
14_481,0.43597885189696706
14_482,0.43973228597906594
14_483,0.43967875508784976
14_484,0.3890156415359603
14_485,0.3620805333671432
14_486,0.31610392604292553
14_487,0.2949502921992011
14_488,0.2856295459190272
14_489,0.3314286035558702
14_490,0.37007554593518566
14_491,0.3609082664305123
14_493,0.36094861409749857
14_494,0.36103274472525104
14_495,0.3586012195741606
14_496,0.35908022000925494
14_497,0.3556201674887507
14_498,0.3457725175369655
14_499,0.3413887421511261
14_500,0.4619539635100583
14_501,0.4619539635100583
14_502,0.4619539635100583
14_503,0.4619539635100583
14_504,0.4619539635100583
14_505,0.4619539635100583
14_506,0.4619539635100583
15_251,0.4619539635100583
15_252,0.4619539635100583
15_253,0.4619539635100583
15_254,0.4619539635100583
15_255,0.4619539635100583
15_256,0.4619539635100583
15_257,0.4619539635100583
15_258,0.4619539635100583
15_259,0.46338547214950637
15_260,0.45495740426685294
15_261,0.447485087271985
15_262,0.49420598024351475
15_263,0.5480318761455689
15_264,0.548879941488035
15_265,0.5520403706646385
15_266,0.5635552486149467
15_267,0.5212077796664122
15_268,0.472833239141666
15_269,0.4838094201409279
15_270,0.49594544639686905
15_271,0.43905546503214415
15_272,0.4404984712929005
15_273,0.4945569034922473
15_274,0.49917058218574584
15_275,0.508211387007292
15_276,0.5270320060770093
15_277,0.4755520327640138
15_278,0.4177863811602325
15_279,0.36134006997988094
15_280,0.3046523243352893
15_281,0.2951707500917588
15_282,0.2879624074068018
15_283,0.28596953623697713
15_284,0.2832441274286435
15_285,0.2737261127877099
15_286,0.2755835741541822
15_287,0.2754689215088449
15_288,0.27453218652981043
15_289,0.3268111667701628
15_290,0.3757575080650136
15_291,0.4134016679942158
15_292,0.46538916163563737
15_293,0.4749406499209878
15_294,0.4862575704037115
15_295,0.48918254425664853
15_296,0.4935994570835484
15_297,0.4881110120064058
15_298,0.4952055279042165
15_299,0.4997576272429718
15_300,0.4996273076118624
15_301,0.4986404907444683
15_302,0.45363448938197665
15_303,0.4101354245670307
15_304,0.3623847225529272
15_305,0.3148855559280117
15_306,0.261474591509134
15_307,0.21555341992574234
15_308,0.22135872340909893
15_309,0.2259970777833583
15_310,0.22915811703882213
15_311,0.22328866911631418
15_312,0.22192997097796008
15_313,0.21560018223168195
15_314,0.22091032095611926
15_315,0.22981311117980793
15_316,0.2499420277079775
15_317,0.2464680294042121
15_318,0.24422445533147263
15_319,0.2538081634401868
15_320,0.30374064958597646
15_321,0.35581114482327497
15_322,0.35323643693759205
15_323,0.39651422032056305
15_324,0.4370503044575717
15_325,0.44015919076696997
15_326,0.4432473009190408
15_327,0.44783579412286406
15_328,0.449780586476498
15_329,0.4404341245757097
15_330,0.43285555838616535
15_331,0.41941372264231525
15_332,0.4181961869244578
15_333,0.4259802017721872
15_334,0.42202473431374127
15_335,0.3665613372078113
15_336,0.32321655743277705
15_337,0.3269479758154612
15_338,0.27828761675095254
15_339,0.23441818233092845
15_340,0.23321650563896396
15_341,0.24065381761329682
15_342,0.29391220740697466
15_343,0.3413188784092182
15_344,0.34390804618643894
15_345,0.349448157789975
15_346,0.35334711641985633
15_347,0.40378810004146015
15_348,0.4404391664233735
15_349,0.48301379509256354
15_350,0.5355202597992209
15_351,0.5387859889993475
15_352,0.5422146525457343
15_353,0.5459516918772305
15_354,0.5468545060860706
15_355,0.5529683922325935
15_356,0.5592200569451393
15_357,0.5081770150004721
15_358,0.5109747782977476
15_359,0.5559551897277842
15_360,0.5600232960543055
15_361,0.5641467802588768
15_362,0.5122610550906866
15_363,0.4607931432064622
15_364,0.46172767185796354
15_365,0.46143507957155716
15_366,0.452850980300104
15_367,0.4451201072999694
15_368,0.43944034442472163
15_369,0.4276991620657549
15_370,0.4162334629415763
15_371,0.4033175229520554
15_372,0.40129291727856964
15_373,0.35126947806161735
15_374,0.30929943666995485
15_375,0.3037509198349785
15_376,0.29849465468231745
15_377,0.30683083923542004
15_378,0.3057879308869547
15_379,0.2502416448039023
15_380,0.1963527470386325
15_381,0.19266193076354293
15_382,0.18366862403946413
15_383,0.17824835637856268
15_384,0.18729713897917405
15_385,0.20009079854082382
15_386,0.20230221594623848
15_387,0.19871446790573852
15_388,0.19750263751773986
15_389,0.18688926346251464
15_390,0.17788015024801315
15_391,0.17881538958846932
15_392,0.17471460447646014
15_393,0.1772553618097975
15_394,0.23365442000545472
15_395,0.28801148840414614
15_396,0.28367256817084247
15_397,0.28293161838984543
15_398,0.28494075005021374
15_399,0.27748979034392174
15_400,0.2595798086032333
15_401,0.2590260295671221
15_402,0.2601779749676675
15_403,0.2605884096529368
15_404,0.26820721240080714
15_405,0.27103052261691546
15_406,0.2702373294119294
15_407,0.2810974801126722
15_408,0.33171675085140223
15_409,0.3302323255439065
15_410,0.284504355661121
15_411,0.2884168661651223
15_412,0.29368397260075635
15_413,0.29312750857633263
15_414,0.2959268311626061
15_415,0.30533871926622136
15_416,0.31151613151123086
15_417,0.3217352729460365
15_418,0.32533860886437965
15_419,0.3232991994852022
15_420,0.33002968605919525
15_421,0.3215641246452136
15_422,0.30999699338007936
15_423,0.2649436728252025
15_424,0.21424536465659452
15_425,0.21571080481130428
15_426,0.22327413588570225
15_427,0.2330779960146628
15_428,0.23411523285387564
15_429,0.2327776707967469
15_430,0.22643049252005307
15_431,0.27078847583495785
15_432,0.3148365041866896
15_433,0.3123933440091839
15_434,0.3127183594100123
15_435,0.3220777934573467
15_436,0.3370114045296792
15_437,0.33603580368406294
15_438,0.34094676498950666
15_439,0.34679474085594353
15_440,0.3463248782087278
15_441,0.3393276942724466
15_442,0.3370622859276607
15_443,0.34627726783733404
15_444,0.34945685204398547
15_445,0.3599291056481318
15_446,0.31057695455796935
15_447,0.2574087548109174
15_448,0.25525356166409513
15_449,0.25224068000752947
15_450,0.2896344980794169
15_451,0.3304767494774343
15_452,0.3349156013794769
15_453,0.33775215297071864
15_454,0.3394405253339523
15_455,0.3413496645674287
15_456,0.3523326412061926
15_457,0.35955365835775704
15_458,0.36723928361024705
15_459,0.38135685553089704
15_460,0.39029558783500834
15_461,0.40438303394259306
15_462,0.4135237260283293
15_463,0.4184590633081626
15_464,0.46931748198538537
15_465,0.4700866608461138
15_466,0.4682182019737822
15_467,0.5108014332215159
15_468,0.5143862950446791
15_469,0.5202118126579139
15_470,0.5183773851206948
15_471,0.5122717983389183
15_472,0.4992534701822279
15_473,0.4919592576357105
15_474,0.4761523749806332
15_475,0.46176083780207267
15_476,0.45434469090352997
15_477,0.45671821047512023
15_478,0.4580767129733484
15_479,0.41786508762915525
15_480,0.3837849901363661
15_481,0.34834160341683806
15_482,0.3165545750148037
15_483,0.31669073643721757
15_484,0.32042002607704406
15_485,0.3665745939384487
15_486,0.4160330334933443
15_487,0.4283366067720837
15_488,0.4705949574125105
15_489,0.5214905974319741
15_490,0.5331672548478402
15_491,0.5353081533399567
15_492,0.540310955369177
15_493,0.5534582063536828
15_494,0.5550196591279383
15_495,0.5482236076443672
15_496,0.5413759584660535
15_497,0.533616001686727
15_498,0.530114682888546
15_499,0.5287552913110842
15_500,0.49233526587278575
15_501,0.4917961669609439
15_502,0.5311462502546057
15_503,0.5080781788307672
15_504,0.48280144997476176
15_505,0.49216813587051
15_506,0.4991458842793065
15_507,0.5029998766515072
15_508,0.500144722187679
15_509,0.5124152561170469
15_510,0.5227960347509695
15_511,0.535143887641088
15_512,0.5740487935454596
15_513,0.6116205165396285
15_514,0.6174657266337422
15_515,0.6251866025742577
15_516,0.6241197120892019
15_517,0.6117304154913464
15_518,0.6351607383063008
15_519,0.6167610211749829
15_520,0.6059605178266609
15_521,0.615019408614998
15_522,0.6469519468194598
15_523,0.6809347125175577
15_524,0.672133124452547
15_525,0.6739964890863992
15_526,0.6760343929716847
15_527,0.6497993660979614
15_528,0.6225966285633167
15_529,0.6140324674297958
15_530,0.612394518319964
15_531,0.5836058623434272
15_532,0.5636089601578037
15_533,0.5312056984929835
15_534,0.5385756565289203
15_535,0.542999903800267
15_536,0.5388645507785053
15_537,0.5395950144094793
15_538,0.5383515887658892
15_539,0.5456391720946075
15_540,0.5458336284722097
15_541,0.5364611663406812
15_542,0.5310958197547124
15_543,0.5235224241533624
15_544,0.5261237344478695
15_545,0.5550829245534937
15_546,0.5870090413825589
15_547,0.571050042311542
15_548,0.566883101692994
15_549,0.6013315195877315
15_550,0.6380694095167349
15_551,0.6340877039845159
15_552,0.6070674042097893
15_553,0.5839656385092188
15_554,0.5955521386211677
15_555,0.5913503347142801
15_556,0.6277698169907798
15_557,0.6624231968208447
15_558,0.6634752233206319
15_559,0.6624507511064888
15_560,0.634199788433323
15_561,0.6017837636334327
15_562,0.6206418853008518
15_563,0.6226148913889024
15_564,0.5799130150014612
15_565,0.5787816314603795
15_566,0.6126101375396249
15_567,0.6381210901233276
15_568,0.6620165736205468
15_569,0.6432928591205982
15_570,0.633234212607555
15_571,0.6344717126639196
15_572,0.6332612228254166
15_573,0.6153537866072294
15_574,0.6102809020015466
15_575,0.5989368314933468
15_576,0.5889242638969107
15_577,0.5824116540734271
15_578,0.5791189244553816
15_579,0.5756567345147106
15_580,0.534604230932293
15_581,0.4899796943195824
15_582,0.4406400070821981
15_583,0.3909982200834459
15_584,0.3840864482438151
15_585,0.3803615681538634
15_586,0.3350618000211595
15_587,0.33495404630229075
15_588,0.3853001707625004
15_589,0.3721320639563517
15_590,0.3667769822623382
15_591,0.3631295360730661
15_592,0.3580317120149293
15_593,0.34408226252586865
15_594,0.3408873195198073
15_595,0.33816135701235744
15_596,0.38327563760840405
15_597,0.4348528930372815
15_598,0.4322551359468838
15_599,0.4206870712192969
15_600,0.41382066297756304
15_601,0.4042671759553379
15_602,0.34803203762016627
15_603,0.30313356351974036
15_604,0.30496691746930565
15_605,0.2925929656293574
15_606,0.2854595383865125
15_607,0.280588858684861
15_608,0.2723938387913425
15_609,0.322471845197179
15_610,0.3469065296341723
15_611,0.3466608464139727
15_612,0.29286722028715106
15_613,0.2892171043504098
15_614,0.290732787348447
15_615,0.2924328271860498
15_616,0.2996063166825937
15_617,0.30512744990188384
15_618,0.29990320951097893
15_619,0.29267550198588854
15_620,0.2918800354184869
15_621,0.29475596532849796
15_622,0.294607650448685
15_623,0.2958496001537126
15_624,0.23708465683595079
15_625,0.20193274614552584
15_626,0.14716467593561766
15_627,0.14692476094138437
15_628,0.15009056819472677
15_629,0.1441220731554988
15_630,0.13726965819882644
15_631,0.12527284346841613
15_632,0.17621326981737867
15_633,0.22720187292619573
15_634,0.23887963681217378
15_635,0.2396229362509765
15_636,0.22823782551419808
15_637,0.21568523419286575
15_638,0.21509794448147165
15_639,0.21857427183234002
15_640,0.217700586921739
15_642,0.21880868921976146
15_643,0.21299005499777304
15_644,0.20575275077636862
15_645,0.20531686694942175
15_646,0.20461714170295037
15_647,0.2061520091552878
15_648,0.1464544099462195
15_649,0.14514836013664267
15_650,0.19187159206427404
15_651,0.19176032584020947
15_652,0.19097909145738332
15_653,0.18957535815858623
15_654,0.19811345829261948
15_655,0.20266100801574263
15_656,0.1989495226702155
15_657,0.19228914279544054
15_658,0.198087956254745
15_659,0.20330195720673583
15_660,0.21201996625414415
15_661,0.2201711122524538
15_662,0.2202863350745245
15_663,0.21964453123941585
15_664,0.1659791668386581
15_665,0.11177768197377029
15_666,0.11083549587313218
15_667,0.11155153690925965
15_668,0.11112716372682915
15_669,0.11022477185153161
15_670,0.11035301353909005
15_671,0.1252539794172218
15_672,0.1310090013162075
15_673,0.13239175659079475
15_674,0.1328657305569933
15_675,0.12601599876575623
15_676,0.12484460924187855
15_677,0.144316754498442
15_678,0.1652250780221665
15_679,0.1787496758853635
15_680,0.18067518501175187
15_681,0.24045244740172228
15_682,0.29986562048475174
15_683,0.30164398068516485
15_684,0.30010269554523766
15_685,0.3038750632748359
15_686,0.3021696485422717
15_687,0.3193928105470903
15_688,0.330529307196079
15_689,0.3453393848267479
15_690,0.34643247500991037
15_691,0.33755707390164963
15_692,0.3225100374390729
15_693,0.30976431117592657
15_694,0.3021280921158561
15_695,0.3091664221235347
15_696,0.25750290388553776
15_697,0.2002459422686805
15_698,0.1999205185495249
15_699,0.25351584483268513
15_700,0.3000460914365957
15_701,0.2859747067602984
15_702,0.3230567517262397
15_703,0.36476018522216436
15_704,0.3507727920802038
15_705,0.34753027323058405
15_706,0.35254871778444374
15_707,0.3470500582745348
15_708,0.343870864920832
15_709,0.33863836233502814
15_710,0.3851593234952669
15_711,0.4373454469022021
15_712,0.4428390388053253
15_714,0.44971325524757405
15_715,0.39007097547012975
15_716,0.34260559048367567
15_717,0.35370603481159907
15_718,0.29691540649096776
15_719,0.2462667665467862
15_720,0.25376601456051445
15_721,0.2588974390137875
15_722,0.2614302169424568
15_723,0.26309862740966933
15_724,0.26100656137331013
15_725,0.2762600880534703
15_726,0.22540258002697725
15_727,0.16749394973653475
15_728,0.1697892877606878
15_729,0.1718805766029271
15_730,0.1713738445054232
15_731,0.1658480841968155
15_732,0.16117727790547315
15_733,0.15982351784443055
15_734,0.15008456509956963
15_735,0.1425580405494363
15_736,0.15096908011018803
15_737,0.1738126167708481
15_738,0.19599150895143133
15_739,0.21423703761648488
15_740,0.1990217085115473
15_741,0.18927962190517708
15_742,0.185309665817276
15_743,0.17378863578942402
15_744,0.16851310123953772
15_745,0.17103271218290592
15_746,0.1637361699109836
15_747,0.1593608343053858
15_748,0.15726031053614176
15_749,0.1571128407895755
15_750,0.1602606212519145
15_751,0.16003404163827337
15_752,0.19040797013298658
15_753,0.22593466925336916
15_754,0.2204983497629321
15_755,0.23471055656285172
15_756,0.24577619974670845
15_757,0.25811543802216563
15_758,0.2778822378823681
15_759,0.29740243745747674
15_760,0.29831762420755736
15_761,0.29880716782221606
15_762,0.2964474317910091
15_763,0.3023049737341346
15_764,0.31757543593938464
15_765,0.31978733409743554
15_766,0.30871657237366035
15_767,0.2558632408452097
15_768,0.19821387683493388
15_769,0.19148038261934225
15_770,0.1783458251217914
15_771,0.1808177916790964
15_772,0.18203577835022952
15_773,0.17836526062217617
15_774,0.1792780761533477
15_775,0.18705880523041032
15_776,0.19340536012103093
15_777,0.1971258160952062
15_778,0.19355364342787693
15_779,0.17900647660004762
15_780,0.17303772639329038
15_781,0.172464119660869
15_782,0.2245023196158494
15_783,0.28132194660782767
15_784,0.28625893505377725
15_785,0.29282413579461136
15_786,0.2920754537676861
15_787,0.29024452973932513
15_788,0.27665450133518105
15_789,0.2622064871117031
15_790,0.3121061934393399
15_792,0.36374362405216787
15_793,0.4200615509917093
15_794,0.4766645313195023
15_795,0.47985389514411847
15_796,0.49505523363329423
15_797,0.5147405830631994
15_798,0.4716454659532188
15_799,0.42074940550320883
15_800,0.41080350667449606
15_802,0.4139118370007473
15_803,0.4146409838147632
15_804,0.41567356930249855
15_805,0.41981917767586197
15_807,0.4202787325965847
15_808,0.3616258183572913
15_809,0.3058520119128032
15_810,0.249294338568956
15_811,0.19837392704896253
15_812,0.2551111150392887
15_813,0.29426545961415496
15_814,0.27314974240076195
15_815,0.2589932443720728
15_816,0.261527180326878
15_817,0.26908015755454434
15_818,0.31418792150361663
15_819,0.3612431564187079
15_820,0.34909548710271154
15_821,0.40385800881224143
15_822,0.45108463871932886
15_823,0.46089333442885294
15_824,0.46586754700147687
15_825,0.475449411211535
15_826,0.48078880817400055
15_827,0.42829084799398875
15_828,0.37246512924392616
15_830,0.37703369865904407
15_831,0.3842653445802819
15_832,0.38450977245778667
15_833,0.37403692654214393
15_834,0.3178050891421017
15_835,0.2647385888560518
15_836,0.277938006511029
15_837,0.23045731035726355
15_838,0.23143386757020976
15_839,0.27823942503488935
15_840,0.2716316830690271
15_842,0.31934930365236386
15_843,0.36378921017959875
15_844,0.36712112050873463
15_845,0.3676172520689253
15_846,0.3665403243458167
15_847,0.358972853237546
15_848,0.35141515074270807
15_849,0.36664205685239004
15_850,0.37923144235658374
15_851,0.37523107706871045
15_852,0.3775770922297457
15_853,0.3651148634154167
15_854,0.31580110084676066
15_855,0.2653055782246526
15_856,0.27149330984554
15_858,0.21817293341647465
15_859,0.16335408837998916
15_861,0.16729975585917936
15_862,0.18549926575936249
15_863,0.24161552807751582
15_864,0.2979947638243835
15_865,0.29650454823410777
15_866,0.2820132136038152
15_867,0.27012635535876817
15_868,0.2829601162935166
15_870,0.2776348073435082
15_871,0.28910516376521084
15_872,0.29180392190895144
15_873,0.2904673137869356
15_874,0.29304858787102245
15_875,0.2883217476866787
15_877,0.2871950442915102
15_878,0.2835443771661713
15_879,0.2786889917164857
15_880,0.23829811903272696
15_881,0.18580911096405706
15_882,0.1933383287937308
15_883,0.19896091056531368
15_884,0.20018296478748346
15_886,0.19998310087920443
15_887,0.2014162932788198
15_889,0.20014272922854198
15_890,0.19721986869365332
15_891,0.19005140702592732
15_892,0.18068917033824014
15_893,0.17898017662236515
15_894,0.1769067574011006
15_895,0.1647450350184726
15_896,0.14675114130419642
15_897,0.12546342883679085
15_898,0.12947909392927162
15_899,0.13795735921033617
15_900,0.14156836744168824
15_901,0.13365170434313342
15_902,0.17731534154611597
15_903,0.2260817666611204
15_904,0.2173870344406362
15_906,0.21214939209344646
15_907,0.23005167801702212
15_908,0.24187916737787243
15_909,0.24938713335313223
15_910,0.25828044175057746
15_911,0.2638880276572163
15_912,0.2732776932465917
15_913,0.33538757928935375
15_914,0.38367547024504856
15_915,0.3788725266196242
15_916,0.37952492938761784
15_917,0.3918685702421182
15_918,0.34784182444063005
15_919,0.30542246483775287
15_920,0.3217475397965595
15_921,0.3307638025588895
15_922,0.3205713512604639
15_923,0.3696156187182388
15_924,0.4193598762607184
15_925,0.4198608712940814
15_926,0.4297655348109286
15_927,0.42261280857516065
15_928,0.37062540176199715
15_929,0.3152957002830804
15_930,0.3037355982047861
15_931,0.2989514114172995
15_932,0.3488842339549333
15_934,0.392117406410505
15_935,0.3797299921330469
15_936,0.3730297934393954
15_937,0.3673054338205388
15_938,0.3637059825151051
15_939,0.3046059352111729
15_940,0.24908298571925938
15_941,0.3008908691274153
15_942,0.3446060641755312
15_943,0.36033955019393427
15_944,0.35846384547098276
15_945,0.35362114054052923
15_946,0.35908244729377575
15_947,0.41214726108183736
15_948,0.3916148182850898
15_949,0.39169052836474255
15_950,0.39088899634489066
15_951,0.44021518557465417
15_952,0.49173829284962867
15_953,0.50115754859602
15_955,0.5042489770305523
15_956,0.5008139912157595
15_957,0.4502260534604152
15_958,0.3972011699331711
15_959,0.4409248716026885
15_960,0.4926066600087847
15_961,0.5157378767239066
15_962,0.5272139128651823
15_963,0.4762943549849961
15_965,0.4386764968974798
15_966,0.3800698857325421
15_967,0.382607574587146
15_968,0.32674370994639285
15_969,0.32797970687706823
15_970,0.3716979436036997
15_971,0.3831845501383501
15_972,0.38805468025345147
15_973,0.39697243553525896
15_974,0.40071371944062234
15_975,0.3490260408005397
15_977,0.29637401398271396
15_978,0.2769049718150635
15_979,0.2612572136769735
15_980,0.26207667276063734
15_981,0.26856028060969617
15_982,0.32914552366514016
15_983,0.3814779493827533
15_984,0.3770604045793735
15_985,0.3275216021587574
15_986,0.2903523451649628
15_987,0.2808635482806262
15_988,0.3378658052941023
15_989,0.37740707051672495
15_990,0.3674377831363886
15_991,0.35773851071585194
15_992,0.351227490385667
15_993,0.35748146280392423
15_994,0.2810680367495723
15_995,0.2810680367495723
15_996,0.2810680367495723
15_997,0.2810680367495723
15_998,0.2810680367495723
15_999,0.2810680367495723
15_1000,0.2810680367495723
16_0,0.2810680367495723
16_1,0.2810680367495723
16_2,0.2810680367495723
16_3,0.2810680367495723
16_4,0.2810680367495723
16_5,0.2810680367495723
16_6,0.2810680367495723
16_7,0.2810680367495723
16_8,0.2932649060797876
16_9,0.29503682425650574
16_10,0.2951728403918079
16_11,0.29249010906667267
16_12,0.3019077733247325
16_13,0.2535039733915806
16_14,0.20369393374432945
16_15,0.21166361886480936
16_16,0.21829560410668963
16_17,0.219888403935563
16_18,0.21248158523596666
16_19,0.21673162745133864
16_20,0.22032098419620563
16_21,0.2260603789121742
16_22,0.22968305842191547
16_23,0.2272177194653683
16_24,0.2259653403899856
16_25,0.22840451204444737
16_26,0.22123161849147593
16_27,0.20459373579996007
16_28,0.20006510159645785
16_29,0.24938176445590254
16_30,0.30208715133201164
16_31,0.3052524553894662
16_32,0.31100607169271566
16_33,0.32591908836330163
16_34,0.373539392995759
16_35,0.4187203674935508
16_36,0.4177611734295898
16_37,0.41327820659136794
16_38,0.4116036655120103
16_39,0.4193990158951853
16_40,0.42403949378338396
16_41,0.4311162651326059
16_42,0.43490820910169575
16_43,0.43903632245940455
16_44,0.3918374397080212
16_45,0.3486477705478807
16_46,0.3909698184368009
16_47,0.42428539186220954
16_48,0.40824926936526873
16_49,0.35494431830276046
16_50,0.31074270496417494
16_51,0.31437281599524364
16_52,0.36276507599785945
16_53,0.4163553770464821
16_54,0.4268891636154376
16_55,0.4305810964734205
16_56,0.42394936130613703
16_57,0.41646909950955885
16_58,0.413114171319572
16_59,0.46268985519235994
16_60,0.5056601358226563
16_61,0.45945064596545276
16_62,0.4227906636385244
16_63,0.4231390636530336
16_64,0.41950861061427275
16_65,0.46582471000242404
16_66,0.5079642462281201
16_67,0.5088425619349585
16_68,0.5074764743158825
16_69,0.49050567609508716
16_70,0.48508869344617694
16_71,0.5000149082756088
16_72,0.5145968578184043
16_73,0.5218651613861458
16_74,0.4622431409311612
16_75,0.40342116137895595
16_76,0.39488900697288554
16_77,0.3813190799914284
16_78,0.37230818353709283
16_79,0.3711700803234263
16_80,0.3710142049196613
16_81,0.37039235706709955
16_82,0.31879801249923234
16_83,0.2597215428441389
16_84,0.26588055774805025
16_85,0.2715073131949598
16_86,0.26276765761215015
16_87,0.3063859939886953
16_88,0.3313236881446922
16_89,0.39159955763662435
16_90,0.39638746457857665
16_91,0.4503843317303557
16_92,0.5033777626137615
16_93,0.5067605920590784
16_94,0.5079559764131184
16_95,0.4539238253497161
16_96,0.40163977840389276
16_97,0.39924496784362595
16_98,0.41004614616305185
16_99,0.4127777788952427
16_100,0.45983815798552424
16_101,0.511789730871138
16_102,0.4652527840797822
16_103,0.4363204027082729
16_104,0.3874642313841313
16_105,0.39478164547493766
16_106,0.33691630336945627
16_107,0.2855004660889425
16_108,0.2877729121429871
16_109,0.28463867758835615
16_110,0.27756560923510415
16_111,0.27133702517028735
16_112,0.2664954277667781
16_113,0.31614831196420673
16_114,0.3626707660368909
16_115,0.31197019760496225
16_116,0.2570058506860708
16_117,0.3042303113492461
16_118,0.33288190977400567
16_119,0.3796549117466273
16_120,0.3781547399536343
16_121,0.3925389388651188
16_122,0.4458024964002835
16_123,0.49772533173780786
16_124,0.5009694897381074
16_125,0.5058806329735341
16_126,0.5658947053561992
16_127,0.6248539471812837
16_128,0.5662489991479269
16_129,0.5685378086047351
16_130,0.6196194916247156
16_131,0.625362456399796
16_132,0.5870001837654685
16_133,0.5540236255420881
16_134,0.5006031154598065
16_135,0.4939838855068416
16_136,0.48070465297961046
16_137,0.4310692001790662
16_138,0.38745067582255316
16_139,0.3887629963340556
16_140,0.3852987940904141
16_141,0.3854520510260365
16_142,0.38486188516004305
16_143,0.38270906077830985
16_144,0.32764716119855675
16_145,0.2750354254457393
16_146,0.2751909168159239
16_147,0.2568134552480074
16_148,0.31039453208502094
16_149,0.3643126163934621
16_150,0.37097398736021364
16_151,0.38375906949591154
16_152,0.4336748588538332
16_153,0.4761532212884244
16_154,0.47110676573139626
16_155,0.4729230033453755
16_156,0.4733197010852351
16_157,0.47416600404250303
16_158,0.4854782198293403
16_159,0.4937940887784674
16_160,0.4999077928738675
16_161,0.5083423052283316
16_162,0.5220662537622346
16_163,0.4659178136791493
16_164,0.41782760804539376
16_165,0.4166162556321523
16_166,0.4015073798831907
16_167,0.3528770478903389
16_168,0.30893885612548516
16_169,0.3081806779709257
16_170,0.3133989997853831
16_171,0.26959999053258676
16_172,0.2296144861161426
16_173,0.22979661353437106
16_174,0.21874469216760734
16_175,0.20708242005091196
16_176,0.18859422001095347
16_177,0.173604031607531
16_178,0.16799942906856843
16_179,0.17016591115677707
16_180,0.18318134554885918
16_181,0.19761093164859797
16_182,0.1981944427692006
16_183,0.19643042020806095
16_184,0.21531091889117254
16_185,0.21882240478309625
16_186,0.20685069141579318
16_187,0.1908603996496925
16_188,0.17981909405931873
16_189,0.18081569776707712
16_190,0.18138634536361545
16_191,0.18013352711109262
16_192,0.17761117177464242
16_193,0.1777069685118385
16_194,0.16425320155947487
16_195,0.15620580351264746
16_196,0.16107674382686962
16_197,0.162242393213514
16_198,0.15571803857864241
16_199,0.13952071183123416
16_200,0.1394710249840041
16_201,0.15028213921059264
16_202,0.14880682715195018
16_203,0.16232718433695476
16_204,0.21785817421762077
16_205,0.2744434809370666
16_206,0.2739764283729297
16_207,0.2724305247988092
16_208,0.27477025248475007
16_209,0.27444973389776867
16_210,0.2589306313391772
16_211,0.23960142654021765
16_212,0.23352925926677243
16_213,0.23758337882090813
16_214,0.24060283052358816
16_215,0.24285468790223888
16_216,0.2335017807187909
16_217,0.22851678961133276
16_218,0.2138507087509878
16_219,0.21147139470037057
16_220,0.21176604497558846
16_221,0.2114725471524306
16_222,0.2194538710195091
16_223,0.22102524090716155
16_224,0.27941557560526165
16_225,0.33766660909983925
16_226,0.34459915706984684
16_227,0.33592012098316437
16_228,0.3243174213896229
16_229,0.31759746803208255
16_230,0.3067044613636656
16_231,0.3029798474512059
16_232,0.30240215096346656
16_233,0.3027349574934241
16_234,0.24512357575350252
16_235,0.1843076515115673
16_236,0.2438988239386992
16_237,0.2949111183306258
16_238,0.29535177488985476
16_239,0.24255572414866003
16_240,0.19375560633516076
16_241,0.2458917207460735
16_242,0.30538395328752993
16_243,0.30833872436705145
16_244,0.31251341695417645
16_245,0.32082988258637907
16_246,0.3331123915142152
16_247,0.3942834328883819
16_248,0.4546191073766813
16_249,0.4661916770473689
16_250,0.4737325908538409
16_251,0.42486585814352545
16_252,0.3751962412555488
16_253,0.3725896263071357
16_254,0.3727645445727729
16_255,0.3882350087173142
16_256,0.34515957027196326
16_257,0.2917212586596219
16_258,0.28838315446733814
16_259,0.28414681832985206
16_260,0.27252994423510857
16_261,0.2670558290217527
16_262,0.2180645582588076
16_263,0.16009705342074293
16_264,0.20931779687813473
16_265,0.26022665814576457
16_266,0.25862224044980897
16_267,0.25052812396172014
16_268,0.25953671131913797
16_269,0.2632473162157799
16_270,0.23892520996110722
16_271,0.22118477002529796
16_272,0.21835978579016613
16_273,0.23582506832459738
16_274,0.2976852745910733
16_275,0.33878284762701133
16_276,0.3874802944490955
16_277,0.3814358668850153
16_278,0.38870889947076037
16_279,0.3451029038230197
16_280,0.34655435041998867
16_281,0.3980776656510035
16_282,0.40489867633175775
16_283,0.40518959575406466
16_284,0.4542000623835637
16_285,0.5125074879426381
16_286,0.527961343683529
16_287,0.5371688159016276
16_288,0.5315544770483139
16_289,0.5302253149669192
16_290,0.5474908608092489
16_291,0.5004493920449916
16_292,0.5128918214508558
16_293,0.5335064357283074
16_294,0.5453668095797225
16_295,0.4974598488366609
16_296,0.4400383434160578
16_297,0.4653304327018926
16_298,0.48745792874098337
16_299,0.44535333868354793
16_300,0.38991178430741164
16_301,0.3854068360167979
16_302,0.382242183601493
16_303,0.39037152987686363
16_304,0.3466515432704332
16_305,0.30195143762096527
16_306,0.2967157527547943
16_307,0.28967987472878814
16_308,0.26880399477202405
16_309,0.30021553457739686
16_310,0.348550868986813
16_311,0.4064944565202128
16_312,0.4341994786078102
16_313,0.4040838822440113
16_314,0.39332449986247614
16_315,0.4243287090222534
16_316,0.4494252297017723
16_317,0.4628264387100513
16_318,0.5042894302008364
16_319,0.5491149573214203
16_320,0.5486370740395766
16_321,0.5491236892538117
16_322,0.5427760053617763
16_323,0.5407483652291786
16_324,0.48552787357391874
16_325,0.438269843265565
16_326,0.39376845471345157
16_327,0.3938393113000006
16_328,0.4514280169751211
16_329,0.46713674741737315
16_330,0.45960367851940676
16_331,0.44230455224873066
16_332,0.4317909641447553
16_333,0.3846294404749853
16_334,0.3459711454782645
16_335,0.3597440039077595
16_336,0.36473757519177
16_337,0.4208039869867158
16_338,0.4735586422684325
16_339,0.4856138932774563
16_340,0.48043422129920543
16_341,0.4718407503319314
16_342,0.42580503323939706
16_343,0.38311560282737317
16_344,0.3726839015115833
16_345,0.36188513820918305
16_346,0.3583411991669573
16_347,0.35166958584183095
16_348,0.34270938592495254
16_349,0.3216177670259911
16_350,0.29898683855729297
16_351,0.28599008160565736
16_352,0.2869889245572602
16_353,0.28670215985917497
16_354,0.2847718824320951
16_355,0.28304876465293105
16_356,0.284331889565791
16_357,0.28638311924975945
16_358,0.29579692733588303
16_359,0.30146299688595257
16_360,0.3464716348373548
16_361,0.39330864887724676
16_362,0.38511766759971616
16_363,0.3812058993172645
16_364,0.39197004670023095
16_365,0.4056293457734154
16_366,0.4684950781370903
16_367,0.4685208384028827
16_368,0.40769308702595747
16_369,0.40256856171521566
16_370,0.4082340219216168
16_371,0.41903521257340715
16_372,0.41096217212016434
16_373,0.3888815506309091
16_374,0.38107380551612846
16_375,0.32834966588776976
16_376,0.2689040190436724
16_377,0.278942322221179
16_378,0.2856811005279218
16_379,0.33474689858782924
16_380,0.37687455615269183
16_381,0.31437741309807177
16_382,0.3132079351048004
16_383,0.35424194241670237
16_384,0.40468233029133993
16_385,0.3975930768311637
16_386,0.38870530872401576
16_387,0.3846150626572144
16_388,0.3842879877525308
16_389,0.3892948186591345
16_390,0.39525973955046695
16_391,0.39280066894544174
16_392,0.44717378226370214
16_393,0.49988158271243616
16_394,0.44095872148812576
16_395,0.38087698027510103
16_396,0.38215944425016846
16_397,0.33504562921915826
16_398,0.3083549637653865
16_399,0.24881090807808595
16_400,0.24599492365710382
16_401,0.24816485224510065
16_402,0.26498758619119545
16_403,0.2811403970072023
16_404,0.2874981205480606
16_405,0.29615554828859825
16_406,0.30901964207338306
16_407,0.3073925122063306
16_408,0.28751527491195555
16_409,0.3474483783366312
16_410,0.3528094609877911
16_411,0.359204077005628
16_412,0.3462432839841709
16_413,0.3322307513117643
16_414,0.3918498352327242
16_415,0.4507327698824831
16_416,0.4426374357089847
16_417,0.4263590411221294
16_418,0.4214448001124375
16_419,0.4216649485025862
16_420,0.413769910378521
16_421,0.40444182781961513
16_422,0.36003426873116595
16_423,0.33483052849985273
16_424,0.27600901388816074
16_425,0.2831108097312791
16_426,0.28623342274015257
16_427,0.29168313144093455
16_428,0.2989521397526771
16_429,0.2556903940980482
16_430,0.21634023825595072
16_431,0.2186787947494557
16_432,0.22209214486233
16_433,0.2679903717064678
16_434,0.30894721938563213
16_435,0.30766043271573573
16_436,0.32352993676297886
16_437,0.33718489059833623
16_438,0.3303547759767628
16_439,0.3353424507568177
16_440,0.3406444104470529
16_441,0.3913663393217589
16_442,0.4470210396813808
16_443,0.45018783841563437
16_444,0.4478815898685177
16_445,0.4445587906388006
16_446,0.445765652299829
16_447,0.4450323225352636
16_448,0.44359035087698584
16_449,0.4416377711511848
16_450,0.48985026536900045
16_451,0.532081056659522
16_452,0.5152903446171385
16_453,0.5064649484377367
16_454,0.5027245544525235
16_455,0.49860196648603455
16_456,0.4537179864533254
16_457,0.3977325149611975
16_458,0.39090990192658287
16_459,0.38157308598261036
16_460,0.3740977356245134
16_461,0.42565601881973303
16_462,0.47907443586410997
16_463,0.4326083572938661
16_464,0.38491895467241005
16_465,0.33321188563650656
16_466,0.280705151767561
16_467,0.32859244492281103
16_468,0.38864915397440264
16_469,0.39581032751898154
16_470,0.4427983178570243
16_471,0.4882251757084946
16_472,0.49853510307742216
16_473,0.5006449342017062
16_474,0.5097261075372264
16_475,0.5212318041037409
16_476,0.4732406805682234
16_477,0.42157030431986536
16_478,0.4176588853805378
16_479,0.4113740942771785
16_480,0.46256804056753537
16_481,0.5137851519685644
16_482,0.4667102314992831
16_483,0.4212418398453584
16_484,0.4180662151444271
16_485,0.37242604157791087
16_486,0.3252843358768048
16_487,0.32101426415922146
16_488,0.32877363584467695
16_489,0.3415783726542854
16_490,0.3377515607617207
16_491,0.3358763432406173
16_492,0.34684938819015454
16_493,0.36484850680050646
16_494,0.3735004608975116
16_495,0.3269581997492844
16_496,0.28142406832744465
16_497,0.27693937428265636
16_498,0.27584540702271887
16_499,0.28201721261953716
16_500,0.28150170448958944
16_501,0.28156748648913527
16_502,0.2748969681969141
16_503,0.2723662515677721
16_504,0.25648465367539247
16_505,0.24563924205585908
16_506,0.23802571625444804
16_507,0.22202971697917956
16_508,0.19938317259946406
16_509,0.19417107591639013
16_510,0.18959355285983473
16_511,0.19055705537439574
16_512,0.19747049860912522
16_513,0.1974330483144616
16_514,0.19663612129704505
16_515,0.19115373844767214
16_516,0.2376810327309123
16_517,0.29369395654236513
16_518,0.2948206454671808
16_519,0.2924435041450607
16_520,0.29575670461216247
16_521,0.2953450114582698
16_522,0.3021584234011139
16_523,0.31930051405120813
16_524,0.3337122453693627
16_525,0.38460387254157474
16_526,0.4296786279720835
16_527,0.423412359790097
16_528,0.4203175239900873
16_529,0.4201732250963411
16_530,0.4247143748152757
16_531,0.3647182029284286
16_532,0.3139126836123449
16_533,0.3118558602739033
16_534,0.3622862228536742
16_535,0.4113720036280956
16_536,0.4097737379625874
16_537,0.40976994437890546
16_538,0.4483565156669071
16_539,0.48523483350636115
16_540,0.4376141804780415
16_541,0.439353514008664
16_542,0.4891213888428609
16_543,0.48463932444530106
16_544,0.47513578266666456
16_545,0.4635203680442071
16_546,0.47007198245195186
16_547,0.4705785632108489
16_548,0.4708612503474873
16_549,0.4217635197399287
16_550,0.375854876355621
16_551,0.39404306525714927
16_552,0.3926539911202933
16_553,0.3319134680647572
16_554,0.2774158545123964
16_555,0.275778450212622
16_556,0.22841117935358898
16_557,0.17699071107325728
16_558,0.17674759881145288
16_559,0.17418789836417845
16_560,0.17531387075461133
16_561,0.168404525639418
16_562,0.15908411098802774
16_563,0.15114671954003828
16_564,0.20229670899254645
16_565,0.24849560972420764
16_566,0.23948178025868455
16_567,0.2910358880362491
16_568,0.3336028471787387
16_569,0.38747712235187043
16_570,0.3897412590405592
16_571,0.3855348966902498
16_572,0.37827208233188847
16_573,0.38196270334775556
16_574,0.3931051472275153
16_575,0.45144710345469685
16_576,0.510412622589199
16_577,0.5109957011102532
16_578,0.5160416540364767
16_579,0.4704376075372227
16_580,0.4296152617571848
16_581,0.4281355923999067
16_582,0.37732353853759837
16_583,0.3420559274593554
16_584,0.34395958256670106
16_585,0.3899929383095225
16_586,0.3897851361730747
16_587,0.39594598235099393
16_588,0.38778749389128925
16_589,0.43693374829534615
16_590,0.4346944051907939
16_591,0.39358523728636624
16_592,0.45353583388032737
16_593,0.5068092289460993
16_594,0.4901807682402881
16_595,0.4701821621169865
16_596,0.47547064449109144
16_597,0.4806994052290027
16_598,0.47375360819639944
16_599,0.4127958755406909
16_600,0.4141928570444036
16_601,0.4647183114335041
16_602,0.4599972738960129
16_603,0.460527396340493
16_604,0.399051257181686
16_605,0.3426567736043949
16_606,0.32523424584734023
16_607,0.27262736726213105
16_608,0.2236179805474858
16_609,0.22352988408091728
16_610,0.22453321030998474
16_611,0.20948729879318093
16_612,0.19293939913275532
16_613,0.19555864169422696
16_614,0.19908609773693112
16_615,0.13738348548198376
16_616,0.08902465591971472
16_617,0.10457377169142004
16_618,0.12103949606930119
16_619,0.13026607747395905
16_620,0.1335435344946636
16_621,0.1401657870734206
16_622,0.13885889282405658
16_623,0.13486405994125017
16_624,0.13521298934934572
16_625,0.1357168066908461
16_626,0.13640878924265318
16_627,0.19852165527036772
16_628,0.25219190498495414
16_629,0.24751234264120195
16_630,0.24602768330520822
16_631,0.24289359722173762
16_632,0.2375370454572079
16_633,0.2332702225595588
16_634,0.23342739943034616
16_635,0.22776504749651985
16_636,0.23507061109884952
16_637,0.2409699077680148
16_638,0.24379644309405388
16_639,0.2504426982157371
16_640,0.2588793741140957
16_641,0.28063751978394086
16_642,0.22416687779733122
16_643,0.16611138230187422
16_644,0.1732415216371618
16_645,0.18081056655767191
16_646,0.17336964843243663
16_647,0.15922578281928276
16_648,0.14493109051637487
16_649,0.1341002270862674
16_650,0.1337111534438194
16_651,0.1283912871289706
16_652,0.1339929086999156
16_653,0.13794475348409244
16_654,0.13490791815874228
16_655,0.13243555670756674
16_656,0.12642817099189163
16_657,0.13553181280687648
16_658,0.13974058987633628
16_659,0.13578464714646513
16_660,0.1285856792537244
16_661,0.12633532934757777
16_662,0.12804164341234436
16_663,0.12984766408225587
16_664,0.1913482947997001
16_665,0.2485538051246608
16_666,0.2470181776488109
16_667,0.24905507611232064
16_668,0.24752274222888282
16_669,0.24327996706792074
16_670,0.24489604796888675
16_671,0.24195906491499433
16_672,0.23432033327894786
16_673,0.2360092878498069
16_674,0.23803819466402387
16_675,0.24532275654924127
16_676,0.24947852401633044
16_677,0.2553113224622809
16_678,0.2694973607409303
16_679,0.269519116798055
16_680,0.2730126853543143
16_681,0.2688721719037112
16_682,0.24715792393020442
16_683,0.23389228914486956
16_684,0.2381778943571019
16_685,0.2444176104505788
16_686,0.24239936090233444
16_687,0.29669609628078913
16_688,0.3498589090136326
16_689,0.35285474018135543
16_690,0.3478460150833845
16_691,0.3540541031497243
16_692,0.35772605389571305
16_693,0.349030550391781
16_694,0.2940183542539804
16_695,0.24470179517542842
16_696,0.25547131503152276
16_697,0.26484413064580975
16_698,0.26709146152509955
16_699,0.26285240497852097
16_700,0.24700756198186208
16_701,0.24774758907325742
16_702,0.2001453186258678
16_703,0.15002089537293334
16_704,0.1538914068478935
16_705,0.16884364813047786
16_706,0.22061916065926807
16_707,0.271623406542859
16_708,0.2682411264214991
16_709,0.2648482364662293
16_710,0.25609072617041484
16_711,0.243953053097379
16_712,0.2385975076642867
16_713,0.24396413505672912
16_714,0.256041601145108
16_715,0.269039264093666
16_716,0.26978404602240363
16_717,0.269076631612101
16_718,0.2711698363217418
16_719,0.2821192898129651
16_720,0.2989284468980083
16_721,0.2996184214035724
16_722,0.2989727156618247
16_723,0.33607717733315534
16_724,0.37253958419752353
16_725,0.41024618310613586
16_726,0.4579892222181353
16_727,0.5027088790075226
16_728,0.552133484505153
16_729,0.5955401365959443
16_730,0.6403769919524055
16_731,0.6851153695658093
16_732,0.729100274915641
16_733,0.35773431305575965
16_734,0.35773431305575965
16_735,0.35773431305575965
16_736,0.35773431305575965
16_737,0.35773431305575965
16_738,0.35773431305575965
16_739,0.35773431305575965
17_0,0.35773431305575965
17_1,0.35773431305575965
17_2,0.35773431305575965
17_3,0.35773431305575965
17_4,0.35773431305575965
17_5,0.35773431305575965
17_6,0.35773431305575965
17_7,0.35773431305575965
17_8,0.3624552323110422
17_9,0.3693574536137641
17_10,0.32534117290889364
17_11,0.28053145203709673
17_12,0.2938178769183089
17_13,0.3479390670703284
17_14,0.4021682186155002
17_15,0.4620350492427307
17_16,0.522893301760355
17_17,0.5312519365632205
17_18,0.5404329950508947
17_19,0.5410349909418911
17_20,0.4855538981031983
17_21,0.4489405065285077
17_22,0.3930742142666039
17_23,0.3940620399627669
17_24,0.3868583167978483
17_25,0.37605372221935157
17_26,0.378142098506674
17_27,0.37249695947432643
17_28,0.3119105290813723
17_29,0.25282481945558605
17_30,0.197713834774287
17_31,0.15106481608680386
17_32,0.15524300397166196
17_33,0.20400232649451794
17_34,0.2603644360754617
17_35,0.25480299369471493
17_36,0.25005286993566106
17_37,0.25224098488930136
17_38,0.3082049459803601
17_40,0.36319865125800194
17_41,0.3726736277692748
17_42,0.3580833350949547
17_43,0.35297379573786364
17_44,0.35810635366397325
17_45,0.36751844729845734
17_46,0.3740597662285318
17_47,0.3591742205234532
17_48,0.3421210969229873
17_49,0.2804957379689685
17_50,0.21918970585554026
17_51,0.2186030275598472
17_52,0.21753637784512672
17_53,0.22012647589481163
17_54,0.1702403768842203
17_55,0.10853075647763258
17_56,0.1529853620368809
17_57,0.18982923039676552
17_58,0.24355362761549523
17_59,0.2448086932211012
17_60,0.24867319396785365
17_61,0.2988545476387479
17_62,0.3613368692749309
17_63,0.369955715368146
17_64,0.37456706401105994
17_65,0.37385260537219245
17_66,0.3738322761243883
17_67,0.3796993664996299
17_68,0.3771911702758969
17_69,0.37358181363859405
17_70,0.43507547879750985
17_71,0.4345823860062506
17_72,0.4151309423735915
17_73,0.4148253847596578
17_74,0.46881633373279646
17_75,0.45833178250442136
17_76,0.457012580254282
17_77,0.4558274784903309
17_78,0.45995604120871086
17_79,0.4621146004800651
17_80,0.4662319504224003
17_81,0.47192099942546534
17_82,0.4734653823888287
17_83,0.47576510954424484
17_84,0.4889952744200619
17_85,0.4332118795986739
17_87,0.38290169214976544
17_89,0.4229207617290546
17_90,0.4248961007537935
17_91,0.37729868850851445
17_92,0.38284652993781454
17_93,0.33205258764212586
17_94,0.28267666324312773
17_95,0.2845327791229881
17_97,0.28723330848457
17_98,0.29210995004163853
17_99,0.29555747411759464
17_100,0.29751348930364235
17_101,0.3034450233352829
17_102,0.2881392607396847
17_103,0.2852603350582828
17_104,0.28673335351756346
17_105,0.23626563829660133
17_106,0.18936040845335775
17_107,0.18756532061192266
17_108,0.1930889715776092
17_109,0.19276800684514306
17_110,0.1895985169330373
17_111,0.18374617559663603
17_112,0.18769791722105583
17_113,0.1985871023492343
17_114,0.2510453093609011
17_115,0.30247767092746625
17_116,0.2906973816998287
17_117,0.29199212576013134
17_118,0.3505898293994267
17_119,0.3989107121331087
17_121,0.3867709775048626
17_122,0.37719767709616175
17_123,0.3735414161065068
17_124,0.3712268693825115
17_125,0.37794526535416
17_126,0.3845313493249894
17_127,0.3839950165576576
17_128,0.3951452941128612
17_129,0.38097857647252165
17_130,0.3233593942714715
17_131,0.2729919751307932
17_132,0.2903990306796312
17_133,0.30129313188112417
17_134,0.2662339259849548
17_136,0.26663547873506654
17_137,0.3087793764198483
17_138,0.36601673518737265
17_139,0.3661255387212648
17_140,0.4136100196861227
17_141,0.45993875553927677
17_142,0.4656581459038501
17_143,0.481356595145463
17_145,0.48404001867756413
17_146,0.4960760262464179
17_147,0.49549216695963616
17_148,0.49610427878161295
17_149,0.47805620860341685
17_150,0.4719578480265367
17_151,0.45770977608841873
17_152,0.41213170077635897
17_153,0.387422247275657
17_154,0.3270346138195221
17_156,0.3806594742702354
17_157,0.3823671258951803
17_158,0.3318226027813235
17_159,0.32253159586734625
17_160,0.3597677911286596
17_161,0.39426925229929033
17_162,0.39121992762103813
17_163,0.3991887653357767
17_164,0.3925300120847533
17_165,0.3978574901676923
17_166,0.39769336909471237
17_167,0.3979318388722886
17_169,0.38893734834213245
17_170,0.4323898503745868
17_171,0.4920568573416089
17_172,0.44409490717899835
17_173,0.3919041568027017
17_174,0.3826854593460846
17_175,0.37840712010289773
17_176,0.3210081149422411
17_177,0.3193735400607077
17_178,0.3646695211632716
17_179,0.36464869172065656
17_180,0.3844334958368146
17_181,0.3993126096376626
17_182,0.4007702942594547
17_183,0.39889344227975715
17_184,0.39952981022099204
17_185,0.34999799438873136
17_186,0.35057515003379996
17_187,0.37633984434138934
17_188,0.4283182487579102
17_189,0.4424289705677439
17_190,0.4592289773580403
17_191,0.4715095932574418
17_192,0.4274523354377223
17_193,0.3824792038505999
17_194,0.38373859415380396
17_195,0.36228582953376737
17_196,0.3422544868861646
17_197,0.34725082958100967
17_198,0.35146442700459984
17_199,0.35876289076503354
17_200,0.3548712745882284
17_201,0.3085676931777633
17_202,0.28383654184298535
17_203,0.24435506806732568
17_204,0.2460827239039626
17_205,0.2451148715913618
17_206,0.24363767783432969
17_207,0.23036030441778838
17_208,0.2767577470766012
17_209,0.32483422660012085
17_210,0.3287216783094805
17_211,0.3356349377115658
17_212,0.3264709499795361
17_213,0.3155888076254067
17_214,0.31760587442396815
17_215,0.32788398072883546
17_216,0.31962073021305465
17_217,0.31051845515583915
17_218,0.29052263730488426
17_219,0.2762660413828009
17_220,0.3133409644604844
17_221,0.3593031327432025
17_222,0.36353006819144995
17_223,0.3240930047959462
17_224,0.2732205816304881
17_225,0.28372867957765885
17_226,0.28677632272455406
17_227,0.33998748830349607
17_228,0.39824742905803967
17_229,0.3877202039169721
17_230,0.37329339042601
17_231,0.3742154140762999
17_232,0.3918368368573792
17_233,0.415558215930776
17_234,0.42376189068569
17_235,0.3737495773014054
17_236,0.3318560332134224
17_237,0.38714730937899816
17_238,0.4240768878564903
17_239,0.4156711616784083
17_240,0.3998460143942703
17_241,0.38891028563446206
17_242,0.3270736352468131
17_243,0.2673173915971037
17_244,0.26260522467118697
17_245,0.2703011141566621
17_246,0.2814590039545405
17_247,0.26989863741634584
17_248,0.24785506854932496
17_249,0.24077394128070742
17_250,0.2372637091808986
17_251,0.22747273108383773
17_252,0.17252852467396002
17_253,0.12251521232340139
17_254,0.1405138372241596
17_255,0.20008535137969619
17_256,0.25741870702450753
17_257,0.2661638773543944
17_258,0.2710932415514244
17_259,0.2816505243974282
17_260,0.33064819745679774
17_261,0.3701542857520082
17_262,0.3779459696866746
17_263,0.4338073298521195
17_264,0.48927827235344057
17_265,0.5438230625662783
17_266,0.5960223345086941
17_267,0.6016132949618496
17_268,0.6071627670604812
17_269,0.6149925884119847
17_270,0.5713125299912323
17_271,0.5251635136982042
17_272,0.5359350289198079
17_273,0.5437837441710225
17_274,0.53642193580638
17_275,0.48296375803871844
17_276,0.4389482403978674
17_277,0.44355001942279587
17_278,0.39654688923445935
17_279,0.33883236178250353
17_280,0.2854023385904788
17_281,0.24674141624882892
17_282,0.2444602753331275
17_283,0.2337595472205626
17_284,0.22279250293185726
17_285,0.26684743993982646
17_286,0.31382359286216494
17_287,0.30336588490252664
17_288,0.29727481164073516
17_289,0.3121390214648664
17_290,0.36734233032397223
17_291,0.4138755039843317
17_292,0.39341013650005596
17_293,0.44149611765563407
17_294,0.499585831030979
17_295,0.5032692711231352
17_296,0.4832759767621433
17_297,0.5343392276935142
17_298,0.5891331700766123
17_299,0.5780992065726537
17_300,0.5168433118146498
17_301,0.46329007095939617
17_302,0.4610287802605157
17_303,0.45741445058623875
17_304,0.44400378297161897
17_305,0.3833112611738115
17_306,0.33272043276244306
17_307,0.3319579651363715
17_308,0.269426208717754
17_309,0.20796466424284515
17_310,0.20288240696244297
17_311,0.20711636557746174
17_312,0.16037967553101481
17_313,0.11411305145187284
17_314,0.10924413261671463
17_315,0.11006959764652852
17_316,0.10296742039395558
17_317,0.0967888359445655
17_318,0.0977172458476452
17_319,0.11339910310148907
17_320,0.12526756913923678
17_321,0.1280331984853755
17_322,0.13825805576337213
17_323,0.20019013646560327
17_324,0.26217964447727693
17_325,0.2678165926942706
17_326,0.27220652773205767
17_327,0.26139348833211995
17_328,0.2513418199278848
17_329,0.25955628126191416
17_330,0.26963863358812123
17_331,0.2797229111516762
17_332,0.28688136875866227
17_333,0.28166704590488106
17_334,0.2718898300089622
17_335,0.269274523657421
17_336,0.25640328967681403
17_337,0.2531468585694279
17_338,0.2530308330327611
17_339,0.2535247250670246
17_340,0.24964683937994564
17_341,0.24769482546490895
17_342,0.2536531626903443
17_343,0.25663848397190786
17_344,0.2616665571472906
17_345,0.27182323030935596
17_346,0.28272228353029916
17_347,0.2924351876358261
17_348,0.29978581326347115
17_349,0.30147202982496984
17_350,0.35347476656058097
17_351,0.414767341645471
17_352,0.4099353488225981
17_353,0.35984759631554086
17_354,0.3163060198088832
17_355,0.32461539750495716
17_356,0.33272039262198216
17_357,0.34181219662216156
17_358,0.34798259889736644
17_359,0.3394181043355742
17_360,0.33511978226096684
17_361,0.3259679212262741
17_362,0.3099968256271804
17_363,0.31090991087045255
17_364,0.3581842410852367
17_365,0.3564818222832756
17_366,0.306610654649395
17_367,0.3195816754621951
17_368,0.31319450272032007
17_369,0.30688925466224337
17_370,0.30182528376605117
17_371,0.29421294058078745
17_372,0.28912879432220584
17_373,0.2840509799356051
17_374,0.28714252154908587
17_375,0.27966660119636105
17_376,0.27489221287781457
17_377,0.28899742891041313
17_378,0.2873269722896709
17_379,0.24327811424021958
17_380,0.19494493597615517
17_381,0.19263689172238083
17_382,0.18976891230897097
17_383,0.20065679712563964
17_384,0.18965514325736307
17_385,0.1905139756452656
17_386,0.19176034356390578
17_387,0.17831326033011624
17_388,0.17259465045511216
17_389,0.1662772511894012
17_390,0.15841756052167266
17_391,0.1523300458442543
17_392,0.19784403544968093
17_393,0.25122939131187655
17_394,0.29562668439489725
17_395,0.34555896638717193
17_396,0.33523151465766926
17_397,0.31976095153746037
17_398,0.3126840841113909
17_399,0.3191737289306998
17_400,0.3124539651566251
17_401,0.3178939161073631
17_402,0.3313276787416789
17_403,0.33158251647098963
17_404,0.3308539920946464
17_405,0.390581535574687
17_406,0.45100671350784
17_407,0.4511143342061711
17_408,0.451488833626081
17_409,0.39803603936298787
17_410,0.3488920195773746
17_411,0.3660510184665696
17_412,0.39252117862013536
17_413,0.39052387472229927
17_414,0.39266891312473545
17_415,0.4036870889071061
17_416,0.4040821892497162
17_417,0.40516547302520656
17_418,0.4209814542638961
17_419,0.30885496499896764
17_420,0.30885496499896764
17_421,0.30885496499896764
17_422,0.30885496499896764
17_423,0.30885496499896764
17_424,0.30885496499896764
17_425,0.30885496499896764
18_0,0.30885496499896764
18_1,0.30885496499896764
18_2,0.30885496499896764
18_3,0.30885496499896764
18_4,0.30885496499896764
18_5,0.30885496499896764
18_6,0.30885496499896764
18_7,0.30885496499896764
18_8,0.3298551053890724
18_9,0.3318828686503181
18_10,0.3236757771930055
18_11,0.3026231818933785
18_12,0.2818203266349905
18_13,0.2689971459189966
18_14,0.24830615956339963
18_15,0.2249619784834174
18_16,0.21117098269516926
18_17,0.20430947612604902
18_18,0.19228384685207908
18_19,0.1838612830349817
18_20,0.1832478737763811
18_21,0.19001067781343453
18_22,0.23807168693549938
18_23,0.27606281943303496
18_24,0.31705720083581357
18_25,0.3740936302732724
18_26,0.3883336032142095
18_27,0.386019681671065
18_28,0.38445328579327975
18_29,0.39519380736393206
18_30,0.40642576391016355
18_31,0.4168522206541254
18_32,0.41407184928664426
18_33,0.41119302715600675
18_34,0.42266290709430976
18_35,0.4257730731152741
18_36,0.4108288503162968
18_37,0.3561466876145828
18_38,0.30940264369802856
18_39,0.2599150070227047
18_40,0.2018299453446299
18_41,0.18542574860045918
18_42,0.23986550986833824
18_43,0.2956824681817262
18_44,0.30598574668140227
18_45,0.3081924321426159
18_46,0.3112415481223982
18_47,0.3190462960371122
18_48,0.3211818356706896
18_49,0.30680470335404475
18_50,0.3001062327420865
18_51,0.30441752364931846
18_52,0.30453143876372085
18_53,0.2942456749016689
18_54,0.28827340597676837
18_55,0.28792715362557375
18_56,0.2938276944563444
18_57,0.2935516962568239
18_58,0.2929313992649764
18_59,0.280833744116395
18_60,0.28243647285470763
18_61,0.27234888879640934
18_62,0.2562492767832075
18_63,0.3028317811701012
18_64,0.35383784170534277
18_65,0.34785521311924433
18_66,0.34911007786877296
18_67,0.34876323906942663
18_68,0.3476858379241731
18_69,0.351025988838075
18_70,0.35846921987215485
18_71,0.35535624065911003
18_72,0.3558408759123103
18_73,0.35504780273403524
18_74,0.4043162451734864
18_75,0.4484317897535824
18_76,0.46240019360504553
18_77,0.4761620293580707
18_78,0.43933957737090296
18_79,0.3995268332439833
18_80,0.41929160754574357
18_81,0.47252630090911424
18_82,0.5268666954580002
18_84,0.5414833443143909
18_85,0.5940861941029819
18_86,0.644093094607189
18_87,0.6548994684570613
18_88,0.6082451934052038
18_89,0.5700607830047323
18_90,0.5723554883705297
18_91,0.5725229960716073
18_92,0.5671992863100258
18_93,0.564284674562134
18_94,0.5496290533693873
18_95,0.5394528326871479
18_96,0.5304969202020178
18_97,0.47822772918512946
18_98,0.429453761219583
18_99,0.4323724993029145
18_100,0.39426893658670265
18_101,0.3505429531633377
18_102,0.35431303865041447
18_103,0.3511870862946869
18_104,0.3363123802723258
18_105,0.280718257471594
18_106,0.22751015377985498
18_107,0.21841804852345517
18_108,0.21329574251512431
18_109,0.21559798621516432
18_110,0.225695299990393
18_111,0.24711686248350753
18_112,0.25213234275176677
18_113,0.3017988324269731
18_114,0.343476154584519
18_115,0.3461322312539343
18_116,0.3293488182131044
18_117,0.31268202834778686
18_118,0.30262686024319846
18_119,0.29965789595597875
18_120,0.2930945879291607
18_121,0.2855577324211554
18_123,0.28451086779625984
18_124,0.33830372120691155
18_125,0.38797811740594845
18_126,0.3705210170456239
18_128,0.33579186289466534
18_129,0.3217900256123104
18_130,0.2707038506380462
18_131,0.21546929039172472
18_132,0.190564499293116
18_133,0.19651896427434049
18_135,0.21126806120232627
18_136,0.22532693105233956
18_137,0.22086904601607396
18_138,0.22716131829196892
18_139,0.24576241743587798
18_140,0.25816731707691626
18_142,0.21610986014591066
18_143,0.21608750175570107
18_144,0.2722577698349796
18_145,0.33103226405979774
18_146,0.39148726572538256
18_147,0.3922276391249094
18_148,0.400094617975707
18_149,0.40519160053678366
18_150,0.41662232753641854
18_151,0.40451278522428474
18_153,0.4007888188298232
18_154,0.4166939844713536
18_155,0.42584963918568103
18_156,0.4230005980575476
18_157,0.4194045281860635
18_159,0.40847996795873903
18_160,0.35078071034559427
18_161,0.3511330791936332
18_162,0.3542258158782433
18_163,0.2951043182317556
18_165,0.29507005815137965
18_166,0.2899045632322365
18_167,0.2829513217342169
18_168,0.2729637266033914
18_169,0.27415614278980943
18_171,0.26262614395389366
18_172,0.2471204591444098
18_173,0.24274747215032227
18_174,0.28745711705597604
18_175,0.33825593033204615
18_176,0.34133321688222823
18_177,0.33948242564163306
18_178,0.28352912616143994
18_179,0.2278373478668647
18_180,0.23488440051913376
18_181,0.23148879940254707
18_182,0.22952232008197762
18_183,0.2910145457410321
18_184,0.3452772173115636
18_185,0.35208778880557035
18_186,0.3580962823155392
18_187,0.3602555841548468
18_188,0.3556693198975899
18_189,0.3010343186485655
18_190,0.24557185378996887
18_191,0.2548773034953688
18_192,0.26034918665959916
18_193,0.31439193245879443
18_194,0.3707699311963805
18_195,0.3703752880698859
18_196,0.36896965291759826
18_197,0.36313995333222066
18_199,0.30658808549404737
18_200,0.26100461411257275
18_201,0.2621262310894713
18_202,0.26397288371544825
18_203,0.26164751950312565
18_204,0.25742053357147543
18_206,0.2514740192749589
18_207,0.30545172263204184
18_208,0.34634811920277314
18_209,0.34913683234930126
18_210,0.3002981399211478
18_211,0.24595492304933597
18_212,0.23719373407103553
18_213,0.23479431557629485
18_214,0.23581382306802132
18_215,0.2373284514003099
18_216,0.22262312992487274
18_217,0.2174133617319048
18_218,0.22345182868079208
18_219,0.23466927401492166
18_220,0.23721668901359966
18_221,0.25814406354640196
18_223,0.20987540597949225
18_224,0.16317947142878156
18_225,0.21426713221610663
18_226,0.2654179070557438
18_227,0.29144158058609954
18_228,0.3095335253594353
18_231,0.3111536031414651
18_232,0.36871609740711464
18_233,0.424361207919983
18_234,0.4350918821293627
18_235,0.4288251262525358
18_237,0.4171532519986763
18_239,0.40633378450634694
18_240,0.4135347056507546
18_241,0.4090668568786121
18_242,0.4103550602236932
18_243,0.41432439912231417
18_244,0.36902653511007993
18_245,0.326787117863479
18_246,0.30611487253357583
18_247,0.29355443380600266
18_249,0.3021214655493583
18_250,0.25240685590596834
18_251,0.19983387800559974
18_252,0.1971764419705831
18_253,0.2067892197273259
18_255,0.22124804376133664
18_256,0.2289944093094853
18_257,0.21979207751809055
18_258,0.2045159447083467
18_259,0.20082098151932087
18_260,0.18998781302173254
18_261,0.1820457721509134
18_262,0.16772810382521752
18_263,0.16201646935046785
18_264,0.1694148091799192
18_265,0.1642962218257952
18_266,0.15745260330691419
18_267,0.15124581970933187
18_268,0.1534584507796021
18_269,0.15465873746153871
18_270,0.1409986885083915
18_271,0.13475844899655337
18_272,0.1484496795177092
18_273,0.16284333030655937
18_274,0.15834265801046404
18_275,0.15695541938821778
18_276,0.1565773799624982
18_277,0.15253163110297976
18_278,0.14783762334702993
18_279,0.197619248238372
18_280,0.2515192180849742
18_281,0.26039712196939513
18_282,0.3192508509114498
18_283,0.36990539665203953
18_284,0.4185898353884578
18_285,0.4777581265991302
18_286,0.5728375590275167
18_287,0.5728375590275167
18_288,0.5728375590275167
18_289,0.5728375590275167
18_291,0.5728375590275167
18_292,0.5728375590275167
18_293,0.5728375590275167
19_0,0.5728375590275167
19_1,0.5728375590275167
19_2,0.5728375590275167
19_3,0.5728375590275167
19_4,0.5728375590275167
19_5,0.5728375590275167
19_6,0.5728375590275167
19_7,0.5728375590275167
19_8,0.5469709187827468
19_9,0.5184556340491738
19_10,0.475745067603783
19_11,0.4673288432281769
19_12,0.45393829030098065
19_13,0.4519483148701426
19_14,0.4486221472922597
19_15,0.4445952279227831
19_16,0.4395093791080623
19_17,0.3896839302665317
19_18,0.34136237059477825
19_19,0.2871998264407531
19_20,0.23676127963759877
19_21,0.23309222988394834
19_22,0.22895879670512154
19_23,0.23306920494067979
19_24,0.25191156196445624
19_25,0.2484591128017893
19_26,0.24317158905735814
19_27,0.24685659988181577
19_28,0.24201753939005638
19_29,0.28844856304439687
19_30,0.3353226550744889
19_32,0.38569710178725575
19_33,0.4359306762000132
19_34,0.4313640265853627
19_35,0.43237288595579554
19_36,0.43223102092846477
19_37,0.44814528374079443
19_38,0.4936951440431414
19_39,0.5350574562628391
19_40,0.5169463217722439
19_41,0.5332273758330505
19_42,0.5430924148676299
19_43,0.5924003280323775
19_45,0.6457991866351677
19_46,0.5970604771136095
19_47,0.5489410370690732
19_48,0.5061543565246268
19_50,0.4654851463685866
19_51,0.4698134372184876
19_52,0.47329694713595977
19_53,0.4780442340990088
19_54,0.4655862505009719
19_55,0.4202475036990796
19_56,0.38800601778295013
19_57,0.38519127828302285
19_58,0.36679494545168173
19_59,0.3597172897291113
19_60,0.3157546397420289
19_61,0.2733234382094044
19_62,0.29459897419275977
19_64,0.3434146499728169
19_65,0.38718118122071216
19_66,0.39412606934074934
19_67,0.40775930577849595
19_68,0.4232922529823479
19_69,0.4306209586341832
19_71,0.433391270676858
19_72,0.44490086524765293
19_73,0.43755536543754736
19_74,0.44102109799193706
19_75,0.4503381658243761
19_76,0.4605894834359822
19_77,0.46933166651160146
19_78,0.4724862276653741
19_80,0.4606404855685688
19_81,0.4229123028857353
19_82,0.39320570444641223
19_83,0.39206849314026404
19_84,0.3884925035137899
19_85,0.3774690213668038
19_86,0.3793411443544337
19_87,0.3759091413339413
19_88,0.3651580192886892
19_90,0.37616615698173195
19_91,0.3732300450386182
19_92,0.37055409901099207
19_93,0.36787689630235454
19_95,0.36591681102659435
19_96,0.3747579223252439
19_97,0.38167299926706105
19_99,0.3991310743891312
19_100,0.387875726089196
19_101,0.3773377026759081
19_102,0.3722526048358128
19_103,0.3790564756656107
19_104,0.41529538054739285
19_105,0.4601369602750192
19_107,0.4647831622571657
19_108,0.45510192757093326
19_109,0.4610914220357721
19_110,0.5049457770640388
19_111,0.5447829202510797
19_112,0.5419563050757122
19_113,0.5407200292634301
19_114,0.5470137363030487
19_115,0.5263353207123943
19_116,0.5250164549903875
19_117,0.5305880225917864
19_118,0.5323804748740723
19_119,0.5718457247089629
19_120,0.5711708693886389
19_122,0.5353299391369463
19_123,0.5511650004927445
19_124,0.5554560324583251
19_125,0.5634944212621621
19_126,0.5334265210701078
19_127,0.5056805744362535
19_128,0.5116698924020834
19_129,0.5067459380446235
19_131,0.4884465761894712
19_132,0.4842530135485471
19_133,0.48189511393931866
19_134,0.4830212867102961
19_135,0.49072101750017955
19_136,0.45842997135064706
19_137,0.4306938542045808
19_138,0.4379788760570077
19_139,0.4301499833830824
19_140,0.42187992889234077
19_141,0.4138751920863982
19_142,0.44236369302726203
19_143,0.471765720218376
19_144,0.4704915504928635
19_145,0.47136201234420133
19_146,0.4790335791387011
19_147,0.4871695798318055
19_148,0.5140887411308445
19_150,0.527089221559239
19_151,0.529076253674442
19_152,0.5332909541933046
19_153,0.5624188967160805
19_154,0.5923263140064622
19_155,0.5887410199872202
19_157,0.5966189926356217
19_158,0.636562192546325
19_159,0.6380314957112241
19_160,0.6066711012454064
19_161,0.6109000096278019
19_162,0.6159215207583115
19_163,0.6233411135358697
19_164,0.627677624852749
19_165,0.6039418484086255
19_167,0.5902467059272765
19_168,0.5853650685012783
19_169,0.5771438371109296
19_170,0.5413334857490113
19_171,0.5034093754185334
19_172,0.5049964673898064
19_173,0.501330698089114
19_174,0.4646767717543758
19_175,0.42674267435166097
19_176,0.4176036285851243
19_177,0.41624947359035747
19_178,0.4095738584302806
19_179,0.3997328506878057
19_180,0.39260958994334333
19_181,0.399785019766263
19_182,0.3969124541683006
19_183,0.4367674390635985
19_184,0.47536106840492265
19_185,0.4790319956819093
19_186,0.47716238526662286
19_187,0.4698844107111658
19_188,0.4852700524057911
19_189,0.5207442902525499
19_190,0.5590494044739196
19_191,0.59695330388633
19_192,0.629491068426748
19_193,0.6268139614279072
19_194,0.6268838454186856
19_196,0.6262606540061652
19_197,0.6184112567535588
19_198,0.6225060887571328
19_199,0.5792114306177485
19_200,0.575236117070794
19_201,0.6075176106566006
19_202,0.6187104048822342
19_203,0.6266991498403454
19_204,0.6131330713380283
19_205,0.5831980190577359
19_206,0.5479362299431334
19_207,0.5215635706832736
19_208,0.4883959336153525
19_209,0.4913807622034479
19_210,0.5093282461746074
19_211,0.5337944869605045
19_212,0.5270188293152761
19_213,0.5274800618376672
19_214,0.5267852132005804
19_215,0.493968837632122
19_216,0.4678874518216547
19_218,0.4577668811572125
19_220,0.455263715056871
19_221,0.45838099689457146
19_222,0.4538844124428355
19_223,0.487821419014416
19_224,0.5183713759116976
19_226,0.5155799155174497
19_227,0.512793138368626
19_228,0.499575805376502
19_229,0.4776519651619378
19_230,0.482999503304825
19_231,0.48138844358338084
19_232,0.4856838480617534
19_233,0.4855504302245565
19_234,0.5093809271392712
19_235,0.5487080144948279
19_236,0.5628407174872092
19_237,0.57577362457355
19_238,0.5877489923998893
19_239,0.5621920897826276
19_240,0.5380970803293372
19_241,0.3958397682608409
19_242,0.3958397682608409
19_243,0.3958397682608409
19_244,0.3958397682608409
19_245,0.3958397682608409
19_246,0.3958397682608409
19_247,0.3958397682608409
20_0,0.23231664583956826
20_1,0.23231664583956826
20_2,0.23231664583956826
20_3,0.23231664583956826
20_4,0.23231664583956826
20_5,0.23231664583956826
20_6,0.23231664583956826
20_7,0.23231664583956826
20_8,0.24286523007676442
20_9,0.24142743550199328
20_10,0.24125670390830442
20_11,0.2507060852420319
20_12,0.25512438099169954
20_13,0.24565307379940754
20_14,0.23652454381697663
20_15,0.231984088788552
20_16,0.22391160891806164
20_17,0.21197096031984308
20_18,0.24777653886921752
20_19,0.2883457914649031
20_20,0.2838448322991694
20_21,0.3278785668780231
20_22,0.37293522318175076
20_23,0.42375619103282774
20_24,0.46889630769002755
20_25,0.5098478524250825
20_26,0.5359240423062642
20_27,0.5838543037957425
20_28,0.5867065729347166
20_29,0.5987631153085768
20_30,0.6197517148653995
20_31,0.6754838819695672
20_32,0.7307480432926965
20_33,0.6789289457482555
20_34,0.6275105361828935
20_35,0.6328750439817955
20_36,0.579111955653157
20_37,0.5246249667090456
20_38,0.5251263601985493
20_39,0.5267982939285037
20_40,0.47343382576777365
20_41,0.4357303905353508
20_42,0.3851036664264383
20_43,0.37865037862182566
20_44,0.374863313955256
20_45,0.3726706501934665
20_46,0.32425703930515687
20_47,0.2723312041943095
20_48,0.28068423806954473
20_49,0.286152245176542
20_50,0.2819662244236523
20_51,0.2837938955415801
20_52,0.2890718219919805
20_53,0.24129678363458332
20_54,0.18686338807727823
20_55,0.2419086266016837
20_56,0.29733519892093946
20_57,0.3094207188060077
20_58,0.3333523053995456
20_59,0.3828673517592891
20_60,0.42212124328239764
20_61,0.4694658435950444
20_62,0.5198389425168949
20_63,0.5642405394977738
20_64,0.6125378714053193
20_65,0.6598911309881085
20_66,0.6930013062076338
20_67,0.7434406077071966
20_68,0.7911273177443625
20_69,0.7997399578412718
20_70,0.8008722243126141
20_71,0.8008409225731301
20_72,0.7981816394694424
20_73,0.80371020196741
20_74,0.7705788049654066
20_75,0.7444587762168486
20_76,0.7220379777403215
20_77,0.6955784646799112
20_78,0.6716744422802841
20_79,0.6597087977116378
20_80,0.6603030092051533
20_81,0.6724464947580948
20_82,0.6688253199620581
20_83,0.6629779048538869
20_84,0.7083522306169644
20_85,0.698221330073964
20_86,0.6964111605258007
20_87,0.7332742543043707
20_88,0.7518578316715218
20_89,0.7768899103965167
20_90,0.8020863316243912
20_91,0.8244473638339289
20_92,0.8452122980248272
20_93,0.8614894812337595
20_94,0.8599768020544214
20_95,0.8557137625451776
20_96,0.8503454959587727
20_97,0.8532442773548161
20_98,0.8570234438062836
20_99,0.8497092937908712
20_100,0.8590987990225364
20_101,0.8598455338746016
20_102,0.8527718806343877
20_103,0.8435746749034216
20_104,0.8398750468635562
20_105,0.8281103217656032
20_106,0.8111009634635715
20_107,0.7999799057025397
20_108,0.7775215849881234
20_109,0.7624230805074662
20_110,0.733962019176775
20_111,0.7089230605580971
20_112,0.7090080605582574
20_113,0.7115836943177538
20_114,0.6767256327415916
20_115,0.6304211897122584
20_116,0.5933614866806989
20_117,0.5763671061540339
20_118,0.5461665025885817
20_119,0.5094676005540264
20_120,0.4737800855302415
20_121,0.4434346183171363
20_122,0.4154604662953757
20_123,0.394159969754677
20_124,0.3738645059413088
20_125,0.37251225696452644
20_126,0.3752525773167529
20_127,0.3410121084357805
20_128,0.2991697416358324
20_129,0.30405477334317343
20_130,0.30945520060633264
20_131,0.3100503873852867
20_132,0.2940683566683617
20_133,0.28935654065114014
20_134,0.2955452390538154
20_135,0.3419871680363997
20_136,0.3894511565035443
20_137,0.3839984575842526
20_138,0.38529452473667664
20_139,0.3908517290967873
20_140,0.4322489566132849
20_141,0.46611959785848517
20_142,0.4697572320064477
20_143,0.4716117815653926
20_144,0.5102037075805537
20_145,0.5518764946366898
20_146,0.5374211589654829
20_147,0.5318964561090734
20_148,0.5273952814449951
20_149,0.5151777224223587
20_150,0.45746505503830975
20_151,0.40520210540660134
20_152,0.40571543224022527
20_153,0.40820446842944674
20_154,0.40179585887401537
20_155,0.3653114325110363
20_156,0.3291108483547673
20_157,0.3161538130916449
20_158,0.30800477810493554
20_159,0.3076219656828087
20_160,0.3061578253886103
20_161,0.30754392703149536
20_162,0.3579315435768681
20_163,0.41136846806730853
20_164,0.4654712884987409
20_165,0.5253049405250348
20_166,0.5400576482368279
20_167,0.5498058151041003
20_168,0.5449013038754151
20_169,0.5380537943314773
20_170,0.5249507799281611
20_171,0.5172692931643573
20_172,0.5608215240243325
20_173,0.6090093148983103
20_174,0.6094750601197448
20_175,0.6083864672028726
20_176,0.6082540326848492
20_177,0.5491550668448544
20_178,0.5000801495168116
20_179,0.4527863983526554
20_180,0.45291121887626945
20_181,0.4904803974982314
20_182,0.4858957615534382
20_183,0.47788948984500285
20_184,0.4751109978803046
20_185,0.4712933241118224
20_186,0.48219721943189103
20_187,0.4410361249498735
20_188,0.3861072607207916
20_189,0.33265404065506526
20_190,0.2829044411974176
20_191,0.2788804330579683
20_192,0.28742852626130566
20_193,0.29258650694111954
20_194,0.2940097050172509
20_195,0.2476191317907267
20_196,0.2098427956071216
20_197,0.21411409710938348
20_198,0.23010406227580887
20_199,0.2519607280112443
20_200,0.2672992614727349
20_201,0.2534445774238089
20_202,0.2560279824614546
20_203,0.2633593596915396
20_204,0.2698409499679677
20_205,0.2751949440590276
20_206,0.2884628029818537
20_207,0.3015311299141302
20_208,0.29993621662893
20_209,0.30960888212061116
20_210,0.317893272462271
20_211,0.3231436986274885
20_212,0.34195486001131503
20_213,0.3681680849711396
20_214,0.3833326419274542
20_215,0.401704379847942
20_216,0.42288217800797234
20_217,0.41683763961476467
20_218,0.4151733457912934
20_219,0.4117816594810054
20_220,0.40168340165237076
20_221,0.3853465704754788
20_222,0.3736015974018239
20_223,0.37472704215714014
20_224,0.3578490377835811
20_225,0.34687642589102097
20_226,0.3333298631563091
20_227,0.3124043882886893
20_228,0.2918091419079553
20_229,0.2754911228029703
20_230,0.26032130742510395
20_231,0.2521215852821665
20_232,0.26762721606438494
20_233,0.2817173976322091
20_234,0.3321257907214094
20_235,0.3879716695175907
20_236,0.4114697086213986
20_237,0.4255967241064569
20_238,0.4730202190564663
20_239,0.5246563533681964
20_240,0.5388139415376292
20_241,0.537252158872397
20_242,0.5390635468811078
20_243,0.5370771938799176
20_244,0.5345529347051594
20_245,0.5320414146021659
20_246,0.5237669515131045
20_247,0.5107382345002426
20_248,0.5447780057359407
20_249,0.5437479805945091
20_250,0.49719973232813097
20_251,0.4801365167944557
20_252,0.47103986169563694
20_253,0.4300630166301943
20_254,0.4324988173071642
20_255,0.4648602472210815
20_256,0.4645263648458474
20_257,0.46277851366578127
20_258,0.45641059683141755
20_259,0.4420062825984896
20_260,0.42833201814050964
20_261,0.4211239650434509
20_262,0.4080902454909247
20_263,0.3547129227902823
20_264,0.30727192677675347
20_265,0.35422894241931907
20_266,0.3929067714625335
20_267,0.3929067714625335
20_268,0.3929067714625335
20_269,0.3929067714625335
20_270,0.3929067714625335
20_271,0.3929067714625335
20_272,0.3929067714625335
21_0,0.3929067714625335
21_1,0.3929067714625335
21_2,0.3929067714625335
21_3,0.3929067714625335
21_4,0.3929067714625335
21_5,0.3929067714625335
21_6,0.3929067714625335
21_7,0.3929067714625335
21_8,0.4281061506346855
21_9,0.44037507340062637
21_10,0.4646727733862773
21_11,0.4981804115511196
21_12,0.5284555794890361
21_13,0.5575022060364945
21_14,0.5898014600886495
21_15,0.6111287366906829
21_16,0.6334515812997078
21_17,0.6548249855161873
21_18,0.6672853465570412
21_19,0.6473980638513183
21_20,0.6269124807560813
21_21,0.6385522811303005
21_22,0.6406414180428732
21_23,0.6460611598164171
21_24,0.6785121692036379
21_25,0.6997362007977829
21_26,0.7211016594933825
21_27,0.7131632882030421
21_28,0.700438751371785
21_29,0.6843478400254072
21_30,0.6795905739205688
21_31,0.6753034466066564
21_32,0.6742169098733708
21_33,0.6778488269216069
21_34,0.6719078041594008
21_35,0.6603795416562452
21_36,0.6540869872035913
21_37,0.6522768789140307
21_38,0.6471967583889519
21_39,0.6247089301930361
21_40,0.6076113688716274
21_41,0.5838995580019158
21_42,0.5924333658953597
21_43,0.6077070287511024
21_44,0.624085740677282
21_45,0.6253644501080995
21_46,0.6257667160677134
21_47,0.6272320946628827
21_48,0.6280231243852242
21_49,0.6554787957754021
21_50,0.6868497462322622
21_51,0.6958822061875551
21_52,0.6968752996109783
21_53,0.6948828967389639
21_54,0.6864523322046605
21_55,0.6864571352528925
21_56,0.683368742564298
21_57,0.6781296718064076
21_58,0.6696733075890041
21_59,0.6658848634205051
21_60,0.6472979352948335
21_61,0.6199653183133004
21_62,0.5870412571441505
21_63,0.5534880938958398
21_64,0.5538759919078926
21_65,0.5537903247520283
21_66,0.5221717020733458
21_67,0.49220112569707924
21_68,0.47062818287865515
21_69,0.22855098247907266
21_70,0.22855098247907266
21_71,0.22855098247907266
21_72,0.22855098247907266
21_73,0.22855098247907266
21_74,0.22855098247907266
21_75,0.22855098247907266
